© Die Bundeswahlleiterin, Wiesbaden 2025;;;;;;;;;;;;;;;;;;;;;;;;;;;;;;;;;;;;;;;;;;;;;;;;;;;;;;;;;;;;;;;;;;;;;;;;;;;
;;;;;;;;;;;;;;;;;;;;;;;;;;;;;;;;;;;;;;;;;;;;;;;;;;;;;;;;;;;;;;;;;;;;;;;;;;;
Zweitstimmen der Urnen- und Briefwählenden seit 1957;;;;;;;;;;;;;;;;;;;;;;;;;;;;;;;;;;;;;;;;;;;;;;;;;;;;;;;;;;;;;;;;;;;;;;;;;;;
;;;;;;;;;;;;;;;;;;;;;;;;;;;;;;;;;;;;;;;;;;;;;;;;;;;;;;;;;;;;;;;;;;;;;;;;;;;
Land;Wahlbezirksart;Jahr der Wahl;Wählende;ungültige;ungültige;gültige;CDU, CSU;CDU, CSU;SPD;SPD;AfD;AfD;FDP;FDP;DIE LINKE;DIE LINKE;GRÜNE;GRÜNE;Sonstige;Sonstige;;;;;;;;;;;;;;;;;;;;;;;;;;;;;;;;;;;;;;;;;;;;;;;;;;;;;;;
;;;Anzahl;Anzahl;%;Anzahl;Anzahl;%;Anzahl;%;Anzahl;%;Anzahl;%;Anzahl;%;Anzahl;%;Anzahl;%;;;;;;;;;;;;;;;;;;;;;;;;;;;;;;;;;;;;;;;;;;;;;;;;;;;;;;;
SH;Urne;1957;1.301.543;53.138;4,1;1.248.405;594.576;47,6;391.213;31,3;X;X;68.665;5,5;X;X;X;X;193.951;15,5;;;;;;;;;;;;;;;;;;;;;;;;;;;;;;;;;;;;;;;;;;;;;;;;;;;;;;;
SH;Urne;1961;1.348.483;66.697;4,9;1.281.786;530.813;41,4;473.507;36,9;X;X;174.126;13,6;X;X;X;X;103.340;8,1;;;;;;;;;;;;;;;;;;;;;;;;;;;;;;;;;;;;;;;;;;;;;;;;;;;;;;;
SH;Urne;1965;1.346.143;31.550;2,3;1.314.593;629.044;47,9;516.907;39,3;X;X;121.669;9,3;X;X;X;X;46.973;3,6;;;;;;;;;;;;;;;;;;;;;;;;;;;;;;;;;;;;;;;;;;;;;;;;;;;;;;;
SH;Urne;1969;1.368.634;16.374;1,2;1.352.260;623.538;46,1;592.494;43,8;X;X;67.726;5;X;X;X;X;68.502;5,1;;;;;;;;;;;;;;;;;;;;;;;;;;;;;;;;;;;;;;;;;;;;;;;;;;;;;;;
SH;Urne;1972;1.547.342;10.250;0,7;1.537.092;644.333;41,9;753.572;49;X;X;127.227;8,3;X;X;X;X;11.960;0,8;;;;;;;;;;;;;;;;;;;;;;;;;;;;;;;;;;;;;;;;;;;;;;;;;;;;;;;
SH;Urne;1976;1.496.291;7.342;0,5;1.488.949;646.843;43,4;704.391;47,3;X;X;127.846;8,6;X;X;X;X;9.869;0,7;;;;;;;;;;;;;;;;;;;;;;;;;;;;;;;;;;;;;;;;;;;;;;;;;;;;;;;
SH;Urne;1980;1.515.114;11.851;0,8;1.503.263;575.531;38,3;712.584;47,4;X;X;191.163;12,7;X;X;18.691;1,2;5.294;0,4;;;;;;;;;;;;;;;;;;;;;;;;;;;;;;;;;;;;;;;;;;;;;;;;;;;;;;;
SH;Urne;1983;1.592.504;12.408;0,8;1.580.096;729.083;46,1;671.061;42,5;X;X;97.900;6,2;X;X;76.639;4,9;5.413;0,3;;;;;;;;;;;;;;;;;;;;;;;;;;;;;;;;;;;;;;;;;;;;;;;;;;;;;;;
SH;Urne;1987;1.555.284;13.925;0,9;1.541.359;638.036;41,4;630.744;40,9;X;X;142.064;9,2;X;X;117.476;7,6;13.039;0,8;;;;;;;;;;;;;;;;;;;;;;;;;;;;;;;;;;;;;;;;;;;;;;;;;;;;;;;
SH;Urne;1990;1.491.668;14.148;0,9;1.477.520;637.971;43,2;577.773;39,1;X;X;167.404;11,3;4.637;0,3;56.811;3,8;32.924;2,2;;;;;;;;;;;;;;;;;;;;;;;;;;;;;;;;;;;;;;;;;;;;;;;;;;;;;;;
SH;Urne;1994;1.455.137;14.543;1;1.440.594;592.104;41,1;589.040;40,9;X;X;102.194;7,1;15.591;1,1;112.155;7,8;29.510;2;;;;;;;;;;;;;;;;;;;;;;;;;;;;;;;;;;;;;;;;;;;;;;;;;;;;;;;
SH;Urne;1998;1.510.618;21.946;1,5;1.488.672;522.517;35,1;693.743;46,6;X;X;107.458;7,2;21.662;1,5;93.452;6,3;49.840;3,3;;;;;;;;;;;;;;;;;;;;;;;;;;;;;;;;;;;;;;;;;;;;;;;;;;;;;;;
SH;Urne;2002;1.495.954;16.702;1,1;1.479.252;525.203;35,5;644.866;43,6;X;X;116.013;7,8;19.193;1,3;138.625;9,4;35.352;2,4;;;;;;;;;;;;;;;;;;;;;;;;;;;;;;;;;;;;;;;;;;;;;;;;;;;;;;;
SH;Urne;2005;1.478.040;22.005;1,5;1.456.035;515.269;35,4;564.829;38,8;X;X;148.856;10,2;67.282;4,6;124.897;8,6;34.902;2,4;;;;;;;;;;;;;;;;;;;;;;;;;;;;;;;;;;;;;;;;;;;;;;;;;;;;;;;
SH;Urne;2009;1.391.857;31.710;2,3;1.360.147;429.263;31,6;372.971;27,4;X;X;219.073;16,1;110.052;8,1;169.806;12,5;58.982;4,3;;;;;;;;;;;;;;;;;;;;;;;;;;;;;;;;;;;;;;;;;;;;;;;;;;;;;;;
SH;Urne;2013;1.351.644;15.442;1,1;1.336.202;521.614;39;429.274;32,1;62.931;4,7;68.743;5,1;72.744;5,4;120.292;9;60.604;4,5;;;;;;;;;;;;;;;;;;;;;;;;;;;;;;;;;;;;;;;;;;;;;;;;;;;;;;;
SH;Urne;2017;1.347.431;11.834;0,9;1.335.597;443.656;33,2;318.838;23,9;115.736;8,7;163.398;12,2;100.501;7,5;157.338;11,8;36.130;2,7;;;;;;;;;;;;;;;;;;;;;;;;;;;;;;;;;;;;;;;;;;;;;;;;;;;;;;;
SH;Urne;2021;1.187.427;10.675;0,9;1.176.752;258.708;22;333.558;28,3;92.251;7,8;146.459;12,4;43.620;3,7;196.665;16,7;105.491;9;;;;;;;;;;;;;;;;;;;;;;;;;;;;;;;;;;;;;;;;;;;;;;;;;;;;;;;
SH;Urne;2025;1.345.706;8.219;0,6;1.337.487;355.584;26,6;245.706;18,4;252.335;18,9;63.957;4,8;109.229;8,2;179.836;13,4;130.840;9,8;;;;;;;;;;;;;;;;;;;;;;;;;;;;;;;;;;;;;;;;;;;;;;;;;;;;;;;
MV;Urne;1990;985.449;17.711;1,8;967.738;400.071;41,3;258.275;26,7;X;X;88.283;9,1;136.354;14,1;55.903;5,8;28.852;3;;;;;;;;;;;;;;;;;;;;;;;;;;;;;;;;;;;;;;;;;;;;;;;;;;;;;;;
MV;Urne;1994;921.476;21.236;2,3;900.240;349.390;38,8;262.514;29,2;X;X;30.294;3,4;208.803;23,2;30.211;3,4;19.028;2,1;;;;;;;;;;;;;;;;;;;;;;;;;;;;;;;;;;;;;;;;;;;;;;;;;;;;;;;
MV;Urne;1998;1.024.102;27.402;2,7;996.700;291.913;29,3;355.430;35,7;X;X;21.269;2,1;233.681;23,4;27.190;2,7;67.217;6,7;;;;;;;;;;;;;;;;;;;;;;;;;;;;;;;;;;;;;;;;;;;;;;;;;;;;;;;
MV;Urne;2002;885.160;22.135;2,5;863.025;262.990;30,5;361.180;41,9;X;X;46.612;5,4;138.922;16,1;28.304;3,3;25.017;2,9;;;;;;;;;;;;;;;;;;;;;;;;;;;;;;;;;;;;;;;;;;;;;;;;;;;;;;;
MV;Urne;2005;889.183;18.050;2;871.133;257.286;29,5;275.364;31,6;X;X;55.242;6,3;206.727;23,7;33.064;3,8;43.450;5;;;;;;;;;;;;;;;;;;;;;;;;;;;;;;;;;;;;;;;;;;;;;;;;;;;;;;;
MV;Urne;2009;746.558;13.778;1,8;732.780;239.768;32,7;121.972;16,6;X;X;73.230;10;214.495;29,3;37.442;5,1;45.873;6,3;;;;;;;;;;;;;;;;;;;;;;;;;;;;;;;;;;;;;;;;;;;;;;;;;;;;;;;
MV;Urne;2013;721.180;12.591;1,7;708.589;301.835;42,6;124.774;17,6;41.603;5,9;14.846;2,1;153.918;21,7;27.591;3,9;44.022;6,2;;;;;;;;;;;;;;;;;;;;;;;;;;;;;;;;;;;;;;;;;;;;;;;;;;;;;;;
MV;Urne;2017;713.825;9.666;1,4;704.159;226.343;32,1;106.397;15,1;142.469;20,2;42.956;6,1;123.040;17,5;27.914;4;35.040;5;;;;;;;;;;;;;;;;;;;;;;;;;;;;;;;;;;;;;;;;;;;;;;;;;;;;;;;
MV;Urne;2021;609.003;13.347;2,2;595.656;102.868;17,3;169.454;28,4;127.043;21,3;47.066;7,9;60.007;10,1;39.145;6,6;50.073;8,4;;;;;;;;;;;;;;;;;;;;;;;;;;;;;;;;;;;;;;;;;;;;;;;;;;;;;;;
MV;Urne;2025;731.650;6.592;0,9;725.058;118.176;16,3;80.712;11,1;291.168;40,2;23.159;3,2;83.948;11,6;32.275;4,5;95.620;13,2;;;;;;;;;;;;;;;;;;;;;;;;;;;;;;;;;;;;;;;;;;;;;;;;;;;;;;;
HH;Urne;1957;1.111.378;29.927;2,7;1.081.451;396.069;36,6;506.286;46,8;X;X;99.885;9,2;X;X;X;X;79.211;7,3;;;;;;;;;;;;;;;;;;;;;;;;;;;;;;;;;;;;;;;;;;;;;;;;;;;;;;;
HH;Urne;1961;1.136.977;32.759;2,9;1.104.218;345.302;31,3;528.656;47,9;X;X;168.205;15,2;X;X;X;X;62.055;5,6;;;;;;;;;;;;;;;;;;;;;;;;;;;;;;;;;;;;;;;;;;;;;;;;;;;;;;;
HH;Urne;1965;1.091.479;15.194;1,4;1.076.285;396.912;36,9;528.920;49,1;X;X;99.533;9,2;X;X;X;X;50.920;4,7;;;;;;;;;;;;;;;;;;;;;;;;;;;;;;;;;;;;;;;;;;;;;;;;;;;;;;;
HH;Urne;1969;1.069.023;7.609;0,7;1.061.414;355.346;33,5;588.055;55,4;X;X;64.235;6,1;X;X;X;X;53.778;5,1;;;;;;;;;;;;;;;;;;;;;;;;;;;;;;;;;;;;;;;;;;;;;;;;;;;;;;;
HH;Urne;1972;1.154.058;5.421;0,5;1.148.637;377.561;32,9;633.137;55,1;X;X;125.949;11;X;X;X;X;11.990;1;;;;;;;;;;;;;;;;;;;;;;;;;;;;;;;;;;;;;;;;;;;;;;;;;;;;;;;
HH;Urne;1976;1.006.116;4.496;0,4;1.001.620;346.543;34,6;541.136;54;X;X;100.388;10;X;X;X;X;13.553;1,4;;;;;;;;;;;;;;;;;;;;;;;;;;;;;;;;;;;;;;;;;;;;;;;;;;;;;;;
HH;Urne;1980;940.635;5.729;0,6;934.906;280.445;30;493.692;52,8;X;X;132.848;14,2;X;X;20.751;2,2;7.170;0,8;;;;;;;;;;;;;;;;;;;;;;;;;;;;;;;;;;;;;;;;;;;;;;;;;;;;;;;
HH;Urne;1983;951.516;4.517;0,5;946.999;347.636;36,7;459.965;48,6;X;X;58.026;6,1;X;X;75.960;8;5.412;0,6;;;;;;;;;;;;;;;;;;;;;;;;;;;;;;;;;;;;;;;;;;;;;;;;;;;;;;;
HH;Urne;1987;900.548;5.545;0,6;895.003;326.694;36,5;380.103;42,5;X;X;84.009;9,4;X;X;97.665;10,9;6.532;0,7;;;;;;;;;;;;;;;;;;;;;;;;;;;;;;;;;;;;;;;;;;;;;;;;;;;;;;;
HH;Urne;1990;863.177;7.237;0,8;855.940;308.578;36,1;358.963;41,9;X;X;101.365;11,8;8.730;1;48.031;5,6;30.273;3,5;;;;;;;;;;;;;;;;;;;;;;;;;;;;;;;;;;;;;;;;;;;;;;;;;;;;;;;
HH;Urne;1994;791.772;6.609;0,8;785.163;266.203;33,9;325.142;41,4;X;X;54.109;6,9;17.460;2,2;95.642;12,2;26.607;3,4;;;;;;;;;;;;;;;;;;;;;;;;;;;;;;;;;;;;;;;;;;;;;;;;;;;;;;;
HH;Urne;1998;744.647;9.779;1,3;734.868;209.723;28,5;349.532;47,6;X;X;44.687;6,1;17.416;2,4;77.719;10,6;35.791;4,9;;;;;;;;;;;;;;;;;;;;;;;;;;;;;;;;;;;;;;;;;;;;;;;;;;;;;;;
HH;Urne;2002;725.578;7.586;1;717.992;191.602;26,7;307.655;42,8;X;X;45.794;6,4;15.328;2,1;122.216;17;35.397;4,9;;;;;;;;;;;;;;;;;;;;;;;;;;;;;;;;;;;;;;;;;;;;;;;;;;;;;;;
HH;Urne;2005;725.026;9.196;1,3;715.830;191.458;26,7;284.325;39,7;X;X;64.750;9;46.305;6,5;112.127;15,7;16.865;2,4;;;;;;;;;;;;;;;;;;;;;;;;;;;;;;;;;;;;;;;;;;;;;;;;;;;;;;;
HH;Urne;2009;639.906;7.548;1,2;632.358;160.807;25,4;182.516;28,9;X;X;80.941;12,8;77.670;12,3;98.757;15,6;31.667;5;;;;;;;;;;;;;;;;;;;;;;;;;;;;;;;;;;;;;;;;;;;;;;;;;;;;;;;
HH;Urne;2013;626.303;7.925;1,3;618.378;187.743;30,4;207.482;33,6;28.173;4,6;25.715;4,2;60.206;9,7;76.385;12,4;32.674;5,3;;;;;;;;;;;;;;;;;;;;;;;;;;;;;;;;;;;;;;;;;;;;;;;;;;;;;;;
HH;Urne;2017;620.713;5.177;0,8;615.536;152.311;24,7;149.301;24,3;53.928;8,8;60.995;9,9;82.657;13,4;87.981;14,3;28.363;4,6;;;;;;;;;;;;;;;;;;;;;;;;;;;;;;;;;;;;;;;;;;;;;;;;;;;;;;;
HH;Urne;2021;492.657;3.676;0,7;488.981;68.610;14;146.958;30,1;32.515;6,6;53.841;11;36.114;7,4;113.694;23,3;37.249;7,6;;;;;;;;;;;;;;;;;;;;;;;;;;;;;;;;;;;;;;;;;;;;;;;;;;;;;;;
HH;Urne;2025;622.971;3.974;0,6;618.997;115.771;18,7;137.702;22,2;85.508;13,8;27.687;4,5;96.659;15,6;108.444;17,5;47.226;7,6;;;;;;;;;;;;;;;;;;;;;;;;;;;;;;;;;;;;;;;;;;;;;;;;;;;;;;;
NI;Urne;1957;3.764.006;121.690;3,2;3.642.316;1.405.138;38,6;1.213.695;33,3;X;X;210.798;5,8;X;X;X;X;812.685;22,3;;;;;;;;;;;;;;;;;;;;;;;;;;;;;;;;;;;;;;;;;;;;;;;;;;;;;;;
NI;Urne;1961;3.882.964;137.992;3,6;3.744.972;1.447.470;38,7;1.467.763;39,2;X;X;484.145;12,9;X;X;X;X;345.594;9,2;;;;;;;;;;;;;;;;;;;;;;;;;;;;;;;;;;;;;;;;;;;;;;;;;;;;;;;
NI;Urne;1965;3.885.415;91.219;2,3;3.794.196;1.728.866;45,6;1.527.937;40,3;X;X;406.045;10,7;X;X;X;X;131.348;3,5;;;;;;;;;;;;;;;;;;;;;;;;;;;;;;;;;;;;;;;;;;;;;;;;;;;;;;;
NI;Urne;1969;3.863.966;57.045;1,5;3.806.921;1.719.559;45,2;1.674.496;44;X;X;204.377;5,4;X;X;X;X;208.489;5,5;;;;;;;;;;;;;;;;;;;;;;;;;;;;;;;;;;;;;;;;;;;;;;;;;;;;;;;
NI;Urne;1972;4.350.734;30.656;0,7;4.320.078;1.846.246;42,7;2.089.657;48,4;X;X;352.663;8,2;X;X;X;X;31.512;0,7;;;;;;;;;;;;;;;;;;;;;;;;;;;;;;;;;;;;;;;;;;;;;;;;;;;;;;;
NI;Urne;1976;4.224.690;93.092;2,2;4.131.598;1.866.694;45,2;1.918.897;46,4;X;X;320.814;7,8;X;X;X;X;25.193;0,6;;;;;;;;;;;;;;;;;;;;;;;;;;;;;;;;;;;;;;;;;;;;;;;;;;;;;;;
NI;Urne;1980;4.258.824;33.713;0,8;4.225.111;1.668.690;39,5;2.003.765;47,4;X;X;475.550;11,3;X;X;62.263;1,5;14.843;0,4;;;;;;;;;;;;;;;;;;;;;;;;;;;;;;;;;;;;;;;;;;;;;;;;;;;;;;;
NI;Urne;1983;4.449.255;32.591;0,7;4.416.664;2.009.355;45,5;1.855.020;42;X;X;301.913;6,8;X;X;234.066;5,3;16.310;0,4;;;;;;;;;;;;;;;;;;;;;;;;;;;;;;;;;;;;;;;;;;;;;;;;;;;;;;;
NI;Urne;1987;4.259.983;32.912;0,8;4.227.071;1.738.477;41,1;1.797.278;42,5;X;X;363.847;8,6;X;X;294.246;7;33.223;0,8;;;;;;;;;;;;;;;;;;;;;;;;;;;;;;;;;;;;;;;;;;;;;;;;;;;;;;;
NI;Urne;1990;4.229.332;35.198;0,8;4.194.134;1.852.155;44,2;1.630.438;38,9;X;X;428.179;10,2;12.445;0,3;177.922;4,2;92.995;2,2;;;;;;;;;;;;;;;;;;;;;;;;;;;;;;;;;;;;;;;;;;;;;;;;;;;;;;;
NI;Urne;1994;4.245.902;37.114;0,9;4.208.788;1.722.215;40,9;1.747.242;41,5;X;X;314.608;7,5;39.928;0,9;284.617;6,8;100.178;2,4;;;;;;;;;;;;;;;;;;;;;;;;;;;;;;;;;;;;;;;;;;;;;;;;;;;;;;;
NI;Urne;1998;4.260.721;41.154;1;4.219.567;1.419.182;33,6;2.129.130;50,5;X;X;254.261;6;42.353;1;239.564;5,7;135.077;3,2;;;;;;;;;;;;;;;;;;;;;;;;;;;;;;;;;;;;;;;;;;;;;;;;;;;;;;;
NI;Urne;2002;4.128.018;36.752;0,9;4.091.266;1.397.729;34,2;1.985.505;48,5;X;X;280.201;6,8;42.051;1;295.191;7,2;90.589;2,2;;;;;;;;;;;;;;;;;;;;;;;;;;;;;;;;;;;;;;;;;;;;;;;;;;;;;;;
NI;Urne;2005;4.095.239;56.325;1,4;4.038.914;1.322.142;32,7;1.769.075;43,8;X;X;361.815;9;175.155;4,3;303.436;7,5;107.291;2,7;;;;;;;;;;;;;;;;;;;;;;;;;;;;;;;;;;;;;;;;;;;;;;;;;;;;;;;
NI;Urne;2009;3.756.154;44.731;1,2;3.711.423;1.208.953;32,6;1.112.817;30;X;X;485.246;13,1;329.800;8,9;388.205;10,5;186.402;5;;;;;;;;;;;;;;;;;;;;;;;;;;;;;;;;;;;;;;;;;;;;;;;;;;;;;;;
NI;Urne;2013;3.654.947;40.509;1,1;3.614.438;1.475.417;40,8;1.213.111;33,6;139.195;3,9;139.276;3,9;191.590;5,3;303.381;8,4;152.468;4,2;;;;;;;;;;;;;;;;;;;;;;;;;;;;;;;;;;;;;;;;;;;;;;;;;;;;;;;
NI;Urne;2017;3.649.553;30.415;0,8;3.619.138;1.236.710;34,2;1.013.119;28;348.705;9,6;324.737;9;260.140;7,2;306.007;8,5;129.720;3,6;;;;;;;;;;;;;;;;;;;;;;;;;;;;;;;;;;;;;;;;;;;;;;;;;;;;;;;
NI;Urne;2021;3.029.057;32.419;1,1;2.996.638;717.159;23,9;997.249;33,3;262.108;8,7;318.912;10,6;100.304;3,3;437.554;14,6;163.352;5,5;;;;;;;;;;;;;;;;;;;;;;;;;;;;;;;;;;;;;;;;;;;;;;;;;;;;;;;
NI;Urne;2025;3.737.565;22.112;0,6;3.715.453;1.008.442;27,1;825.113;22,2;756.144;20,4;153.233;4,1;311.657;8,4;390.555;10,5;270.309;7,3;;;;;;;;;;;;;;;;;;;;;;;;;;;;;;;;;;;;;;;;;;;;;;;;;;;;;;;
HB;Urne;1957;393.167;15.358;3,9;377.809;112.513;29,8;178.067;47,1;X;X;21.255;5,6;X;X;X;X;65.974;17,5;;;;;;;;;;;;;;;;;;;;;;;;;;;;;;;;;;;;;;;;;;;;;;;;;;;;;;;
HB;Urne;1961;424.331;19.225;4,5;405.106;107.127;26,4;205.031;50,6;X;X;59.735;14,7;X;X;X;X;33.213;8,2;;;;;;;;;;;;;;;;;;;;;;;;;;;;;;;;;;;;;;;;;;;;;;;;;;;;;;;
HB;Urne;1965;419.872;8.364;2;411.508;137.045;33,3;203.583;49,5;X;X;46.713;11,4;X;X;X;X;24.167;5,9;;;;;;;;;;;;;;;;;;;;;;;;;;;;;;;;;;;;;;;;;;;;;;;;;;;;;;;
HB;Urne;1969;420.292;4.884;1,2;415.408;132.526;31,9;219.110;52,7;X;X;37.196;9;X;X;X;X;26.576;6,4;;;;;;;;;;;;;;;;;;;;;;;;;;;;;;;;;;;;;;;;;;;;;;;;;;;;;;;
HB;Urne;1972;456.373;3.262;0,7;453.111;132.361;29,2;266.363;58,8;X;X;48.912;10,8;X;X;X;X;5.475;1,2;;;;;;;;;;;;;;;;;;;;;;;;;;;;;;;;;;;;;;;;;;;;;;;;;;;;;;;
HB;Urne;1976;428.816;2.425;0,6;426.391;134.601;31,6;235.027;55,1;X;X;50.055;11,7;X;X;X;X;6.708;1,6;;;;;;;;;;;;;;;;;;;;;;;;;;;;;;;;;;;;;;;;;;;;;;;;;;;;;;;
HB;Urne;1980;403.519;3.534;0,9;399.985;111.628;27,9;213.961;53,5;X;X;60.333;15,1;X;X;10.173;2,5;3.890;1;;;;;;;;;;;;;;;;;;;;;;;;;;;;;;;;;;;;;;;;;;;;;;;;;;;;;;;
HB;Urne;1984;418.385;4.250;1;414.135;139.672;33,7;206.065;49,8;X;X;26.199;6,3;X;X;38.827;9,4;3.372;0,8;;;;;;;;;;;;;;;;;;;;;;;;;;;;;;;;;;;;;;;;;;;;;;;;;;;;;;;
HB;Urne;1987;386.982;3.262;0,8;383.720;108.676;28,3;183.809;47,9;X;X;32.225;8,4;X;X;53.959;14,1;5.051;1,3;;;;;;;;;;;;;;;;;;;;;;;;;;;;;;;;;;;;;;;;;;;;;;;;;;;;;;;
HB;Urne;1990;364.348;3.970;1,1;360.378;110.293;30,6;155.879;43,3;X;X;45.352;12,6;3.659;1;28.935;8;16.260;4,5;;;;;;;;;;;;;;;;;;;;;;;;;;;;;;;;;;;;;;;;;;;;;;;;;;;;;;;
HB;Urne;1994;351.429;6.093;1,7;345.336;102.345;29,6;161.881;46,9;X;X;23.272;6,7;9.262;2,7;36.947;10,7;11.629;3,4;;;;;;;;;;;;;;;;;;;;;;;;;;;;;;;;;;;;;;;;;;;;;;;;;;;;;;;
HB;Urne;1998;343.024;4.267;1,2;338.757;83.603;24,7;174.882;51,6;X;X;18.449;5,4;8.213;2,4;37.223;11;16.387;4,8;;;;;;;;;;;;;;;;;;;;;;;;;;;;;;;;;;;;;;;;;;;;;;;;;;;;;;;
HB;Urne;2002;320.587;4.105;1,3;316.482;75.764;23,9;156.709;49,5;X;X;20.210;6,4;7.087;2,2;47.136;14,9;9.576;3;;;;;;;;;;;;;;;;;;;;;;;;;;;;;;;;;;;;;;;;;;;;;;;;;;;;;;;
HB;Urne;2005;303.772;4.831;1,6;298.941;64.445;21,6;130.936;43,8;X;X;24.010;8;25.680;8,6;42.875;14,3;10.995;3,7;;;;;;;;;;;;;;;;;;;;;;;;;;;;;;;;;;;;;;;;;;;;;;;;;;;;;;;
HB;Urne;2009;277.212;3.932;1,4;273.280;62.450;22,9;85.348;31,2;X;X;27.928;10,2;40.933;15;40.841;14,9;15.780;5,8;;;;;;;;;;;;;;;;;;;;;;;;;;;;;;;;;;;;;;;;;;;;;;;;;;;;;;;
HB;Urne;2013;264.124;3.147;1,2;260.977;74.360;28,5;94.977;36,4;10.212;3,9;7.817;3;27.875;10,7;30.055;11,5;15.681;6;;;;;;;;;;;;;;;;;;;;;;;;;;;;;;;;;;;;;;;;;;;;;;;;;;;;;;;
HB;Urne;2017;251.156;3.147;1,3;248.009;58.687;23,7;68.040;27,4;27.399;11;21.505;8,7;34.622;14;26.606;10,7;11.150;4,5;;;;;;;;;;;;;;;;;;;;;;;;;;;;;;;;;;;;;;;;;;;;;;;;;;;;;;;
HB;Urne;2021;178.065;1.826;1;176.239;28.186;16;55.349;31,4;16.258;9,2;16.510;9,4;14.176;8;33.038;18,7;12.722;7,2;;;;;;;;;;;;;;;;;;;;;;;;;;;;;;;;;;;;;;;;;;;;;;;;;;;;;;;
HB;Urne;2025;234.530;1.758;0,7;232.772;44.313;19,0;51.764;22,2;42.761;18,4;8.129;3,5;36.263;15,6;32.589;14,0;16.953;7,3;;;;;;;;;;;;;;;;;;;;;;;;;;;;;;;;;;;;;;;;;;;;;;;;;;;;;;;
BB;Urne;1990;1.408.260;20.462;1,5;1.387.798;505.025;36,4;457.969;33;X;X;135.158;9,7;151.287;10,9;90.908;6,6;47.451;3,4;;;;;;;;;;;;;;;;;;;;;;;;;;;;;;;;;;;;;;;;;;;;;;;;;;;;;;;
BB;Urne;1994;1.303.006;12.855;1;1.290.151;365.540;28,3;584.655;45,3;X;X;33.459;2,6;243.915;18,9;36.186;2,8;26.396;2;;;;;;;;;;;;;;;;;;;;;;;;;;;;;;;;;;;;;;;;;;;;;;;;;;;;;;;
BB;Urne;1998;1.457.418;43.933;3;1.413.485;293.215;20,7;620.710;43,9;X;X;39.086;2,8;283.002;20;48.595;3,4;128.877;9,1;;;;;;;;;;;;;;;;;;;;;;;;;;;;;;;;;;;;;;;;;;;;;;;;;;;;;;;
BB;Urne;2002;1.381.565;20.395;1,5;1.361.170;304.575;22,4;633.872;46,6;X;X;78.545;5,8;231.810;17;59.095;4,3;53.273;3,9;;;;;;;;;;;;;;;;;;;;;;;;;;;;;;;;;;;;;;;;;;;;;;;;;;;;;;;
BB;Urne;2005;1.388.904;25.419;1,8;1.363.485;279.131;20,5;488.332;35,8;X;X;95.215;7;360.666;26,5;68.691;5;71.450;5,2;;;;;;;;;;;;;;;;;;;;;;;;;;;;;;;;;;;;;;;;;;;;;;;;;;;;;;;
BB;Urne;2009;1.205.608;35.238;2,9;1.170.370;274.322;23,4;296.850;25,4;X;X;108.706;9,3;333.199;28,5;67.203;5,7;90.090;7,7;;;;;;;;;;;;;;;;;;;;;;;;;;;;;;;;;;;;;;;;;;;;;;;;;;;;;;;
BB;Urne;2013;1.184.459;21.929;1,9;1.162.530;406.990;35;266.006;22,9;71.974;6,2;27.814;2,4;262.406;22,6;50.191;4,3;77.149;6,6;;;;;;;;;;;;;;;;;;;;;;;;;;;;;;;;;;;;;;;;;;;;;;;;;;;;;;;
BB;Urne;2017;1.186.846;18.813;1,6;1.168.033;305.497;26,2;204.596;17,5;251.555;21,5;79.731;6,8;198.621;17;55.210;4,7;72.823;6,2;;;;;;;;;;;;;;;;;;;;;;;;;;;;;;;;;;;;;;;;;;;;;;;;;;;;;;;
BB;Urne;2021;1.009.255;15.767;1,6;993.488;148.580;15;279.731;28,2;215.461;21,7;90.796;9,1;79.386;8;77.725;7,8;101.809;10,2;;;;;;;;;;;;;;;;;;;;;;;;;;;;;;;;;;;;;;;;;;;;;;;;;;;;;;;
BB;Urne;2025;1.174.524;9.123;0,8;1.165.401;190.918;16,4;155.075;13,3;442.469;38,0;38.161;3,3;123.256;10,6;66.013;5,7;149.509;12,8;;;;;;;;;;;;;;;;;;;;;;;;;;;;;;;;;;;;;;;;;;;;;;;;;;;;;;;
ST;Urne;1990;1.565.808;23.956;1,5;1.541.852;596.335;38,7;381.940;24,8;X;X;304.789;19,8;142.572;9,2;80.209;5,2;36.007;2,3;;;;;;;;;;;;;;;;;;;;;;;;;;;;;;;;;;;;;;;;;;;;;;;;;;;;;;;
ST;Urne;1994;1.387.014;16.916;1,2;1.370.098;533.944;39;462.445;33,8;X;X;54.643;4;242.766;17,7;46.733;3,4;29.567;2,2;;;;;;;;;;;;;;;;;;;;;;;;;;;;;;;;;;;;;;;;;;;;;;;;;;;;;;;
ST;Urne;1998;1.497.119;25.483;1,7;1.471.636;400.081;27,2;562.353;38,2;X;X;58.686;4;302.931;20,6;46.526;3,2;101.059;6,9;;;;;;;;;;;;;;;;;;;;;;;;;;;;;;;;;;;;;;;;;;;;;;;;;;;;;;;
ST;Urne;2002;1.277.606;19.459;1,5;1.258.147;366.725;29,1;543.891;43,2;X;X;95.610;7,6;180.075;14,3;41.048;3,3;30.798;2,4;;;;;;;;;;;;;;;;;;;;;;;;;;;;;;;;;;;;;;;;;;;;;;;;;;;;;;;
ST;Urne;2005;1.298.606;29.233;2,3;1.269.373;310.700;24,5;411.670;32,4;X;X;105.177;8,3;339.154;26,7;50.645;4;52.027;4,1;;;;;;;;;;;;;;;;;;;;;;;;;;;;;;;;;;;;;;;;;;;;;;;;;;;;;;;
ST;Urne;2009;1.057.339;22.220;2,1;1.035.119;308.844;29,8;173.432;16,8;X;X;107.476;10,4;340.172;32,9;49.633;4,8;55.562;5,4;;;;;;;;;;;;;;;;;;;;;;;;;;;;;;;;;;;;;;;;;;;;;;;;;;;;;;;
ST;Urne;2013;1.015.004;17.777;1,8;997.227;411.381;41,3;179.820;18;43.792;4,4;24.932;2,5;241.617;24,2;35.949;3,6;59.736;6;;;;;;;;;;;;;;;;;;;;;;;;;;;;;;;;;;;;;;;;;;;;;;;;;;;;;;;
ST;Urne;2017;1.037.519;16.854;1,6;1.020.665;303.005;29,7;154.905;15,2;213.844;21;77.048;7,5;178.788;17,5;34.929;3,4;58.146;5,7;;;;;;;;;;;;;;;;;;;;;;;;;;;;;;;;;;;;;;;;;;;;;;;;;;;;;;;
ST;Urne;2021;799.693;10.408;1,3;789.285;161.911;20,5;188.596;23,9;186.098;23,6;72.793;9,2;71.000;9;42.041;5,3;66.846;8,5;;;;;;;;;;;;;;;;;;;;;;;;;;;;;;;;;;;;;;;;;;;;;;;;;;;;;;;
ST;Urne;2025;986.286;8.736;0,9;977.550;169.977;17,4;94.652;9,7;415.830;42,5;29.968;3,1;103.018;10,5;35.224;3,6;128.881;13,2;;;;;;;;;;;;;;;;;;;;;;;;;;;;;;;;;;;;;;;;;;;;;;;;;;;;;;;
BE;Urne;1990;1.853.744;28.755;1,6;1.824.989;709.910;38,9;562.854;30,8;X;X;165.567;9,1;185.512;10,2;128.637;7;72.509;4;;;;;;;;;;;;;;;;;;;;;;;;;;;;;;;;;;;;;;;;;;;;;;;;;;;;;;;
BE;Urne;1994;1.682.538;18.775;1,1;1.663.763;512.103;30,8;579.056;34,8;X;X;81.654;4,9;254.118;15,3;162.604;9,8;74.228;4,5;;;;;;;;;;;;;;;;;;;;;;;;;;;;;;;;;;;;;;;;;;;;;;;;;;;;;;;
BE;Urne;1998;1.595.249;20.156;1,3;1.575.093;358.679;22,8;610.233;38,7;X;X;72.196;4,6;217.201;13,8;170.871;10,8;145.913;9,3;;;;;;;;;;;;;;;;;;;;;;;;;;;;;;;;;;;;;;;;;;;;;;;;;;;;;;;
BE;Urne;2002;1.448.767;20.455;1,4;1.428.312;361.570;25,3;528.812;37;X;X;90.936;6,4;164.370;11,5;208.651;14,6;73.973;5,2;;;;;;;;;;;;;;;;;;;;;;;;;;;;;;;;;;;;;;;;;;;;;;;;;;;;;;;
BE;Urne;2005;1.471.570;26.283;1,8;1.445.287;300.544;20,8;505.575;35;X;X;120.598;8,3;238.538;16,5;199.009;13,8;81.023;5,6;;;;;;;;;;;;;;;;;;;;;;;;;;;;;;;;;;;;;;;;;;;;;;;;;;;;;;;
BE;Urne;2009;1.288.933;23.723;1,8;1.265.210;269.612;21,3;263.603;20,8;X;X;143.116;11,3;267.704;21,2;213.993;16,9;107.182;8,5;;;;;;;;;;;;;;;;;;;;;;;;;;;;;;;;;;;;;;;;;;;;;;;;;;;;;;;
BE;Urne;2013;1.306.294;21.667;1,7;1.284.627;352.874;27,5;321.698;25;68.917;5,4;39.707;3,1;249.063;19,4;147.981;11,5;104.387;8,1;;;;;;;;;;;;;;;;;;;;;;;;;;;;;;;;;;;;;;;;;;;;;;;;;;;;;;;
BE;Urne;2017;1.260.360;18.034;1,4;1.242.326;260.532;21;224.640;18,1;168.489;13,6;102.897;8,3;243.111;19,6;152.462;12,3;90.195;7,3;;;;;;;;;;;;;;;;;;;;;;;;;;;;;;;;;;;;;;;;;;;;;;;;;;;;;;;
BE;Urne;2021;905.488;19.583;2,2;885.905;138.935;15,7;193.545;21,8;107.066;12,1;71.069;8;104.201;11,8;181.729;20,5;89.360;10,1;;;;;;;;;;;;;;;;;;;;;;;;;;;;;;;;;;;;;;;;;;;;;;;;;;;;;;;
BE;Urne;2025;1.182.810;8.921;0,8;1.173.889;193.385;16,5;169.277;14,4;223.233;19,0;44.524;3,8;240.582;20,5;175.198;14,9;127.690;10,9;;;;;;;;;;;;;;;;;;;;;;;;;;;;;;;;;;;;;;;;;;;;;;;;;;;;;;;
NW;Urne;1957;8.676.420;294.188;3,4;8.382.232;4.497.526;53,7;2.872.474;34,3;X;X;516.223;6,2;X;X;X;X;496.009;5,9;;;;;;;;;;;;;;;;;;;;;;;;;;;;;;;;;;;;;;;;;;;;;;;;;;;;;;;
NW;Urne;1961;9.182.150;274.670;3;8.907.480;4.185.784;47;3.391.159;38,1;X;X;1.026.456;11,5;X;X;X;X;304.081;3,4;;;;;;;;;;;;;;;;;;;;;;;;;;;;;;;;;;;;;;;;;;;;;;;;;;;;;;;
NW;Urne;1965;9.089.780;164.074;1,8;8.925.706;4.135.242;46,3;3.882.705;43,5;X;X;663.462;7,4;X;X;X;X;244.297;2,7;;;;;;;;;;;;;;;;;;;;;;;;;;;;;;;;;;;;;;;;;;;;;;;;;;;;;;;
NW;Urne;1969;9.125.175;136.679;1,5;8.988.496;3.874.941;43,1;4.263.777;47,4;X;X;475.067;5,3;X;X;X;X;374.711;4,2;;;;;;;;;;;;;;;;;;;;;;;;;;;;;;;;;;;;;;;;;;;;;;;;;;;;;;;
NW;Urne;1972;10.219.714;67.619;0,7;10.152.095;4.111.520;40,5;5.186.767;51,1;X;X;777.390;7,7;X;X;X;X;76.418;0,8;;;;;;;;;;;;;;;;;;;;;;;;;;;;;;;;;;;;;;;;;;;;;;;;;;;;;;;
NW;Urne;1976;9.822.183;72.795;0,7;9.749.388;4.252.668;43,6;4.666.775;47,9;X;X;759.474;7,8;X;X;X;X;70.471;0,7;;;;;;;;;;;;;;;;;;;;;;;;;;;;;;;;;;;;;;;;;;;;;;;;;;;;;;;
NW;Urne;1980;9.339.277;83.499;0,9;9.255.778;3.687.590;39,8;4.408.970;47,6;X;X;1.011.993;10,9;X;X;105.992;1,1;41.233;0,4;;;;;;;;;;;;;;;;;;;;;;;;;;;;;;;;;;;;;;;;;;;;;;;;;;;;;;;
NW;Urne;1983;10.022.213;73.133;0,7;9.949.080;4.451.072;44,7;4.340.053;43,6;X;X;620.193;6,2;X;X;493.840;5;43.922;0,4;;;;;;;;;;;;;;;;;;;;;;;;;;;;;;;;;;;;;;;;;;;;;;;;;;;;;;;
NW;Urne;1987;9.680.169;80.956;0,8;9.599.213;3.794.384;39,5;4.256.805;44,3;X;X;773.375;8,1;X;X;689.195;7,2;85.454;0,9;;;;;;;;;;;;;;;;;;;;;;;;;;;;;;;;;;;;;;;;;;;;;;;;;;;;;;;
NW;Urne;1990;9.022.218;97.909;1,1;8.924.309;3.590.567;40,2;3.733.786;41,8;X;X;952.301;10,7;23.297;0,3;371.471;4,2;252.887;2,8;;;;;;;;;;;;;;;;;;;;;;;;;;;;;;;;;;;;;;;;;;;;;;;;;;;;;;;
NW;Urne;1994;9.160.822;190.040;2,1;8.970.782;3.354.093;37,4;3.984.860;44,4;X;X;651.098;7,3;85.010;0,9;649.382;7,2;246.339;2,7;;;;;;;;;;;;;;;;;;;;;;;;;;;;;;;;;;;;;;;;;;;;;;;;;;;;;;;
NW;Urne;1998;8.985.791;105.211;1,2;8.880.580;2.927.046;33;4.279.504;48,2;X;X;609.340;6,9;108.613;1,2;598.705;6,7;357.372;4;;;;;;;;;;;;;;;;;;;;;;;;;;;;;;;;;;;;;;;;;;;;;;;;;;;;;;;
NW;Urne;2002;8.444.868;96.550;1,1;8.348.318;2.872.390;34,4;3.656.204;43,8;X;X;749.019;9;101.784;1,2;759.086;9,1;209.835;2,5;;;;;;;;;;;;;;;;;;;;;;;;;;;;;;;;;;;;;;;;;;;;;;;;;;;;;;;
NW;Urne;2005;8.019.956;112.900;1,4;7.907.056;2.586.912;32,7;3.241.615;41;X;X;802.525;10,1;412.002;5,2;634.554;8;229.448;2,9;;;;;;;;;;;;;;;;;;;;;;;;;;;;;;;;;;;;;;;;;;;;;;;;;;;;;;;
NW;Urne;2009;7.275.642;90.355;1,2;7.185.287;2.283.833;31,8;2.110.398;29,4;X;X;1.050.871;14,6;644.876;9;723.855;10,1;371.454;5,2;;;;;;;;;;;;;;;;;;;;;;;;;;;;;;;;;;;;;;;;;;;;;;;;;;;;;;;
NW;Urne;2013;7.113.765;87.862;1,2;7.025.903;2.726.756;38,8;2.285.208;32,5;292.097;4,2;334.789;4,8;471.364;6,7;543.736;7,7;371.953;5,3;;;;;;;;;;;;;;;;;;;;;;;;;;;;;;;;;;;;;;;;;;;;;;;;;;;;;;;
NW;Urne;2017;6.880.974;70.679;1;6.810.295;2.087.219;30,6;1.814.808;26,6;718.219;10,5;846.105;12,4;546.636;8;520.282;7,6;277.026;4,1;;;;;;;;;;;;;;;;;;;;;;;;;;;;;;;;;;;;;;;;;;;;;;;;;;;;;;;
NW;Urne;2021;5.163.614;51.006;1;5.112.608;1.271.415;24,9;1.455.591;28,5;491.158;9,6;582.580;11,4;207.005;4;745.039;14,6;359.820;7;;;;;;;;;;;;;;;;;;;;;;;;;;;;;;;;;;;;;;;;;;;;;;;;;;;;;;;
NW;Urne;2025;6.761.802;49.135;0,7;6.712.667;1.844.583;27,5;1.284.820;19,1;1.380.245;20,6;296.319;4,4;617.452;9,2;748.358;11,1;540.890;8,1;;;;;;;;;;;;;;;;;;;;;;;;;;;;;;;;;;;;;;;;;;;;;;;;;;;;;;;
SN;Urne;1990;2.728.467;43.815;1,6;2.684.652;1.331.936;49,6;488.777;18,2;X;X;333.784;12,4;239.992;8,9;154.945;5,8;135.218;5;;;;;;;;;;;;;;;;;;;;;;;;;;;;;;;;;;;;;;;;;;;;;;;;;;;;;;;
SN;Urne;1994;2.277.994;24.276;1,1;2.253.718;1.090.824;48,4;554.868;24,6;X;X;84.615;3,8;366.188;16,2;101.580;4,5;55.643;2,5;;;;;;;;;;;;;;;;;;;;;;;;;;;;;;;;;;;;;;;;;;;;;;;;;;;;;;;
SN;Urne;1998;2.628.208;44.860;1,7;2.583.348;842.284;32,6;757.425;29,3;X;X;91.955;3,6;510.230;19,8;107.398;4,2;274.056;10,6;;;;;;;;;;;;;;;;;;;;;;;;;;;;;;;;;;;;;;;;;;;;;;;;;;;;;;;
SN;Urne;2002;2.303.999;42.786;1,9;2.261.213;766.535;33,9;748.607;33,1;X;X;164.553;7,3;361.687;16;99.550;4,4;120.281;5,3;;;;;;;;;;;;;;;;;;;;;;;;;;;;;;;;;;;;;;;;;;;;;;;;;;;;;;;
SN;Urne;2005;2.293.275;43.922;1,9;2.249.353;673.107;29,9;541.893;24,1;X;X;235.117;10,5;513.539;22,8;102.962;4,6;182.735;8,1;;;;;;;;;;;;;;;;;;;;;;;;;;;;;;;;;;;;;;;;;;;;;;;;;;;;;;;
SN;Urne;2009;1.917.424;30.717;1,6;1.886.707;667.098;35,4;273.410;14,5;X;X;254.669;13,5;465.564;24,7;117.132;6,2;108.834;5,8;;;;;;;;;;;;;;;;;;;;;;;;;;;;;;;;;;;;;;;;;;;;;;;;;;;;;;;
SN;Urne;2013;1.979.200;32.596;1,6;1.946.604;832.934;42,8;278.766;14,3;137.605;7,1;57.339;2,9;392.105;20,1;85.982;4,4;161.873;8,3;;;;;;;;;;;;;;;;;;;;;;;;;;;;;;;;;;;;;;;;;;;;;;;;;;;;;;;
SN;Urne;2017;1.980.289;26.835;1,4;1.953.454;509.841;26,1;202.794;10,4;564.986;28,9;156.175;8;307.190;15,7;81.401;4,2;131.067;6,7;;;;;;;;;;;;;;;;;;;;;;;;;;;;;;;;;;;;;;;;;;;;;;;;;;;;;;;
SN;Urne;2021;1.644.219;21.052;1,3;1.623.167;270.064;16,6;289.204;17,8;480.549;29,6;175.058;10,8;137.590;8,5;111.678;6,9;159.024;9,8;;;;;;;;;;;;;;;;;;;;;;;;;;;;;;;;;;;;;;;;;;;;;;;;;;;;;;;
SN;Urne;2025;1.769.799;12.299;0,7;1.757.500;309.230;17,6;128.181;7,3;777.199;44,2;55.604;3,2;184.196;10,5;86.276;4,9;216.814;12,3;;;;;;;;;;;;;;;;;;;;;;;;;;;;;;;;;;;;;;;;;;;;;;;;;;;;;;;
HE;Urne;1957;2.714.859;133.460;4,9;2.581.399;1.040.205;40,3;997.250;38,6;X;X;217.838;8,4;X;X;X;X;326.106;12,6;;;;;;;;;;;;;;;;;;;;;;;;;;;;;;;;;;;;;;;;;;;;;;;;;;;;;;;
HE;Urne;1961;2.856.385;146.560;5,1;2.709.825;930.602;34,3;1.176.513;43,4;X;X;408.425;15,1;X;X;X;X;194.285;7,2;;;;;;;;;;;;;;;;;;;;;;;;;;;;;;;;;;;;;;;;;;;;;;;;;;;;;;;
HE;Urne;1965;2.871.302;82.143;2,9;2.789.159;1.042.040;37,4;1.291.473;46,3;X;X;332.261;11,9;X;X;X;X;123.385;4,4;;;;;;;;;;;;;;;;;;;;;;;;;;;;;;;;;;;;;;;;;;;;;;;;;;;;;;;
HE;Urne;1969;2.966.281;52.661;1,8;2.913.620;1.113.536;38,2;1.412.997;48,5;X;X;191.163;6,6;X;X;X;X;195.924;6,7;;;;;;;;;;;;;;;;;;;;;;;;;;;;;;;;;;;;;;;;;;;;;;;;;;;;;;;
HE;Urne;1972;3.297.015;22.704;0,7;3.274.311;1.314.716;40,2;1.599.037;48,8;X;X;326.680;10;X;X;X;X;33.878;1;;;;;;;;;;;;;;;;;;;;;;;;;;;;;;;;;;;;;;;;;;;;;;;;;;;;;;;
HE;Urne;1976;3.195.669;25.582;0,8;3.170.087;1.403.068;44,3;1.473.186;46,5;X;X;262.143;8,3;X;X;X;X;31.690;1;;;;;;;;;;;;;;;;;;;;;;;;;;;;;;;;;;;;;;;;;;;;;;;;;;;;;;;
HE;Urne;1980;3.175.938;30.331;1;3.145.607;1.266.920;40,3;1.479.189;47;X;X;329.438;10,5;X;X;53.251;1,7;16.809;0,5;;;;;;;;;;;;;;;;;;;;;;;;;;;;;;;;;;;;;;;;;;;;;;;;;;;;;;;
HE;Urne;1983;3.279.577;29.480;0,9;3.250.097;1.435.041;44,2;1.371.471;42,2;X;X;241.602;7,4;X;X;185.179;5,7;16.804;0,5;;;;;;;;;;;;;;;;;;;;;;;;;;;;;;;;;;;;;;;;;;;;;;;;;;;;;;;
HE;Urne;1987;3.210.932;39.803;1,2;3.171.129;1.301.149;41;1.253.023;39,5;X;X;283.005;8,9;X;X;289.730;9,1;44.222;1,4;;;;;;;;;;;;;;;;;;;;;;;;;;;;;;;;;;;;;;;;;;;;;;;;;;;;;;;
HE;Urne;1990;3.152.911;38.734;1,2;3.114.177;1.280.734;41,1;1.198.625;38,5;X;X;334.639;10,7;10.993;0,4;167.650;5,4;121.536;3,9;;;;;;;;;;;;;;;;;;;;;;;;;;;;;;;;;;;;;;;;;;;;;;;;;;;;;;;
HE;Urne;1994;2.991.443;42.904;1,4;2.948.539;1.191.735;40,4;1.129.522;38,3;X;X;227.819;7,7;30.417;1;256.642;8,7;112.404;3,8;;;;;;;;;;;;;;;;;;;;;;;;;;;;;;;;;;;;;;;;;;;;;;;;;;;;;;;
HE;Urne;1998;3.032.821;48.978;1,6;2.983.843;1.018.678;34,1;1.271.878;42,6;X;X;222.093;7,4;43.995;1,5;238.614;8;188.585;6,3;;;;;;;;;;;;;;;;;;;;;;;;;;;;;;;;;;;;;;;;;;;;;;;;;;;;;;;
HE;Urne;2002;2.841.968;60.011;2,1;2.781.957;1.020.937;36,7;1.122.261;40,3;X;X;220.436;7,9;37.133;1,3;298.100;10,7;83.090;3;;;;;;;;;;;;;;;;;;;;;;;;;;;;;;;;;;;;;;;;;;;;;;;;;;;;;;;
HE;Urne;2005;2.833.224;69.524;2,5;2.763.700;904.704;32,7;1.000.927;36,2;X;X;321.349;11,6;149.167;5,4;285.123;10,3;102.430;3,7;;;;;;;;;;;;;;;;;;;;;;;;;;;;;;;;;;;;;;;;;;;;;;;;;;;;;;;
HE;Urne;2009;2.616.260;58.644;2,2;2.557.616;798.704;31,2;670.883;26,2;X;X;417.375;16,3;229.226;9;304.581;11,9;136.847;5,4;;;;;;;;;;;;;;;;;;;;;;;;;;;;;;;;;;;;;;;;;;;;;;;;;;;;;;;
HE;Urne;2013;2.486.459;68.740;2,8;2.417.719;933.863;38,6;709.235;29,3;138.629;5,7;123.627;5,1;155.038;6,4;232.030;9,6;125.297;5,2;;;;;;;;;;;;;;;;;;;;;;;;;;;;;;;;;;;;;;;;;;;;;;;;;;;;;;;
HE;Urne;2017;2.488.532;38.602;1,6;2.449.930;726.250;29,6;589.125;24;313.018;12,8;269.616;11;208.670;8,5;234.445;9,6;108.806;4,4;;;;;;;;;;;;;;;;;;;;;;;;;;;;;;;;;;;;;;;;;;;;;;;;;;;;;;;
HE;Urne;2021;1.634.497;25.318;1,5;1.609.179;345.702;21,5;428.379;26,6;188.228;11,7;208.175;12,9;76.398;4,7;226.643;14,1;135.654;8,4;;;;;;;;;;;;;;;;;;;;;;;;;;;;;;;;;;;;;;;;;;;;;;;;;;;;;;;
HE;Urne;2025;2.303.289;20.775;0,9;2.282.514;604.655;26,5;403.053;17,7;484.207;21,2;116.026;5,1;218.000;9,6;260.867;11,4;195.706;8,6;;;;;;;;;;;;;;;;;;;;;;;;;;;;;;;;;;;;;;;;;;;;;;;;;;;;;;;
TH;Urne;1990;1.487.344;20.014;1,3;1.467.330;665.265;45,3;322.876;22;X;X;214.834;14,6;119.891;8,2;88.488;6;55.976;3,8;;;;;;;;;;;;;;;;;;;;;;;;;;;;;;;;;;;;;;;;;;;;;;;;;;;;;;;
TH;Urne;1994;1.355.683;33.738;2,5;1.321.945;542.825;41,1;403.353;30,5;X;X;54.092;4,1;224.383;17;63.788;4,8;33.504;2,5;;;;;;;;;;;;;;;;;;;;;;;;;;;;;;;;;;;;;;;;;;;;;;;;;;;;;;;
TH;Urne;1998;1.463.274;24.335;1,7;1.438.939;414.666;28,8;500.564;34,8;X;X;47.383;3,3;304.347;21,2;53.127;3,7;118.852;8,3;;;;;;;;;;;;;;;;;;;;;;;;;;;;;;;;;;;;;;;;;;;;;;;;;;;;;;;
TH;Urne;2002;1.283.741;19.165;1,5;1.264.576;373.416;29,5;503.992;39,9;X;X;73.904;5,8;214.009;16,9;51.438;4,1;47.817;3,8;;;;;;;;;;;;;;;;;;;;;;;;;;;;;;;;;;;;;;;;;;;;;;;;;;;;;;;
TH;Urne;2005;1.269.833;25.000;2;1.244.833;317.451;25,5;367.883;29,6;X;X;100.246;8,1;326.805;26,3;57.812;4,6;74.636;6;;;;;;;;;;;;;;;;;;;;;;;;;;;;;;;;;;;;;;;;;;;;;;;;;;;;;;;
TH;Urne;2009;1.054.627;14.724;1,4;1.039.903;321.611;30,9;181.396;17,4;X;X;102.748;9,9;302.990;29,1;58.106;5,6;73.052;7;;;;;;;;;;;;;;;;;;;;;;;;;;;;;;;;;;;;;;;;;;;;;;;;;;;;;;;
TH;Urne;2013;1.048.139;17.715;1,7;1.030.424;398.940;38,7;163.037;15,8;66.152;6,4;25.912;2,5;245.164;23,8;45.913;4,5;85.306;8,3;;;;;;;;;;;;;;;;;;;;;;;;;;;;;;;;;;;;;;;;;;;;;;;;;;;;;;;
TH;Urne;2017;1.049.827;15.597;1,5;1.034.230;291.163;28,2;135.835;13,1;250.217;24,2;79.557;7,7;170.408;16,5;39.110;3,8;67.940;6,6;;;;;;;;;;;;;;;;;;;;;;;;;;;;;;;;;;;;;;;;;;;;;;;;;;;;;;;
TH;Urne;2021;864.968;11.811;1,4;853.157;140.255;16,4;185.209;21,7;240.645;28,2;77.700;9,1;89.240;10,5;46.025;5,4;74.083;8,7;;;;;;;;;;;;;;;;;;;;;;;;;;;;;;;;;;;;;;;;;;;;;;;;;;;;;;;
TH;Urne;2025;991.783;7.807;0,8;983.976;167.113;17,0;76.330;7,8;432.465;44,0;28.073;2,9;136.559;13,9;33.971;3,5;109.465;11,1;;;;;;;;;;;;;;;;;;;;;;;;;;;;;;;;;;;;;;;;;;;;;;;;;;;;;;;
RP;Urne;1957;1.885.051;75.335;4;1.809.716;962.537;53,2;559.377;30,9;X;X;176.313;9,7;X;X;X;X;111.489;6,2;;;;;;;;;;;;;;;;;;;;;;;;;;;;;;;;;;;;;;;;;;;;;;;;;;;;;;;
RP;Urne;1961;1.951.739;98.233;5;1.853.506;898.592;48,5;629.964;34;X;X;242.253;13,1;X;X;X;X;82.697;4,5;;;;;;;;;;;;;;;;;;;;;;;;;;;;;;;;;;;;;;;;;;;;;;;;;;;;;;;
RP;Urne;1965;1.965.627;57.446;2,9;1.908.181;932.050;48,8;709.475;37,2;X;X;192.775;10,1;X;X;X;X;73.881;3,9;;;;;;;;;;;;;;;;;;;;;;;;;;;;;;;;;;;;;;;;;;;;;;;;;;;;;;;
RP;Urne;1969;1.946.713;40.166;2,1;1.906.547;904.491;47,4;771.472;40,5;X;X;117.244;6,1;X;X;X;X;113.340;5,9;;;;;;;;;;;;;;;;;;;;;;;;;;;;;;;;;;;;;;;;;;;;;;;;;;;;;;;
RP;Urne;1972;2.234.266;25.205;1,1;2.209.061;1.007.063;45,6;1.000.103;45,3;X;X;177.326;8;X;X;X;X;24.569;1,1;;;;;;;;;;;;;;;;;;;;;;;;;;;;;;;;;;;;;;;;;;;;;;;;;;;;;;;
RP;Urne;1976;2.230.422;18.705;0,8;2.211.717;1.094.737;49,5;931.808;42,1;X;X;166.362;7,5;X;X;X;X;18.810;0,9;;;;;;;;;;;;;;;;;;;;;;;;;;;;;;;;;;;;;;;;;;;;;;;;;;;;;;;
RP;Urne;1980;2.209.309;27.755;1,3;2.181.554;990.294;45,4;940.825;43,1;X;X;213.166;9,8;X;X;27.202;1,2;10.067;0,5;;;;;;;;;;;;;;;;;;;;;;;;;;;;;;;;;;;;;;;;;;;;;;;;;;;;;;;
RP;Urne;1983;2.306.447;42.813;1,9;2.263.634;1.121.110;49,5;880.643;38,9;X;X;155.235;6,9;X;X;95.322;4,2;11.324;0,5;;;;;;;;;;;;;;;;;;;;;;;;;;;;;;;;;;;;;;;;;;;;;;;;;;;;;;;
RP;Urne;1987;2.260.713;30.177;1,3;2.230.536;999.477;44,8;843.205;37,8;X;X;198.531;8,9;X;X;159.533;7,2;29.790;1,3;;;;;;;;;;;;;;;;;;;;;;;;;;;;;;;;;;;;;;;;;;;;;;;;;;;;;;;
RP;Urne;1990;2.155.248;31.675;1,5;2.123.573;963.687;45,4;775.597;36,5;X;X;219.401;10,3;3.567;0,2;83.247;3,9;78.074;3,7;;;;;;;;;;;;;;;;;;;;;;;;;;;;;;;;;;;;;;;;;;;;;;;;;;;;;;;
RP;Urne;1994;2.037.402;27.410;1,3;2.009.992;867.827;43,2;817.697;40,7;X;X;132.939;6,6;12.018;0,6;116.779;5,8;62.732;3,1;;;;;;;;;;;;;;;;;;;;;;;;;;;;;;;;;;;;;;;;;;;;;;;;;;;;;;;
RP;Urne;1998;2.126.112;34.901;1,6;2.091.211;807.072;38,6;883.271;42,2;X;X;142.327;6,8;21.136;1;124.958;6;112.447;5,4;;;;;;;;;;;;;;;;;;;;;;;;;;;;;;;;;;;;;;;;;;;;;;;;;;;;;;;
RP;Urne;2002;2.011.075;35.005;1,7;1.976.070;787.065;39,8;767.819;38,9;X;X;178.637;9;20.008;1;157.290;8;65.251;3,3;;;;;;;;;;;;;;;;;;;;;;;;;;;;;;;;;;;;;;;;;;;;;;;;;;;;;;;
RP;Urne;2005;1.944.321;44.554;2,3;1.899.767;678.953;35,7;667.117;35,1;X;X;225.477;11,9;106.952;5,6;142.285;7,5;78.983;4,2;;;;;;;;;;;;;;;;;;;;;;;;;;;;;;;;;;;;;;;;;;;;;;;;;;;;;;;
RP;Urne;2009;1.642.629;33.024;2;1.609.605;543.795;33,8;393.034;24,4;X;X;263.520;16,4;159.810;9,9;154.271;9,6;95.175;5,9;;;;;;;;;;;;;;;;;;;;;;;;;;;;;;;;;;;;;;;;;;;;;;;;;;;;;;;
RP;Urne;2013;1.622.386;29.636;1,8;1.592.750;680.651;42,7;447.072;28,1;81.254;5,1;80.007;5;94.033;5,9;116.814;7,3;92.919;5,8;;;;;;;;;;;;;;;;;;;;;;;;;;;;;;;;;;;;;;;;;;;;;;;;;;;;;;;
RP;Urne;2017;1.560.548;23.000;1,5;1.537.548;517.954;33,7;380.032;24,7;191.867;12,5;155.146;10,1;114.288;7,4;118.418;7,7;59.843;3,9;;;;;;;;;;;;;;;;;;;;;;;;;;;;;;;;;;;;;;;;;;;;;;;;;;;;;;;
RP;Urne;2021;922.497;12.498;1,4;909.999;202.155;22,2;252.124;27,7;124.814;13,7;109.142;12;34.224;3,8;101.501;11,2;86.039;9,5;;;;;;;;;;;;;;;;;;;;;;;;;;;;;;;;;;;;;;;;;;;;;;;;;;;;;;;
RP;Urne;2025;1.357.108;12.616;0,9;1.344.492;359.276;26,7;230.415;17,1;347.713;25,9;62.708;4,7;97.979;7,3;129.970;9,7;116.431;8,7;;;;;;;;;;;;;;;;;;;;;;;;;;;;;;;;;;;;;;;;;;;;;;;;;;;;;;;
BY;Urne;1957;5.213.389;193.504;3,7;5.019.885;2.853.857;56,9;1.348.060;26,9;X;X;222.303;4,4;X;X;X;X;595.665;11,9;;;;;;;;;;;;;;;;;;;;;;;;;;;;;;;;;;;;;;;;;;;;;;;;;;;;;;;
BY;Urne;1961;5.391.548;223.834;4,2;5.167.714;2.831.931;54,8;1.576.543;30,5;X;X;438.689;8,5;X;X;X;X;320.551;6,2;;;;;;;;;;;;;;;;;;;;;;;;;;;;;;;;;;;;;;;;;;;;;;;;;;;;;;;
BY;Urne;1965;5.394.684;158.573;2,9;5.236.111;2.910.745;55,6;1.754.737;33,5;X;X;368.876;7;X;X;X;X;201.753;3,9;;;;;;;;;;;;;;;;;;;;;;;;;;;;;;;;;;;;;;;;;;;;;;;;;;;;;;;
BY;Urne;1969;5.417.159;104.978;1,9;5.312.181;2.891.267;54,4;1.844.149;34,7;X;X;204.295;3,8;X;X;X;X;372.470;7;;;;;;;;;;;;;;;;;;;;;;;;;;;;;;;;;;;;;;;;;;;;;;;;;;;;;;;
BY;Urne;1972;6.077.415;60.451;1;6.016.964;3.299.963;54,8;2.302.745;38,3;X;X;353.182;5,9;X;X;X;X;61.074;1;;;;;;;;;;;;;;;;;;;;;;;;;;;;;;;;;;;;;;;;;;;;;;;;;;;;;;;
BY;Urne;1976;6.048.091;49.025;0,8;5.999.066;3.582.087;59,7;1.996.733;33,3;X;X;362.592;6;X;X;X;X;57.654;1;;;;;;;;;;;;;;;;;;;;;;;;;;;;;;;;;;;;;;;;;;;;;;;;;;;;;;;
BY;Urne;1980;5.923.294;63.870;1,1;5.859.424;3.375.274;57,6;1.938.875;33,1;X;X;444.180;7,6;X;X;71.288;1,2;29.807;0,5;;;;;;;;;;;;;;;;;;;;;;;;;;;;;;;;;;;;;;;;;;;;;;;;;;;;;;;
BY;Urne;1983;6.220.887;51.726;0,8;6.169.161;3.679.805;59,6;1.806.100;29,3;X;X;367.043;5,9;X;X;269.581;4,4;46.632;0,8;;;;;;;;;;;;;;;;;;;;;;;;;;;;;;;;;;;;;;;;;;;;;;;;;;;;;;;
BY;Urne;1987;5.951.995;54.021;0,9;5.897.974;3.254.492;55,2;1.630.993;27,7;X;X;454.831;7,7;X;X;431.596;7,3;126.062;2,1;;;;;;;;;;;;;;;;;;;;;;;;;;;;;;;;;;;;;;;;;;;;;;;;;;;;;;;
BY;Urne;1990;5.613.168;49.464;0,9;5.563.704;2.883.310;51,8;1.505.653;27,1;X;X;466.289;8,4;11.018;0,2;247.721;4,5;449.713;8,1;;;;;;;;;;;;;;;;;;;;;;;;;;;;;;;;;;;;;;;;;;;;;;;;;;;;;;;
BY;Urne;1994;5.769.461;47.666;0,8;5.721.795;2.930.673;51,2;1.734.595;30,3;X;X;342.126;6;29.794;0,5;342.149;6;342.458;6;;;;;;;;;;;;;;;;;;;;;;;;;;;;;;;;;;;;;;;;;;;;;;;;;;;;;;;
BY;Urne;1998;5.596.433;45.231;0,8;5.551.202;2.634.486;47,5;1.963.197;35,4;X;X;263.128;4,7;36.740;0,7;313.642;5,6;340.009;6,1;;;;;;;;;;;;;;;;;;;;;;;;;;;;;;;;;;;;;;;;;;;;;;;;;;;;;;;
BY;Urne;2002;5.734.896;47.763;0,8;5.687.133;3.347.751;58,9;1.488.202;26,2;X;X;243.755;4,3;38.743;0,7;429.613;7,6;139.069;2,4;;;;;;;;;;;;;;;;;;;;;;;;;;;;;;;;;;;;;;;;;;;;;;;;;;;;;;;
BY;Urne;2005;5.651.934;76.822;1,4;5.575.112;2.720.635;48,8;1.431.204;25,7;X;X;532.039;9,5;194.605;3,5;440.361;7,9;256.268;4,6;;;;;;;;;;;;;;;;;;;;;;;;;;;;;;;;;;;;;;;;;;;;;;;;;;;;;;;
BY;Urne;2009;4.765.811;56.071;1,2;4.709.740;1.964.233;41,7;822.261;17,5;X;X;684.458;14,5;323.512;6,9;500.153;10,6;415.123;8,8;;;;;;;;;;;;;;;;;;;;;;;;;;;;;;;;;;;;;;;;;;;;;;;;;;;;;;;
BY;Urne;2013;4.288.982;34.643;0,8;4.254.339;2.116.978;49,8;879.694;20,7;198.570;4,7;198.596;4,7;180.006;4,2;332.100;7,8;348.395;8,2;;;;;;;;;;;;;;;;;;;;;;;;;;;;;;;;;;;;;;;;;;;;;;;;;;;;;;;
BY;Urne;2017;4.667.689;37.741;0,8;4.629.948;1.740.297;37,6;734.764;15,9;620.430;13,4;450.739;9,7;306.727;6,6;452.559;9,8;324.432;7;;;;;;;;;;;;;;;;;;;;;;;;;;;;;;;;;;;;;;;;;;;;;;;;;;;;;;;
BY;Urne;2021;2.860.677;20.315;0,7;2.840.362;863.042;30,4;504.895;17,8;342.802;12,1;301.903;10,6;92.213;3,2;381.872;13,4;353.635;12,5;;;;;;;;;;;;;;;;;;;;;;;;;;;;;;;;;;;;;;;;;;;;;;;;;;;;;;;
BY;Urne;2025;3.824.831;16.278;0,4;3.808.553;1.263.958;33,2;431.412;11,3;922.961;24,2;164.782;4,3;253.462;6,7;425.620;11,2;346.358;9,1;;;;;;;;;;;;;;;;;;;;;;;;;;;;;;;;;;;;;;;;;;;;;;;;;;;;;;;
BW;Urne;1957;3.906.004;187.373;4,8;3.718.631;1.945.203;52,3;976.576;26,3;X;X;531.956;14,3;X;X;X;X;264.896;7,1;;;;;;;;;;;;;;;;;;;;;;;;;;;;;;;;;;;;;;;;;;;;;;;;;;;;;;;
BW;Urne;1961;4.185.748;227.457;5,4;3.958.291;1.781.503;45;1.285.671;32,5;X;X;653.371;16,5;X;X;X;X;237.746;6;;;;;;;;;;;;;;;;;;;;;;;;;;;;;;;;;;;;;;;;;;;;;;;;;;;;;;;
BW;Urne;1965;4.301.132;144.466;3,4;4.156.666;2.066.624;49,7;1.385.893;33,3;X;X;538.077;12,9;X;X;X;X;166.072;4;;;;;;;;;;;;;;;;;;;;;;;;;;;;;;;;;;;;;;;;;;;;;;;;;;;;;;;
BW;Urne;1969;4.360.643;103.694;2,4;4.256.949;2.161.592;50,8;1.558.951;36,6;X;X;308.473;7,2;X;X;X;X;227.933;5,4;;;;;;;;;;;;;;;;;;;;;;;;;;;;;;;;;;;;;;;;;;;;;;;;;;;;;;;
BW;Urne;1972;5.014.194;53.126;1,1;4.961.068;2.471.167;49,8;1.941.805;39,1;X;X;492.702;9,9;X;X;X;X;55.394;1,1;;;;;;;;;;;;;;;;;;;;;;;;;;;;;;;;;;;;;;;;;;;;;;;;;;;;;;;
BW;Urne;1976;4.938.313;44.991;0,9;4.893.322;2.600.326;53,1;1.809.678;37;X;X;437.237;8,9;X;X;X;X;46.081;0,9;;;;;;;;;;;;;;;;;;;;;;;;;;;;;;;;;;;;;;;;;;;;;;;;;;;;;;;
BW;Urne;1980;4.876.786;61.399;1,3;4.815.387;2.341.016;48,6;1.805.658;37,5;X;X;569.500;11,8;X;X;79.126;1,6;20.087;0,4;;;;;;;;;;;;;;;;;;;;;;;;;;;;;;;;;;;;;;;;;;;;;;;;;;;;;;;
BW;Urne;1983;5.220.175;60.447;1,2;5.159.728;2.727.294;52,9;1.623.504;31,5;X;X;453.259;8,8;X;X;328.044;6,4;27.627;0,5;;;;;;;;;;;;;;;;;;;;;;;;;;;;;;;;;;;;;;;;;;;;;;;;;;;;;;;
BW;Urne;1987;5.111.309;65.184;1,3;5.046.125;2.361.245;46,8;1.512.795;30;X;X;586.981;11,6;X;X;477.546;9,5;107.558;2,1;;;;;;;;;;;;;;;;;;;;;;;;;;;;;;;;;;;;;;;;;;;;;;;;;;;;;;;
BW;Urne;1990;4.997.319;73.299;1,5;4.924.020;2.298.126;46,7;1.443.299;29,3;X;X;596.165;12,1;11.295;0,2;269.007;5,5;306.128;6,2;;;;;;;;;;;;;;;;;;;;;;;;;;;;;;;;;;;;;;;;;;;;;;;;;;;;;;;
BW;Urne;1994;5.028.293;70.517;1,4;4.957.776;2.152.338;43,4;1.556.993;31,4;X;X;470.443;9,5;35.900;0,7;452.813;9,1;289.289;5,8;;;;;;;;;;;;;;;;;;;;;;;;;;;;;;;;;;;;;;;;;;;;;;;;;;;;;;;
BW;Urne;1998;5.071.971;81.898;1,6;4.990.073;1.888.802;37,9;1.811.797;36,3;X;X;418.422;8,4;48.747;1;439.199;8,8;383.106;7,7;;;;;;;;;;;;;;;;;;;;;;;;;;;;;;;;;;;;;;;;;;;;;;;;;;;;;;;
BW;Urne;2002;4.989.837;72.436;1,5;4.917.401;2.125.007;43,2;1.652.828;33,6;X;X;367.709;7,5;46.090;0,9;548.203;11,1;177.564;3,6;;;;;;;;;;;;;;;;;;;;;;;;;;;;;;;;;;;;;;;;;;;;;;;;;;;;;;;
BW;Urne;2005;4.885.191;93.865;1,9;4.791.326;1.861.833;38,9;1.457.051;30,4;X;X;572.198;11,9;179.511;3,7;509.028;10,6;211.705;4,4;;;;;;;;;;;;;;;;;;;;;;;;;;;;;;;;;;;;;;;;;;;;;;;;;;;;;;;
BW;Urne;2009;4.481.263;79.652;1,8;4.401.611;1.507.141;34,2;869.768;19,8;X;X;815.728;18,5;325.813;7,4;594.692;13,5;288.469;6,6;;;;;;;;;;;;;;;;;;;;;;;;;;;;;;;;;;;;;;;;;;;;;;;;;;;;;;;
BW;Urne;2013;4.439.343;60.578;1,4;4.378.765;2.014.335;46;916.125;20,9;237.001;5,4;250.243;5,7;223.424;5,1;453.291;10,4;284.346;6,5;;;;;;;;;;;;;;;;;;;;;;;;;;;;;;;;;;;;;;;;;;;;;;;;;;;;;;;
BW;Urne;2017;4.409.569;53.074;1,2;4.356.495;1.464.974;33,6;732.005;16,8;569.884;13,1;538.591;12,4;287.271;6,6;567.554;13;196.216;4,5;;;;;;;;;;;;;;;;;;;;;;;;;;;;;;;;;;;;;;;;;;;;;;;;;;;;;;;
BW;Urne;2021;2.982.310;33.255;1,1;2.949.055;703.796;23,9;625.869;21,2;375.317;12,7;459.100;15,6;104.704;3,6;426.878;14,5;253.391;8,6;;;;;;;;;;;;;;;;;;;;;;;;;;;;;;;;;;;;;;;;;;;;;;;;;;;;;;;
BW;Urne;2025;4.030.608;25.865;0,6;4.004.743;1.181.752;29,5;546.198;13,6;951.861;23,8;222.429;5,6;288.584;7,2;482.120;12,0;331.799;8,3;;;;;;;;;;;;;;;;;;;;;;;;;;;;;;;;;;;;;;;;;;;;;;;;;;;;;;;
SL;Urne;1957;569.983;37.992;6,7;531.991;289.111;54,3;135.236;25,4;X;X;95.871;18;X;X;X;X;11.773;2,2;;;;;;;;;;;;;;;;;;;;;;;;;;;;;;;;;;;;;;;;;;;;;;;;;;;;;;;
SL;Urne;1961;597.695;46.562;7,8;551.133;267.825;48,6;187.326;34;X;X;70.351;12,8;X;X;X;X;25.631;4,7;;;;;;;;;;;;;;;;;;;;;;;;;;;;;;;;;;;;;;;;;;;;;;;;;;;;;;;
SL;Urne;1965;606.838;25.249;4,2;581.589;269.184;46,3;234.766;40,4;X;X;49.165;8,5;X;X;X;X;28.474;4,9;;;;;;;;;;;;;;;;;;;;;;;;;;;;;;;;;;;;;;;;;;;;;;;;;;;;;;;
SL;Urne;1969;603.318;18.362;3;584.956;267.652;45,8;235.858;40,3;X;X;37.917;6,5;X;X;X;X;43.529;7,4;;;;;;;;;;;;;;;;;;;;;;;;;;;;;;;;;;;;;;;;;;;;;;;;;;;;;;;
SL;Urne;1972;688.054;10.603;1,5;677.451;291.331;43;328.131;48,4;X;X;47.235;7;X;X;X;X;10.754;1,6;;;;;;;;;;;;;;;;;;;;;;;;;;;;;;;;;;;;;;;;;;;;;;;;;;;;;;;
SL;Urne;1976;675.950;7.005;1;668.945;304.514;45,5;313.505;46,9;X;X;43.809;6,5;X;X;X;X;7.117;1,1;;;;;;;;;;;;;;;;;;;;;;;;;;;;;;;;;;;;;;;;;;;;;;;;;;;;;;;
SL;Urne;1980;657.538;9.860;1,5;647.598;271.467;41,9;315.601;48,7;X;X;50.475;7,8;X;X;6.333;1;3.722;0,6;;;;;;;;;;;;;;;;;;;;;;;;;;;;;;;;;;;;;;;;;;;;;;;;;;;;;;;
SL;Urne;1983;682.754;9.171;1,3;673.582;299.464;44,5;299.091;44,4;X;X;39.560;5,9;X;X;30.859;4,6;4.608;0,7;;;;;;;;;;;;;;;;;;;;;;;;;;;;;;;;;;;;;;;;;;;;;;;;;;;;;;;
SL;Urne;1987;659.430;12.118;1,8;647.312;263.627;40,7;286.015;44,2;X;X;43.684;6,7;X;X;44.970;6,9;9.016;1,4;;;;;;;;;;;;;;;;;;;;;;;;;;;;;;;;;;;;;;;;;;;;;;;;;;;;;;;
SL;Urne;1990;641.684;9.885;1,5;631.799;238.039;37,7;326.979;51,8;X;X;37.174;5,9;976;0,2;14.104;2,2;14.527;2,3;;;;;;;;;;;;;;;;;;;;;;;;;;;;;;;;;;;;;;;;;;;;;;;;;;;;;;;
SL;Urne;1994;589.580;23.476;4;566.104;205.757;36,3;283.328;50;X;X;22.921;4;3.921;0,7;31.696;5,6;18.481;3,3;;;;;;;;;;;;;;;;;;;;;;;;;;;;;;;;;;;;;;;;;;;;;;;;;;;;;;;
SL;Urne;1998;593.457;12.503;2,1;580.954;180.865;31,1;309.899;53,3;X;X;25.975;4,5;6.035;1;31.705;5,5;26.475;4,6;;;;;;;;;;;;;;;;;;;;;;;;;;;;;;;;;;;;;;;;;;;;;;;;;;;;;;;
SL;Urne;2002;543.380;12.539;2,3;530.841;181.662;34,2;246.871;46,5;X;X;33.538;6,3;7.520;1,4;41.166;7,8;20.084;3,8;;;;;;;;;;;;;;;;;;;;;;;;;;;;;;;;;;;;;;;;;;;;;;;;;;;;;;;
SL;Urne;2005;526.705;14.247;2,7;512.458;147.096;28,7;173.415;33,8;X;X;38.754;7,6;96.934;18,9;31.464;6,1;24.795;4,8;;;;;;;;;;;;;;;;;;;;;;;;;;;;;;;;;;;;;;;;;;;;;;;;;;;;;;;
SL;Urne;2009;466.946;9.601;2,1;457.345;133.208;29,1;114.370;25;X;X;54.680;12;100.793;22;30.985;6,8;23.309;5,1;;;;;;;;;;;;;;;;;;;;;;;;;;;;;;;;;;;;;;;;;;;;;;;;;;;;;;;
SL;Urne;2013;449.019;12.057;2,7;436.962;160.528;36,7;136.744;31,3;23.975;5,5;15.661;3,6;46.071;10,5;23.850;5,5;30.133;6,9;;;;;;;;;;;;;;;;;;;;;;;;;;;;;;;;;;;;;;;;;;;;;;;;;;;;;;;
SL;Urne;2017;441.042;8.098;1,8;432.944;131.538;30,4;118.279;27,3;46.753;10,8;32.302;7,5;59.921;13,8;26.663;6,2;17.488;4;;;;;;;;;;;;;;;;;;;;;;;;;;;;;;;;;;;;;;;;;;;;;;;;;;;;;;;
SL;Urne;2021;348.874;6.519;1,9;342.355;76.906;22,5;123.320;36;41.307;12,1;39.504;11,5;25.431;7,4;–;0;35.887;10,5;;;;;;;;;;;;;;;;;;;;;;;;;;;;;;;;;;;;;;;;;;;;;;;;;;;;;;;
SL;Urne;2025;375.595;3.875;1,0;371.720;90.156;24,3;75.944;20,4;97.298;26,2;15.979;4,3;30.006;8,1;23.418;6,3;38.919;10,5;;;;;;;;;;;;;;;;;;;;;;;;;;;;;;;;;;;;;;;;;;;;;;;;;;;;;;;
Bund;Urne;1957;29.535.800;1.141.965;3,9;28.393.835;14.096.735;49,6;9.178.234;32,3;X;X;2.161.107;7,6;X;X;X;X;2.957.759;10,4;;;;;;;;;;;;;;;;;;;;;;;;;;;;;;;;;;;;;;;;;;;;;;;;;;;;;;;
Bund;Urne;1961;30.958.020;1.273.989;4,1;29.684.031;13.326.949;44,9;10.922.133;36,8;X;X;3.725.756;12,6;X;X;X;X;1.709.193;5,8;;;;;;;;;;;;;;;;;;;;;;;;;;;;;;;;;;;;;;;;;;;;;;;;;;;;;;;
Bund;Urne;1965;30.972.272;778.278;2,5;30.193.994;14.247.752;47,2;12.036.396;39,9;X;X;2.818.576;9,3;X;X;X;X;1.091.270;3,6;;;;;;;;;;;;;;;;;;;;;;;;;;;;;;;;;;;;;;;;;;;;;;;;;;;;;;;
Bund;Urne;1969;31.141.204;542.452;1,7;30.598.752;14.044.448;45,9;13.161.359;43;X;X;1.707.693;5,6;X;X;X;X;1.685.252;5,5;;;;;;;;;;;;;;;;;;;;;;;;;;;;;;;;;;;;;;;;;;;;;;;;;;;;;;;
Bund;Urne;1972;35.039.165;289.297;0,8;34.749.868;15.496.261;44,6;16.101.317;46,3;X;X;2.829.266;8,1;X;X;X;X;323.024;0,9;;;;;;;;;;;;;;;;;;;;;;;;;;;;;;;;;;;;;;;;;;;;;;;;;;;;;;;
Bund;Urne;1976;34.066.541;325.458;1;33.741.083;16.232.081;48,1;14.591.136;43,2;X;X;2.630.720;7,8;X;X;X;X;287.146;0,9;;;;;;;;;;;;;;;;;;;;;;;;;;;;;;;;;;;;;;;;;;;;;;;;;;;;;;;
Bund;Urne;1980;33.300.234;331.541;1;32.968.613;14.568.855;44,2;14.313.120;43,4;X;X;3.478.646;10,6;X;X;455.070;1,4;152.922;0,5;;;;;;;;;;;;;;;;;;;;;;;;;;;;;;;;;;;;;;;;;;;;;;;;;;;;;;;
Bund;Urne;1983;35.143.713;320.536;0,9;34.823.176;16.939.532;48,6;13.512.973;38,8;X;X;2.360.930;6,8;X;X;1.828.317;5,3;181.424;0,5;;;;;;;;;;;;;;;;;;;;;;;;;;;;;;;;;;;;;;;;;;;;;;;;;;;;;;;
Bund;Urne;1987;33.977.345;337.903;1;33.639.442;14.786.257;44;12.774.770;38;X;X;2.962.552;8,8;X;X;2.655.916;7,9;459.947;1,4;;;;;;;;;;;;;;;;;;;;;;;;;;;;;;;;;;;;;;;;;;;;;;;;;;;;;;;
Bund;Urne;1990;42.560.145;516.232;1,2;42.043.913;18.372.002;43,7;14.179.683;33,7;X;X;4.590.684;10,9;1.066.225;2,5;2.063.989;4,9;1.771.330;4,2;;;;;;;;;;;;;;;;;;;;;;;;;;;;;;;;;;;;;;;;;;;;;;;;;;;;;;;
Bund;Urne;1994;41.348.952;594.168;1,4;40.754.784;16.779.916;41,2;15.177.191;37,2;X;X;2.680.286;6,6;1.819.474;4,5;2.819.924;6,9;1.477.993;3,6;;;;;;;;;;;;;;;;;;;;;;;;;;;;;;;;;;;;;;;;;;;;;;;;;;;;;;;
Bund;Urne;1998;41.930.965;592.037;1,4;41.338.928;14.292.812;34,6;17.273.548;41,8;X;X;2.436.715;5,9;2.206.302;5,3;2.648.488;6,4;2.481.063;6;;;;;;;;;;;;;;;;;;;;;;;;;;;;;;;;;;;;;;;;;;;;;;;;;;;;;;;
Bund;Urne;2002;39.816.999;533.844;1,3;39.283.155;14.960.921;38,1;15.349.274;39,1;X;X;2.805.472;7,1;1.625.810;4,1;3.324.712;8,5;1.216.966;3,1;;;;;;;;;;;;;;;;;;;;;;;;;;;;;;;;;;;;;;;;;;;;;;;;;;;;;;;
Bund;Urne;2005;39.074.779;672.176;1,7;38.402.603;13.131.666;34,2;13.311.211;34,7;X;X;3.803.368;9,9;3.439.022;9;3.138.333;8,2;1.579.003;4,1;;;;;;;;;;;;;;;;;;;;;;;;;;;;;;;;;;;;;;;;;;;;;;;;;;;;;;;
Bund;Urne;2009;34.584.169;555.668;1,6;34.028.501;11.173.642;32,8;8.045.029;23,6;X;X;4.889.765;14,4;4.266.609;12,5;3.549.655;10,4;2.103.801;6,2;;;;;;;;;;;;;;;;;;;;;;;;;;;;;;;;;;;;;;;;;;;;;;;;;;;;;;;
Bund;Urne;2013;33.551.248;484.814;1,4;33.066.434;13.597.199;41,1;8.653.023;26,2;1.642.080;5;1.435.024;4,3;3.066.624;9,3;2.625.541;7,9;2.046.943;6,2;;;;;;;;;;;;;;;;;;;;;;;;;;;;;;;;;;;;;;;;;;;;;;;;;;;;;;;
Bund;Urne;2017;33.545.873;387.566;1,2;33.158.307;10.455.977;31,5;6.947.478;21;4.597.499;13,9;3.401.498;10,3;3.222.591;9,7;2.888.879;8,7;1.644.385;5;;;;;;;;;;;;;;;;;;;;;;;;;;;;;;;;;;;;;;;;;;;;;;;;;;;;;;;
Bund;Urne;2021;24.708.172;292.349;1,2;24.415.823;5.500.863;22,5;6.256.699;25,6;3.320.958;13,6;2.785.354;11,4;1.283.006;5,3;3.176.179;13;2.092.764;8,6;;;;;;;;;;;;;;;;;;;;;;;;;;;;;;;;;;;;;;;;;;;;;;;;;;;;;;;
Bund;Urne;2025;31.430.857;218.085;0,7;31.212.772;8.017.289;25,7;4.936.354;15,8;7.903.397;25,3;1.350.738;4,3;2.930.850;9,4;3.210.734;10,3;2.863.410;9,2;;;;;;;;;;;;;;;;;;;;;;;;;;;;;;;;;;;;;;;;;;;;;;;;;;;;;;;
SH;Brief;1957;65.682;2.042;3,1;63.640;36.571;57,5;13.382;21;X;X;4.991;7,8;X;X;X;X;8.696;13,7;;;;;;;;;;;;;;;;;;;;;;;;;;;;;;;;;;;;;;;;;;;;;;;;;;;;;;;
SH;Brief;1961;83.221;1.641;2;81.580;38.403;47,1;22.221;27,2;X;X;14.493;17,8;X;X;X;X;6.463;7,9;;;;;;;;;;;;;;;;;;;;;;;;;;;;;;;;;;;;;;;;;;;;;;;;;;;;;;;
SH;Brief;1965;102.851;702;0,7;102.149;53.582;52,5;32.994;32,3;X;X;11.092;10,9;X;X;X;X;4.481;4,4;;;;;;;;;;;;;;;;;;;;;;;;;;;;;;;;;;;;;;;;;;;;;;;;;;;;;;;
SH;Brief;1969;103.266;686;0,7;102.580;48.284;47,1;41.043;40;X;X;8.145;7,9;X;X;X;X;5.108;5;;;;;;;;;;;;;;;;;;;;;;;;;;;;;;;;;;;;;;;;;;;;;;;;;;;;;;;
SH;Brief;1972;117.678;614;0,5;117.064;50.807;43,4;50.874;43,5;X;X;14.270;12,2;X;X;X;X;1.113;1;;;;;;;;;;;;;;;;;;;;;;;;;;;;;;;;;;;;;;;;;;;;;;;;;;;;;;;
SH;Brief;1976;191.660;523;0,3;191.137;94.084;49,2;75.208;39,3;X;X;19.776;10,3;X;X;X;X;2.069;1,1;;;;;;;;;;;;;;;;;;;;;;;;;;;;;;;;;;;;;;;;;;;;;;;;;;;;;;;
SH;Brief;1980;201.439;785;0,4;200.654;87.260;43,5;82.316;41;X;X;25.389;12,7;X;X;4.829;2,4;860;0,4;;;;;;;;;;;;;;;;;;;;;;;;;;;;;;;;;;;;;;;;;;;;;;;;;;;;;;;
SH;Brief;1983;168.765;742;0,4;168.023;83.092;49,5;57.842;34,4;X;X;11.999;7,1;X;X;14.459;8,6;631;0,4;;;;;;;;;;;;;;;;;;;;;;;;;;;;;;;;;;;;;;;;;;;;;;;;;;;;;;;
SH;Brief;1987;165.533;685;0,4;164.848;77.710;47,1;48.485;29,4;X;X;18.797;11,4;X;X;18.575;11,3;1.281;0,8;;;;;;;;;;;;;;;;;;;;;;;;;;;;;;;;;;;;;;;;;;;;;;;;;;;;;;;
SH;Brief;1990;147.869;713;0,5;147.156;68.012;46,2;48.235;32,8;X;X;18.232;12,4;859;0,6;8.243;5,6;3.575;2,4;;;;;;;;;;;;;;;;;;;;;;;;;;;;;;;;;;;;;;;;;;;;;;;;;;;;;;;
SH;Brief;1994;253.714;1.151;0,5;252.563;110.263;43,7;81.751;32,4;X;X;23.842;9,4;3.398;1,3;28.198;11,2;5.111;2;;;;;;;;;;;;;;;;;;;;;;;;;;;;;;;;;;;;;;;;;;;;;;;;;;;;;;;
SH;Brief;1998;249.980;1.897;0,8;248.083;97.999;39,5;95.164;38,4;X;X;24.153;9,7;3.808;1,5;18.835;7,6;8.124;3,3;;;;;;;;;;;;;;;;;;;;;;;;;;;;;;;;;;;;;;;;;;;;;;;;;;;;;;;
SH;Brief;2002;257.272;1.565;0,6;255.707;99.897;39,1;98.972;38,7;X;X;23.404;9,2;3.386;1,3;23.800;9,3;6.248;2,4;;;;;;;;;;;;;;;;;;;;;;;;;;;;;;;;;;;;;;;;;;;;;;;;;;;;;;;
SH;Brief;2005;261.073;1.999;0,8;259.074;109.241;42,2;90.532;34,9;X;X;24.464;9,4;11.473;4,4;19.815;7,6;3.549;1,4;;;;;;;;;;;;;;;;;;;;;;;;;;;;;;;;;;;;;;;;;;;;;;;;;;;;;;;
SH;Brief;2009;252.527;3.172;1,3;249.355;89.194;35,8;57.768;23,2;X;X;42.694;17,1;17.151;6,9;33.976;13,6;8.572;3,4;;;;;;;;;;;;;;;;;;;;;;;;;;;;;;;;;;;;;;;;;;;;;;;;;;;;;;;
SH;Brief;2013;294.106;2.018;0,7;292.088;117.142;40,1;84.451;28,9;11.415;3,9;22.971;7,9;11.433;3,9;32.845;11,2;11.831;4,1;;;;;;;;;;;;;;;;;;;;;;;;;;;;;;;;;;;;;;;;;;;;;;;;;;;;;;;
SH;Brief;2017;381.763;1.719;0,5;380.044;139.479;36,7;80.667;21,2;24.626;6,5;53.446;14,1;24.177;6,4;48.133;12,7;9.516;2,5;;;;;;;;;;;;;;;;;;;;;;;;;;;;;;;;;;;;;;;;;;;;;;;;;;;;;;;
SH;Brief;2021;588.718;2.716;0,5;586.002;129.691;22,1;160.497;27,4;27.315;4,7;73.580;12,6;20.618;3,5;126.098;21,5;48.203;8,2;;;;;;;;;;;;;;;;;;;;;;;;;;;;;;;;;;;;;;;;;;;;;;;;;;;;;;;
SH;Brief;2025;544.262;1.744;0,3;542.518;162.840;30,0;106.840;19,7;53.830;9,9;24.190;4,5;37.199;6,9;100.087;18,4;57.532;10,6;;;;;;;;;;;;;;;;;;;;;;;;;;;;;;;;;;;;;;;;;;;;;;;;;;;;;;;
MV;Brief;1990;29.594;211;0,7;29.383;10.869;37;6.440;21,9;X;X;2.946;10;5.552;18,9;2.889;9,8;687;2,3;;;;;;;;;;;;;;;;;;;;;;;;;;;;;;;;;;;;;;;;;;;;;;;;;;;;;;;
MV;Brief;1994;82.732;724;0,9;82.008;28.884;35,2;20.515;25;X;X;3.142;3,8;23.032;28,1;5.002;6,1;1.433;1,7;;;;;;;;;;;;;;;;;;;;;;;;;;;;;;;;;;;;;;;;;;;;;;;;;;;;;;;
MV;Brief;1998;93.415;839;0,9;92.576;27.026;29,2;29.316;31,7;X;X;3.031;3,3;23.783;25,7;4.942;5,3;4.478;4,8;;;;;;;;;;;;;;;;;;;;;;;;;;;;;;;;;;;;;;;;;;;;;;;;;;;;;;;
MV;Brief;2002;111.420;1.350;1,2;110.070;31.756;28,9;44.235;40,2;X;X;6.204;5,6;19.901;18,1;5.876;5,3;2.098;1,9;;;;;;;;;;;;;;;;;;;;;;;;;;;;;;;;;;;;;;;;;;;;;;;;;;;;;;;
MV;Brief;2005;121.704;1.118;0,9;120.586;36.030;29,9;39.466;32,7;X;X;6.807;5,6;27.975;23,2;6.315;5,2;3.993;3,3;;;;;;;;;;;;;;;;;;;;;;;;;;;;;;;;;;;;;;;;;;;;;;;;;;;;;;;
MV;Brief;2009;135.618;1.131;0,8;134.487;47.713;35,5;21.635;16,1;X;X;11.973;8,9;37.041;27,5;10.399;7,7;5.726;4,3;;;;;;;;;;;;;;;;;;;;;;;;;;;;;;;;;;;;;;;;;;;;;;;;;;;;;;;
MV;Brief;2013;160.538;1.384;0,9;159.154;67.213;42,2;29.657;18,6;7.282;4,6;4.122;2,6;32.953;20,7;10.125;6,4;7.802;4,9;;;;;;;;;;;;;;;;;;;;;;;;;;;;;;;;;;;;;;;;;;;;;;;;;;;;;;;
MV;Brief;2017;224.762;1.411;0,6;223.351;80.920;36,2;33.292;14,9;29.940;13,4;14.939;6,7;42.328;19;11.600;5,2;10.332;4,6;;;;;;;;;;;;;;;;;;;;;;;;;;;;;;;;;;;;;;;;;;;;;;;;;;;;;;;
MV;Brief;2021;326.037;2.834;0,9;323.203;57.235;17,7;97.914;30,3;38.299;11,8;28.489;8,8;41.728;12,9;32.811;10,2;26.727;8,3;;;;;;;;;;;;;;;;;;;;;;;;;;;;;;;;;;;;;;;;;;;;;;;;;;;;;;;
MV;Brief;2025;297.388;1.204;0,4;296.184;63.780;21,5;45.975;15,5;66.193;22,3;9.519;3,2;39.111;13,2;22.444;7,6;49.162;16,6;;;;;;;;;;;;;;;;;;;;;;;;;;;;;;;;;;;;;;;;;;;;;;;;;;;;;;;
HH;Brief;1957;73.800;992;1,3;72.808;36.193;49,7;22.359;30,7;X;X;8.566;11,8;X;X;X;X;5.690;7,8;;;;;;;;;;;;;;;;;;;;;;;;;;;;;;;;;;;;;;;;;;;;;;;;;;;;;;;
HH;Brief;1961;90.810;1.291;1,4;89.519;35.311;39,4;31.382;35,1;X;X;19.050;21,3;X;X;X;X;3.776;4,2;;;;;;;;;;;;;;;;;;;;;;;;;;;;;;;;;;;;;;;;;;;;;;;;;;;;;;;
HH;Brief;1965;111.455;661;0,6;110.794;49.221;44,4;43.939;39,7;X;X;12.514;11,3;X;X;X;X;5.120;4,6;;;;;;;;;;;;;;;;;;;;;;;;;;;;;;;;;;;;;;;;;;;;;;;;;;;;;;;
HH;Brief;1969;105.958;563;0,5;105.395;41.900;39,8;48.996;46,5;X;X;8.971;8,5;X;X;X;X;5.528;5,2;;;;;;;;;;;;;;;;;;;;;;;;;;;;;;;;;;;;;;;;;;;;;;;;;;;;;;;
HH;Brief;1972;88.774;346;0,4;88.428;34.413;38,9;40.380;45,7;X;X;12.658;14,3;X;X;X;X;977;1,1;;;;;;;;;;;;;;;;;;;;;;;;;;;;;;;;;;;;;;;;;;;;;;;;;;;;;;;
HH;Brief;1976;166.966;499;0,3;166.467;72.451;43,5;73.148;43,9;X;X;18.581;11,2;X;X;X;X;2.287;1,4;;;;;;;;;;;;;;;;;;;;;;;;;;;;;;;;;;;;;;;;;;;;;;;;;;;;;;;
HH;Brief;1980;172.564;1.002;0,6;171.562;64.560;37,6;78.465;45,7;X;X;22.853;13,3;X;X;4.527;2,6;1.157;0,7;;;;;;;;;;;;;;;;;;;;;;;;;;;;;;;;;;;;;;;;;;;;;;;;;;;;;;;
HH;Brief;1983;154.328;460;0,3;153.868;66.419;43,2;61.544;40;X;X;10.900;7,1;X;X;14.214;9,2;791;0,5;;;;;;;;;;;;;;;;;;;;;;;;;;;;;;;;;;;;;;;;;;;;;;;;;;;;;;;
HH;Brief;1987;143.822;714;0,5;143.108;61.823;43,2;47.769;33,4;X;X;15.737;11;X;X;16.843;11,8;936;0,7;;;;;;;;;;;;;;;;;;;;;;;;;;;;;;;;;;;;;;;;;;;;;;;;;;;;;;;
HH;Brief;1990;125.379;592;0,5;124.787;50.755;40,7;43.567;34,9;X;X;15.928;12,8;1.628;1,3;8.875;7,1;4.034;3,2;;;;;;;;;;;;;;;;;;;;;;;;;;;;;;;;;;;;;;;;;;;;;;;;;;;;;;;
HH;Brief;1994;198.590;953;0,5;197.637;77.195;39,1;64.715;32,7;X;X;17.010;8,6;4.536;2,3;27.929;14,1;6.252;3,2;;;;;;;;;;;;;;;;;;;;;;;;;;;;;;;;;;;;;;;;;;;;;;;;;;;;;;;
HH;Brief;1998;239.997;1.504;0,6;238.493;82.033;34,4;95.744;40,1;X;X;18.148;7,6;5.187;2,2;26.939;11,3;10.442;4,4;;;;;;;;;;;;;;;;;;;;;;;;;;;;;;;;;;;;;;;;;;;;;;;;;;;;;;;
HH;Brief;2002;246.840;1.394;0,6;245.446;78.716;32,1;97.083;39,6;X;X;19.780;8,1;4.925;2;33.794;13,8;11.148;4,5;;;;;;;;;;;;;;;;;;;;;;;;;;;;;;;;;;;;;;;;;;;;;;;;;;;;;;;
HH;Brief;2005;229.127;1.593;0,7;227.534;80.960;35,6;81.221;35,7;X;X;19.843;8,7;13.158;5,8;28.624;12,6;3.728;1,6;;;;;;;;;;;;;;;;;;;;;;;;;;;;;;;;;;;;;;;;;;;;;;;;;;;;;;;
HH;Brief;2009;256.147;2.167;0,8;253.980;85.860;33,8;60.426;23,8;X;X;36.202;14,3;21.426;8,4;39.697;15,6;10.369;4,1;;;;;;;;;;;;;;;;;;;;;;;;;;;;;;;;;;;;;;;;;;;;;;;;;;;;;;;
HH;Brief;2013;274.910;2.459;0,9;272.451;98.184;36;81.420;29,9;8.969;3,3;17.154;6,3;18.090;6,6;36.441;13,4;12.193;4,5;;;;;;;;;;;;;;;;;;;;;;;;;;;;;;;;;;;;;;;;;;;;;;;;;;;;;;;
HH;Brief;2017;364.213;1.631;0,4;362.582;114.001;31,4;80.561;22,2;22.583;6,2;44.615;12,3;36.419;10;48.390;13,3;16.013;4,4;;;;;;;;;;;;;;;;;;;;;;;;;;;;;;;;;;;;;;;;;;;;;;;;;;;;;;;
HH;Brief;2021;518.387;1.824;0,4;516.563;86.610;16,8;151.384;29,3;18.022;3,5;60.761;11,8;31.464;6,1;136.838;26,5;31.484;6,1;;;;;;;;;;;;;;;;;;;;;;;;;;;;;;;;;;;;;;;;;;;;;;;;;;;;;;;
HH;Brief;2025;427.834;1.211;0,3;426.623;101.164;23,7;100.038;23,4;28.100;6,6;19.428;4,6;54.456;12,8;93.269;21,9;30.168;7,1;;;;;;;;;;;;;;;;;;;;;;;;;;;;;;;;;;;;;;;;;;;;;;;;;;;;;;;
NI;Brief;1957;186.242;2.145;1,2;184.097;90.205;49;41.509;22,5;X;X;15.665;8,5;X;X;X;X;36.718;19,9;;;;;;;;;;;;;;;;;;;;;;;;;;;;;;;;;;;;;;;;;;;;;;;;;;;;;;;
NI;Brief;1961;200.526;2.543;1,3;197.983;89.486;45,2;59.061;29,8;X;X;34.994;17,7;X;X;X;X;14.442;7,3;;;;;;;;;;;;;;;;;;;;;;;;;;;;;;;;;;;;;;;;;;;;;;;;;;;;;;;
NI;Brief;1965;260.434;1.889;0,7;258.545;126.258;48,8;86.603;33,5;X;X;34.815;13,5;X;X;X;X;10.869;4,2;;;;;;;;;;;;;;;;;;;;;;;;;;;;;;;;;;;;;;;;;;;;;;;;;;;;;;;
NI;Brief;1969;300.724;2.015;0,7;298.709;134.955;45,2;122.880;41,1;X;X;26.094;8,7;X;X;X;X;14.780;4,9;;;;;;;;;;;;;;;;;;;;;;;;;;;;;;;;;;;;;;;;;;;;;;;;;;;;;;;
NI;Brief;1972;334.164;1.768;0,5;332.396;142.474;42,9;146.254;44;X;X;40.619;12,2;X;X;X;X;3.049;0,9;;;;;;;;;;;;;;;;;;;;;;;;;;;;;;;;;;;;;;;;;;;;;;;;;;;;;;;
NI;Brief;1976;532.686;5.306;1;527.380;262.449;49,8;210.605;39,9;X;X;48.712;9,2;X;X;X;X;5.614;1,1;;;;;;;;;;;;;;;;;;;;;;;;;;;;;;;;;;;;;;;;;;;;;;;;;;;;;;;
NI;Brief;1980;532.009;1.978;0,4;530.031;223.123;42,1;228.766;43,2;X;X;60.364;11,4;X;X;15.212;2,9;2.566;0,5;;;;;;;;;;;;;;;;;;;;;;;;;;;;;;;;;;;;;;;;;;;;;;;;;;;;;;;
NI;Brief;1983;459.806;1.634;0,4;458.172;214.633;46,8;160.711;35,1;X;X;36.503;8;X;X;44.531;9,7;1.794;0,4;;;;;;;;;;;;;;;;;;;;;;;;;;;;;;;;;;;;;;;;;;;;;;;;;;;;;;;
NI;Brief;1987;522.958;1.884;0,4;521.074;231.490;44,4;170.165;32,7;X;X;56.035;10,8;X;X;59.475;11,4;3.909;0,8;;;;;;;;;;;;;;;;;;;;;;;;;;;;;;;;;;;;;;;;;;;;;;;;;;;;;;;
NI;Brief;1990;410.871;1.620;0,4;409.251;187.513;45,8;135.490;33,1;X;X;46.430;11,3;2.209;0,5;27.527;6,7;10.082;2,5;;;;;;;;;;;;;;;;;;;;;;;;;;;;;;;;;;;;;;;;;;;;;;;;;;;;;;;
NI;Brief;1994;570.796;2.276;0,4;568.520;249.449;43,9;191.079;33,6;X;X;53.572;9,4;6.803;1,2;53.470;9,4;14.147;2,5;;;;;;;;;;;;;;;;;;;;;;;;;;;;;;;;;;;;;;;;;;;;;;;;;;;;;;;
NI;Brief;1998;735.639;3.245;0,4;732.394;270.771;37;317.815;43,4;X;X;60.242;8,2;7.715;1,1;53.235;7,3;22.616;3,1;;;;;;;;;;;;;;;;;;;;;;;;;;;;;;;;;;;;;;;;;;;;;;;;;;;;;;;
NI;Brief;2002;758.309;3.342;0,4;754.967;275.766;36,5;333.120;44,1;X;X;62.789;8,3;8.329;1,1;58.453;7,7;16.510;2,2;;;;;;;;;;;;;;;;;;;;;;;;;;;;;;;;;;;;;;;;;;;;;;;;;;;;;;;
NI;Brief;2005;733.663;4.929;0,7;728.734;277.805;38,1;289.099;39,7;X;X;64.526;8,9;30.045;4,1;51.417;7,1;15.842;2,2;;;;;;;;;;;;;;;;;;;;;;;;;;;;;;;;;;;;;;;;;;;;;;;;;;;;;;;
NI;Brief;2009;726.195;5.007;0,7;721.188;262.577;36,4;185.123;25,7;X;X;103.155;14,3;50.573;7;87.537;12,1;32.223;4,5;;;;;;;;;;;;;;;;;;;;;;;;;;;;;;;;;;;;;;;;;;;;;;;;;;;;;;;
NI;Brief;2013;836.334;5.512;0,7;830.822;350.175;42,1;256.894;30,9;26.680;3,2;46.371;5,6;32.345;3,9;88.520;10,7;29.837;3,6;;;;;;;;;;;;;;;;;;;;;;;;;;;;;;;;;;;;;;;;;;;;;;;;;;;;;;;
NI;Brief;2017;1.032.318;4.480;0,4;1.027.838;386.771;37,6;262.053;25,5;73.657;7,2;106.668;10,4;62.839;6,1;98.818;9,6;37.032;3,6;;;;;;;;;;;;;;;;;;;;;;;;;;;;;;;;;;;;;;;;;;;;;;;;;;;;;;;
NI;Brief;2021;1.534.085;7.502;0,5;1.526.583;376.420;24,7;501.251;32,8;74.326;4,9;155.726;10,2;48.353;3,2;289.059;18,9;81.448;5,3;;;;;;;;;;;;;;;;;;;;;;;;;;;;;;;;;;;;;;;;;;;;;;;;;;;;;;;
NI;Brief;2025;1.303.747;3.864;0,3;1.299.883;401.976;30,9;328.410;25,3;138.396;10,6;51.930;4,0;93.862;7,2;186.290;14,3;99.019;7,6;;;;;;;;;;;;;;;;;;;;;;;;;;;;;;;;;;;;;;;;;;;;;;;;;;;;;;;
HB;Brief;1957;21.331;540;2,5;20.791;8.751;42,1;5.936;28,6;X;X;2.056;9,9;X;X;X;X;4.048;19,5;;;;;;;;;;;;;;;;;;;;;;;;;;;;;;;;;;;;;;;;;;;;;;;;;;;;;;;
HB;Brief;1961;23.605;470;2;23.135;8.366;36,2;7.703;33,3;X;X;5.220;22,6;X;X;X;X;1.846;8;;;;;;;;;;;;;;;;;;;;;;;;;;;;;;;;;;;;;;;;;;;;;;;;;;;;;;;
HB;Brief;1965;32.927;218;0,7;32.709;13.844;42,3;11.904;36,4;X;X;5.181;15,8;X;X;X;X;1.780;5,4;;;;;;;;;;;;;;;;;;;;;;;;;;;;;;;;;;;;;;;;;;;;;;;;;;;;;;;
HB;Brief;1969;32.081;129;0,4;31.952;11.896;37,2;13.669;42,8;X;X;4.358;13,6;X;X;X;X;2.029;6,4;;;;;;;;;;;;;;;;;;;;;;;;;;;;;;;;;;;;;;;;;;;;;;;;;;;;;;;
HB;Brief;1972;36.058;284;0,8;35.774;12.110;33,9;17.665;49,4;X;X;5.516;15,4;X;X;X;X;483;1,4;;;;;;;;;;;;;;;;;;;;;;;;;;;;;;;;;;;;;;;;;;;;;;;;;;;;;;;
HB;Brief;1976;46.766;169;0,4;46.597;19.241;41,3;20.517;44;X;X;5.848;12,6;X;X;X;X;991;2,1;;;;;;;;;;;;;;;;;;;;;;;;;;;;;;;;;;;;;;;;;;;;;;;;;;;;;;;
HB;Brief;1980;55.689;218;0,4;55.471;19.389;35;24.951;45;X;X;8.387;15,1;X;X;2.127;3,8;617;1,1;;;;;;;;;;;;;;;;;;;;;;;;;;;;;;;;;;;;;;;;;;;;;;;;;;;;;;;
HB;Brief;1984;43.737;188;0,4;43.549;16.931;38,9;16.870;38,7;X;X;3.677;8,4;X;X;5.749;13,2;322;0,7;;;;;;;;;;;;;;;;;;;;;;;;;;;;;;;;;;;;;;;;;;;;;;;;;;;;;;;
HB;Brief;1987;44.653;190;0,4;44.463;15.069;33,9;15.111;34;X;X;5.500;12,4;X;X;8.171;18,4;612;1,4;;;;;;;;;;;;;;;;;;;;;;;;;;;;;;;;;;;;;;;;;;;;;;;;;;;;;;;
HB;Brief;1990;36.119;178;0,5;35.941;12.338;34,3;12.617;35,1;X;X;5.278;14,7;560;1,6;3.905;10,9;1.243;3,5;;;;;;;;;;;;;;;;;;;;;;;;;;;;;;;;;;;;;;;;;;;;;;;;;;;;;;;
HB;Brief;1994;49.180;267;0,5;48.913;16.718;34,2;17.430;35,6;X;X;5.137;10,5;1.482;3;6.707;13,7;1.439;2,9;;;;;;;;;;;;;;;;;;;;;;;;;;;;;;;;;;;;;;;;;;;;;;;;;;;;;;;
HB;Brief;1998;63.030;286;0,5;62.744;18.512;29,5;26.657;42,5;X;X;5.360;8,5;1.602;2,6;8.080;12,9;2.533;4;;;;;;;;;;;;;;;;;;;;;;;;;;;;;;;;;;;;;;;;;;;;;;;;;;;;;;;
HB;Brief;2002;61.422;280;0,5;61.142;17.010;27,8;26.659;43,6;X;X;5.096;8,3;1.356;2,2;9.496;15,5;1.525;2,5;;;;;;;;;;;;;;;;;;;;;;;;;;;;;;;;;;;;;;;;;;;;;;;;;;;;;;;
HB;Brief;2005;63.510;530;0,8;62.980;17.944;28,5;24.430;38,8;X;X;5.319;8,4;4.890;7,8;8.725;13,9;1.672;2,7;;;;;;;;;;;;;;;;;;;;;;;;;;;;;;;;;;;;;;;;;;;;;;;;;;;;;;;
HB;Brief;2009;65.815;484;0,7;65.331;18.514;28,3;17.071;26,1;X;X;8.040;12,3;7.436;11,4;11.442;17,5;2.828;4,3;;;;;;;;;;;;;;;;;;;;;;;;;;;;;;;;;;;;;;;;;;;;;;;;;;;;;;;
HB;Brief;2013;68.898;463;0,7;68.435;22.099;32,3;22.227;32,5;2.095;3,1;3.387;4,9;5.409;7,9;9.959;14,6;3.259;4,8;;;;;;;;;;;;;;;;;;;;;;;;;;;;;;;;;;;;;;;;;;;;;;;;;;;;;;;
HB;Brief;2017;84.763;449;0,5;84.314;24.722;29,3;20.904;24,8;5.845;6,9;9.551;11,3;10.007;11,9;10.127;12;3.158;3,7;;;;;;;;;;;;;;;;;;;;;;;;;;;;;;;;;;;;;;;;;;;;;;;;;;;;;;;
HB;Brief;2021;152.366;565;0,4;151.801;28.313;18,7;47.875;31,5;6.317;4,2;13.971;9,2;11.176;7,4;35.389;23,3;8.760;5,8;;;;;;;;;;;;;;;;;;;;;;;;;;;;;;;;;;;;;;;;;;;;;;;;;;;;;;;
HB;Brief;2025;115.836;352;0,3;115.484;27.260;23,6;28.840;25,0;9.735;8,4;4.166;3,6;15.198;13,2;21.691;18,8;8.594;7,4;;;;;;;;;;;;;;;;;;;;;;;;;;;;;;;;;;;;;;;;;;;;;;;;;;;;;;;
BB;Brief;1990;35.888;246;0,7;35.642;11.592;32,5;10.325;29;X;X;3.428;9,6;5.735;16,1;3.478;9,8;1.084;3;;;;;;;;;;;;;;;;;;;;;;;;;;;;;;;;;;;;;;;;;;;;;;;;;;;;;;;
BB;Brief;1994;80.461;292;0,4;80.169;19.843;24,8;32.707;40,8;X;X;2.495;3,1;20.324;25,4;3.407;4,2;1.393;1,7;;;;;;;;;;;;;;;;;;;;;;;;;;;;;;;;;;;;;;;;;;;;;;;;;;;;;;;
BB;Brief;1998;129.734;1.248;1;128.486;27.228;21,2;50.034;38,9;X;X;4.810;3,7;30.088;23,4;7.289;5,7;9.037;7;;;;;;;;;;;;;;;;;;;;;;;;;;;;;;;;;;;;;;;;;;;;;;;;;;;;;;;
BB;Brief;2002;166.392;1.056;0,6;165.336;35.293;21,3;73.999;44,8;X;X;10.140;6,1;31.418;19;9.670;5,8;4.816;2,9;;;;;;;;;;;;;;;;;;;;;;;;;;;;;;;;;;;;;;;;;;;;;;;;;;;;;;;
BB;Brief;2005;206.079;1.950;0,9;204.129;43.269;21,2;73.357;35,9;X;X;12.521;6,1;55.693;27,3;11.562;5,7;7.727;3,8;;;;;;;;;;;;;;;;;;;;;;;;;;;;;;;;;;;;;;;;;;;;;;;;;;;;;;;
BB;Brief;2009;219.694;2.512;1,1;217.182;53.132;24,5;51.366;23,7;X;X;20.936;9,6;62.367;28,7;17.364;8;12.017;5,5;;;;;;;;;;;;;;;;;;;;;;;;;;;;;;;;;;;;;;;;;;;;;;;;;;;;;;;
BB;Brief;2013;228.326;2.494;1,1;225.832;75.611;33,5;55.168;24,4;11.101;4,9;7.551;3,3;48.906;21,7;14.991;6,6;12.504;5,5;;;;;;;;;;;;;;;;;;;;;;;;;;;;;;;;;;;;;;;;;;;;;;;;;;;;;;;
BB;Brief;2017;325.299;2.501;0,8;322.798;92.342;28,6;57.226;17,7;49.548;15,3;25.754;8;57.100;17,7;19.761;6,1;21.067;6,5;;;;;;;;;;;;;;;;;;;;;;;;;;;;;;;;;;;;;;;;;;;;;;;;;;;;;;;
BB;Brief;2021;540.209;4.054;0,8;536.155;85.311;15,9;170.842;31,9;61.951;11,6;51.630;9,6;50.376;9,4;59.747;11,1;56.298;10,5;;;;;;;;;;;;;;;;;;;;;;;;;;;;;;;;;;;;;;;;;;;;;;;;;;;;;;;
BB;Brief;2025;484.157;2.220;0,5;481.937;107.130;22,2;88.935;18,5;92.806;19,3;15.306;3,2;52.968;11,0;42.585;8,8;82.207;17,1;;;;;;;;;;;;;;;;;;;;;;;;;;;;;;;;;;;;;;;;;;;;;;;;;;;;;;;
ST;Brief;1990;49.915;381;0,8;49.534;17.180;34,7;11.456;23,1;X;X;9.476;19,1;6.481;13,1;3.767;7,6;1.174;2,4;;;;;;;;;;;;;;;;;;;;;;;;;;;;;;;;;;;;;;;;;;;;;;;;;;;;;;;
ST;Brief;1994;131.959;674;0,5;131.285;48.350;36,8;39.748;30,3;X;X;6.325;4,8;27.446;20,9;6.818;5,2;2.598;2;;;;;;;;;;;;;;;;;;;;;;;;;;;;;;;;;;;;;;;;;;;;;;;;;;;;;;;
ST;Brief;1998;160.502;961;0,6;159.541;44.230;27,7;58.418;36,6;X;X;7.742;4,9;34.462;21,6;8.012;5;6.677;4,2;;;;;;;;;;;;;;;;;;;;;;;;;;;;;;;;;;;;;;;;;;;;;;;;;;;;;;;
ST;Brief;2002;173.487;1.044;0,6;172.443;48.761;28,3;74.125;43;X;X;12.657;7,3;26.054;15,1;7.526;4,4;3.320;1,9;;;;;;;;;;;;;;;;;;;;;;;;;;;;;;;;;;;;;;;;;;;;;;;;;;;;;;;
ST;Brief;2005;183.065;1.859;1;181.206;46.963;25,9;63.239;34,9;X;X;11.978;6,6;46.268;25,5;8.501;4,7;4.257;2,3;;;;;;;;;;;;;;;;;;;;;;;;;;;;;;;;;;;;;;;;;;;;;;;;;;;;;;;
ST;Brief;2009;169.382;1.829;1,1;167.553;53.467;31,9;29.418;17,6;X;X;16.771;10;49.284;29,4;12.101;7,2;6.512;3,9;;;;;;;;;;;;;;;;;;;;;;;;;;;;;;;;;;;;;;;;;;;;;;;;;;;;;;;
ST;Brief;2013;183.244;1.656;0,9;181.588;74.400;41;34.911;19,2;5.869;3,2;6.066;3,3;40.702;22,4;10.909;6;8.731;4,8;;;;;;;;;;;;;;;;;;;;;;;;;;;;;;;;;;;;;;;;;;;;;;;;;;;;;;;
ST;Brief;2017;225.955;1.640;0,7;224.315;74.406;33,2;34.075;15,2;30.557;13,6;19.507;8,7;42.070;18,8;11.314;5;12.386;5,5;;;;;;;;;;;;;;;;;;;;;;;;;;;;;;;;;;;;;;;;;;;;;;;;;;;;;;;
ST;Brief;2021;415.068;2.413;0,6;412.655;90.375;21,9;116.489;28,2;49.394;12;41.231;10;44.330;10,7;36.660;8,9;34.176;8,3;;;;;;;;;;;;;;;;;;;;;;;;;;;;;;;;;;;;;;;;;;;;;;;;;;;;;;;
ST;Brief;2025;361.551;1.752;0,5;359.799;86.561;24,1;51.883;14,4;80.280;22,3;11.283;3,1;40.789;11,3;23.853;6,6;65.150;18,1;;;;;;;;;;;;;;;;;;;;;;;;;;;;;;;;;;;;;;;;;;;;;;;;;;;;;;;
BE;Brief;1990;190.150;2.462;1,3;187.688;82.604;44;53.466;28,5;X;X;18.213;9,7;10.101;5,4;16.849;9;6.455;3,4;;;;;;;;;;;;;;;;;;;;;;;;;;;;;;;;;;;;;;;;;;;;;;;;;;;;;;;
BE;Brief;1994;287.920;1.611;0,6;286.309;100.114;35;84.025;29,3;X;X;18.995;6,6;35.399;12,4;36.604;12,8;11.172;3,9;;;;;;;;;;;;;;;;;;;;;;;;;;;;;;;;;;;;;;;;;;;;;;;;;;;;;;;
BE;Brief;1998;385.268;2.402;0,6;382.866;104.759;27,4;130.682;34,1;X;X;23.207;6,1;46.136;12,1;50.978;13,3;27.104;7,1;;;;;;;;;;;;;;;;;;;;;;;;;;;;;;;;;;;;;;;;;;;;;;;;;;;;;;;
BE;Brief;2002;447.549;3.728;0,8;443.821;122.447;27,6;156.358;35,2;X;X;33.068;7,5;48.272;10,9;65.357;14,7;18.319;4,1;;;;;;;;;;;;;;;;;;;;;;;;;;;;;;;;;;;;;;;;;;;;;;;;;;;;;;;
BE;Brief;2005;415.827;4.478;1,1;411.349;108.171;26,3;132.099;32,1;X;X;31.559;7,7;65.092;15,8;55.537;13,5;18.891;4,6;;;;;;;;;;;;;;;;;;;;;;;;;;;;;;;;;;;;;;;;;;;;;;;;;;;;;;;
BE;Brief;2009;463.906;5.711;1,2;458.195;123.568;27;84.479;18,4;X;X;55.400;12,1;80.957;17,7;85.542;18,7;28.249;6,2;;;;;;;;;;;;;;;;;;;;;;;;;;;;;;;;;;;;;;;;;;;;;;;;;;;;;;;
BE;Brief;2013;509.121;6.027;1,2;503.094;155.769;31;117.689;23,4;19.143;3,8;23.909;4,8;81.444;16,2;72.756;14,5;32.384;6,4;;;;;;;;;;;;;;;;;;;;;;;;;;;;;;;;;;;;;;;;;;;;;;;;;;;;;;;
BE;Brief;2017;631.774;5.058;0,8;626.716;163.789;26,1;109.613;17,5;56.681;9;64.149;10,2;108.059;17,2;82.485;13,2;41.940;6,7;;;;;;;;;;;;;;;;;;;;;;;;;;;;;;;;;;;;;;;;;;;;;;;;;;;;;;;
BE;Brief;2021;804.250;7.210;0,9;797.040;150.205;18,8;180.868;22,7;51.959;6,5;65.929;8,3;89.809;11,3;189.006;23,7;69.264;8,7;;;;;;;;;;;;;;;;;;;;;;;;;;;;;;;;;;;;;;;;;;;;;;;;;;;;;;;
BE;Brief;2025;778.367;2.723;0,3;775.644;162.714;21,0;125.905;16,2;73.757;9,5;29.552;3,8;146.640;18,9;152.837;19,7;84.239;10,9;;;;;;;;;;;;;;;;;;;;;;;;;;;;;;;;;;;;;;;;;;;;;;;;;;;;;;;
NW;Brief;1957;482.508;9.469;2;473.039;316.470;66,9;93.142;19,7;X;X;38.558;8,2;X;X;X;X;24.869;5,3;;;;;;;;;;;;;;;;;;;;;;;;;;;;;;;;;;;;;;;;;;;;;;;;;;;;;;;
NW;Brief;1961;617.279;6.513;1,1;610.766;344.769;56,4;158.200;25,9;X;X;92.004;15,1;X;X;X;X;15.793;2,6;;;;;;;;;;;;;;;;;;;;;;;;;;;;;;;;;;;;;;;;;;;;;;;;;;;;;;;
NW;Brief;1965;830.288;4.762;0,6;825.526;458.039;55,5;267.205;32,4;X;X;76.492;9,3;X;X;X;X;23.790;2,9;;;;;;;;;;;;;;;;;;;;;;;;;;;;;;;;;;;;;;;;;;;;;;;;;;;;;;;
NW;Brief;1969;702.736;4.119;0,6;698.617;347.973;49,8;270.694;38,7;X;X;51.794;7,4;X;X;X;X;28.156;4;;;;;;;;;;;;;;;;;;;;;;;;;;;;;;;;;;;;;;;;;;;;;;;;;;;;;;;
NW;Brief;1972;786.093;3.550;0,5;782.543;373.137;47,7;323.119;41,3;X;X;79.573;10,2;X;X;X;X;6.714;0,9;;;;;;;;;;;;;;;;;;;;;;;;;;;;;;;;;;;;;;;;;;;;;;;;;;;;;;;
NW;Brief;1976;1.244.363;4.189;0,3;1.240.174;639.610;51,6;487.184;39,3;X;X;100.857;8,1;X;X;X;X;12.523;1;;;;;;;;;;;;;;;;;;;;;;;;;;;;;;;;;;;;;;;;;;;;;;;;;;;;;;;
NW;Brief;1980;1.669.405;5.734;0,3;1.663.671;745.071;44,8;699.177;42;X;X;179.650;10,8;X;X;30.286;1,8;9.487;0,6;;;;;;;;;;;;;;;;;;;;;;;;;;;;;;;;;;;;;;;;;;;;;;;;;;;;;;;
NW;Brief;1983;1.232.161;4.904;0,4;1.227.257;595.740;48,5;442.167;36;X;X;96.219;7,8;X;X;87.510;7,1;5.621;0,5;;;;;;;;;;;;;;;;;;;;;;;;;;;;;;;;;;;;;;;;;;;;;;;;;;;;;;;
NW;Brief;1987;1.276.427;5.548;0,4;1.270.879;563.410;44,3;436.276;34,3;X;X;135.766;10,7;X;X;123.876;9,7;11.551;0,9;;;;;;;;;;;;;;;;;;;;;;;;;;;;;;;;;;;;;;;;;;;;;;;;;;;;;;;
NW;Brief;1990;1.288.313;5.980;0,5;1.282.333;541.131;42,2;462.185;36;X;X;166.666;13;5.625;0,4;68.745;5,4;37.981;3;;;;;;;;;;;;;;;;;;;;;;;;;;;;;;;;;;;;;;;;;;;;;;;;;;;;;;;
NW;Brief;1994;1.555.682;12.729;0,8;1.542.953;643.224;41,7;549.960;35,6;X;X;152.926;9,9;17.346;1,1;132.023;8,6;47.474;3,1;;;;;;;;;;;;;;;;;;;;;;;;;;;;;;;;;;;;;;;;;;;;;;;;;;;;;;;
NW;Brief;1998;1.998.685;9.730;0,5;1.988.955;741.978;37,3;817.921;41,1;X;X;180.405;9,1;22.937;1,2;147.206;7,4;78.508;3,9;;;;;;;;;;;;;;;;;;;;;;;;;;;;;;;;;;;;;;;;;;;;;;;;;;;;;;;
NW;Brief;2002;2.136.543;12.301;0,6;2.124.242;803.342;37,8;843.184;39,7;X;X;229.822;10,8;23.662;1,1;171.598;8,1;52.634;2,5;;;;;;;;;;;;;;;;;;;;;;;;;;;;;;;;;;;;;;;;;;;;;;;;;;;;;;;
NW;Brief;2005;2.365.274;26.299;1,1;2.338.975;937.439;40,1;854.497;36,5;X;X;222.399;9,5;117.965;5;147.997;6,3;58.678;2,5;;;;;;;;;;;;;;;;;;;;;;;;;;;;;;;;;;;;;;;;;;;;;;;;;;;;;;;
NW;Brief;2009;2.218.208;14.083;0,6;2.204.125;827.645;37,5;568.558;25,8;X;X;343.683;15,6;144.938;6,6;221.976;10,1;97.325;4,4;;;;;;;;;;;;;;;;;;;;;;;;;;;;;;;;;;;;;;;;;;;;;;;;;;;;;;;
NW;Brief;2013;2.491.482;19.228;0,8;2.472.254;1.049.807;42,5;743.074;30,1;80.161;3,2;163.238;6,6;111.561;4,5;216.906;8,8;107.507;4,3;;;;;;;;;;;;;;;;;;;;;;;;;;;;;;;;;;;;;;;;;;;;;;;;;;;;;;;
NW;Brief;2017;3.057.487;14.405;0,5;3.043.082;1.126.794;37;743.068;24,4;210.206;6,9;446.947;14,7;190.268;6,3;224.688;7,4;101.111;3,3;;;;;;;;;;;;;;;;;;;;;;;;;;;;;;;;;;;;;;;;;;;;;;;;;;;;;;;
NW;Brief;2021;4.797.370;21.948;0,5;4.775.422;1.295.304;27,1;1.424.635;29,8;226.352;4,7;547.574;11,5;159.942;3,3;842.028;17,6;279.587;5,9;;;;;;;;;;;;;;;;;;;;;;;;;;;;;;;;;;;;;;;;;;;;;;;;;;;;;;;
NW;Brief;2025;3.825.938;12.471;0,3;3.813.467;1.326.044;34,8;823.614;21,6;390.134;10,2;166.127;4,4;259.671;6,8;552.543;14,5;295.334;7,7;;;;;;;;;;;;;;;;;;;;;;;;;;;;;;;;;;;;;;;;;;;;;;;;;;;;;;;
SN;Brief;1990;96.695;677;0,7;96.018;44.119;45,9;16.399;17,1;X;X;11.687;12,2;11.225;11,7;8.247;8,6;4.341;4,5;;;;;;;;;;;;;;;;;;;;;;;;;;;;;;;;;;;;;;;;;;;;;;;;;;;;;;;
SN;Brief;1994;309.969;1.536;0,5;308.433;138.489;44,9;66.752;21,6;X;X;13.879;4,5;61.504;19,9;21.014;6,8;6.795;2,2;;;;;;;;;;;;;;;;;;;;;;;;;;;;;;;;;;;;;;;;;;;;;;;;;;;;;;;
SN;Brief;1998;313.151;2.134;0,7;311.017;102.915;33,1;84.904;27,3;X;X;13.569;4,4;67.534;21,7;19.566;6,3;22.529;7,2;;;;;;;;;;;;;;;;;;;;;;;;;;;;;;;;;;;;;;;;;;;;;;;;;;;;;;;
SN;Brief;2002;328.298;2.411;0,7;325.887;101.632;31,2;113.078;34,7;X;X;23.206;7,1;56.642;17,4;19.980;6,1;11.349;3,5;;;;;;;;;;;;;;;;;;;;;;;;;;;;;;;;;;;;;;;;;;;;;;;;;;;;;;;
SN;Brief;2005;402.257;3.546;0,9;398.711;122.209;30,7;107.914;27,1;X;X;34.506;8,7;90.285;22,6;23.888;6;19.909;5;;;;;;;;;;;;;;;;;;;;;;;;;;;;;;;;;;;;;;;;;;;;;;;;;;;;;;;
SN;Brief;2009;368.529;2.877;0,8;365.652;133.800;36,6;55.343;15,1;X;X;44.466;12,2;85.897;23,5;34.151;9,3;11.995;3,3;;;;;;;;;;;;;;;;;;;;;;;;;;;;;;;;;;;;;;;;;;;;;;;;;;;;;;;
SN;Brief;2013;389.558;3.510;0,9;386.048;161.667;41,9;62.053;16,1;20.176;5,2;13.920;3,6;74.940;19,4;27.934;7,2;25.358;6,6;;;;;;;;;;;;;;;;;;;;;;;;;;;;;;;;;;;;;;;;;;;;;;;;;;;;;;;
SN;Brief;2017;529.395;3.445;0,7;525.950;155.910;29,6;58.311;11,1;104.954;20;47.487;9;91.437;17,4;32.207;6,1;35.644;6,8;;;;;;;;;;;;;;;;;;;;;;;;;;;;;;;;;;;;;;;;;;;;;;;;;;;;;;;
SN;Brief;2021;844.735;5.005;0,6;839.730;152.815;18,2;185.600;22,1;126.495;15,1;96.108;11,4;92.422;11;100.642;12;85.648;10,2;;;;;;;;;;;;;;;;;;;;;;;;;;;;;;;;;;;;;;;;;;;;;;;;;;;;;;;
SN;Brief;2025;814.978;2.906;0,4;812.072;198.017;24,4;88.963;11,0;181.202;22,3;27.832;3,4;106.266;13,1;80.993;10,0;128.799;15,9;;;;;;;;;;;;;;;;;;;;;;;;;;;;;;;;;;;;;;;;;;;;;;;;;;;;;;;
HE;Brief;1957;148.233;2.369;1,6;145.864;76.289;52,3;39.916;27,4;X;X;15.034;10,3;X;X;X;X;14.625;10;;;;;;;;;;;;;;;;;;;;;;;;;;;;;;;;;;;;;;;;;;;;;;;;;;;;;;;
HE;Brief;1961;171.856;2.992;1,7;168.864;72.677;43;56.799;33,6;X;X;30.301;17,9;X;X;X;X;9.087;5,4;;;;;;;;;;;;;;;;;;;;;;;;;;;;;;;;;;;;;;;;;;;;;;;;;;;;;;;
HE;Brief;1965;201.735;2.442;1,2;199.293;88.831;44,6;74.537;37,4;X;X;27.158;13,6;X;X;X;X;8.767;4,4;;;;;;;;;;;;;;;;;;;;;;;;;;;;;;;;;;;;;;;;;;;;;;;;;;;;;;;
HE;Brief;1969;185.587;1.174;0,6;184.413;77.106;41,8;79.919;43,3;X;X;17.162;9,3;X;X;X;X;10.226;5,5;;;;;;;;;;;;;;;;;;;;;;;;;;;;;;;;;;;;;;;;;;;;;;;;;;;;;;;
HE;Brief;1972;225.468;943;0,4;224.525;95.055;42,3;98.285;43,8;X;X;28.878;12,9;X;X;X;X;2.307;1;;;;;;;;;;;;;;;;;;;;;;;;;;;;;;;;;;;;;;;;;;;;;;;;;;;;;;;
HE;Brief;1976;389.606;1.691;0,4;387.915;190.627;49,1;153.179;39,5;X;X;38.721;10;X;X;X;X;5.388;1,4;;;;;;;;;;;;;;;;;;;;;;;;;;;;;;;;;;;;;;;;;;;;;;;;;;;;;;;
HE;Brief;1980;422.133;2.578;0,6;419.555;180.984;43,1;176.324;42;X;X;48.010;11,4;X;X;11.762;2,8;2.475;0,6;;;;;;;;;;;;;;;;;;;;;;;;;;;;;;;;;;;;;;;;;;;;;;;;;;;;;;;
HE;Brief;1983;393.495;2.083;0,5;391.412;179.600;45,9;141.978;36,3;X;X;34.185;8,7;X;X;33.719;8,6;1.930;0,5;;;;;;;;;;;;;;;;;;;;;;;;;;;;;;;;;;;;;;;;;;;;;;;;;;;;;;;
HE;Brief;1987;371.227;2.547;0,7;368.680;161.894;43,9;117.431;31,9;X;X;40.589;11;X;X;44.497;12,1;4.269;1,2;;;;;;;;;;;;;;;;;;;;;;;;;;;;;;;;;;;;;;;;;;;;;;;;;;;;;;;
HE;Brief;1990;331.196;2.368;0,7;328.828;141.528;43;109.526;33,3;X;X;39.601;12;2.044;0,6;24.460;7,4;11.669;3,5;;;;;;;;;;;;;;;;;;;;;;;;;;;;;;;;;;;;;;;;;;;;;;;;;;;;;;;
HE;Brief;1994;541.442;4.079;0,8;537.363;225.957;42;167.266;31,1;X;X;55.367;10,3;6.851;1,3;65.831;12,3;16.091;3;;;;;;;;;;;;;;;;;;;;;;;;;;;;;;;;;;;;;;;;;;;;;;;;;;;;;;;
HE;Brief;1998;587.063;4.375;0,7;582.688;219.480;37,7;210.020;36;X;X;57.895;9,9;8.221;1,4;55.325;9,5;31.747;5,4;;;;;;;;;;;;;;;;;;;;;;;;;;;;;;;;;;;;;;;;;;;;;;;;;;;;;;;
HE;Brief;2002;638.359;5.993;0,9;632.366;245.117;38,8;233.235;36,9;X;X;60.491;9,6;8.758;1,4;67.932;10,7;16.833;2,7;;;;;;;;;;;;;;;;;;;;;;;;;;;;;;;;;;;;;;;;;;;;;;;;;;;;;;;
HE;Brief;2005;604.102;7.886;1,3;596.216;226.792;38;196.835;33;X;X;70.774;11,9;29.746;5;55.165;9,3;16.904;2,8;;;;;;;;;;;;;;;;;;;;;;;;;;;;;;;;;;;;;;;;;;;;;;;;;;;;;;;
HE;Brief;2009;628.381;8.426;1,3;619.955;224.118;36,2;141.838;22,9;X;X;110.057;17,8;42.229;6,8;77.367;12,5;24.346;3,9;;;;;;;;;;;;;;;;;;;;;;;;;;;;;;;;;;;;;;;;;;;;;;;;;;;;;;;
HE;Brief;2013;744.024;13.652;1,8;730.372;299.131;41;197.671;27,1;37.690;5,2;51.517;7,1;33.616;4,6;81.105;11,1;29.642;4,1;;;;;;;;;;;;;;;;;;;;;;;;;;;;;;;;;;;;;;;;;;;;;;;;;;;;;;;
HE;Brief;2017;906.909;7.939;0,9;898.970;306.950;34,1;199.302;22,2;85.694;9,5;117.126;13;62.488;7;89.291;9,9;38.119;4,2;;;;;;;;;;;;;;;;;;;;;;;;;;;;;;;;;;;;;;;;;;;;;;;;;;;;;;;
HE;Brief;2021;1.706.142;14.511;0,9;1.691.631;407.810;24,1;481.656;28,5;102.750;6,1;213.446;12,6;66.187;3,9;294.768;17,4;125.014;7,4;;;;;;;;;;;;;;;;;;;;;;;;;;;;;;;;;;;;;;;;;;;;;;;;;;;;;;;
HE;Brief;2025;1.305.345;7.025;0,5;1.298.320;429.187;33,1;254.457;19,6;152.571;11,8;64.797;5,0;93.058;7,2;190.643;14,7;113.607;8,8;;;;;;;;;;;;;;;;;;;;;;;;;;;;;;;;;;;;;;;;;;;;;;;;;;;;;;;
TH;Brief;1990;47.310;368;0,8;46.942;19.478;41,5;9.501;20,2;X;X;6.787;14,5;5.263;11,2;4.079;8,7;1.834;3,9;;;;;;;;;;;;;;;;;;;;;;;;;;;;;;;;;;;;;;;;;;;;;;;;;;;;;;;
TH;Brief;1994;108.454;1.409;1,3;107.045;43.615;40,7;28.587;26,7;X;X;5.192;4,9;20.703;19,3;6.637;6,2;2.311;2,2;;;;;;;;;;;;;;;;;;;;;;;;;;;;;;;;;;;;;;;;;;;;;;;;;;;;;;;
TH;Brief;1998;155.505;1.216;0,8;154.289;45.775;29,7;49.378;32;X;X;6.850;4,4;33.853;21,9;8.941;5,8;9.492;6,2;;;;;;;;;;;;;;;;;;;;;;;;;;;;;;;;;;;;;;;;;;;;;;;;;;;;;;;
TH;Brief;2002;186.600;1.477;0,8;185.123;52.746;28,5;74.734;40,4;X;X;10.978;5,9;31.780;17,2;10.361;5,6;4.524;2,4;;;;;;;;;;;;;;;;;;;;;;;;;;;;;;;;;;;;;;;;;;;;;;;;;;;;;;;
TH;Brief;2005;207.996;2.052;1;205.944;54.984;26,7;64.895;31,5;X;X;14.763;7,2;51.535;25;12.164;5,9;7.603;3,7;;;;;;;;;;;;;;;;;;;;;;;;;;;;;;;;;;;;;;;;;;;;;;;;;;;;;;;
TH;Brief;2009;193.137;1.271;0,7;191.866;62.167;32,4;35.197;18,3;X;X;17.887;9,3;51.885;27;15.732;8,2;8.998;4,7;;;;;;;;;;;;;;;;;;;;;;;;;;;;;;;;;;;;;;;;;;;;;;;;;;;;;;;
TH;Brief;2013;203.264;1.995;1;201.269;78.343;38,9;35.677;17,7;9.861;4,9;6.189;3,1;43.451;21,6;14.598;7,3;13.150;6,5;;;;;;;;;;;;;;;;;;;;;;;;;;;;;;;;;;;;;;;;;;;;;;;;;;;;;;;
TH;Brief;2017;262.225;2.007;0,8;260.218;81.095;31,2;35.197;13,5;43.852;16,9;21.572;8,3;47.804;18,4;14.230;5,5;16.468;6,3;;;;;;;;;;;;;;;;;;;;;;;;;;;;;;;;;;;;;;;;;;;;;;;;;;;;;;;
TH;Brief;2021;414.752;2.998;0,7;411.754;73.159;17,8;111.237;27;62.588;15,2;36.583;8,9;55.453;13,5;37.195;9;35.539;8,6;;;;;;;;;;;;;;;;;;;;;;;;;;;;;;;;;;;;;;;;;;;;;;;;;;;;;;;
TH;Brief;2025;341.691;1.507;0,4;340.184;78.952;23,2;39.585;11,6;78.062;22,9;9.219;2,7;64.129;18,9;22.126;6,5;48.111;14,1;;;;;;;;;;;;;;;;;;;;;;;;;;;;;;;;;;;;;;;;;;;;;;;;;;;;;;;
RP;Brief;1957;91.174;1.885;2,1;89.289;57.172;64;18.826;21,1;X;X;8.975;10,1;X;X;X;X;4.316;4,8;;;;;;;;;;;;;;;;;;;;;;;;;;;;;;;;;;;;;;;;;;;;;;;;;;;;;;;
RP;Brief;1961;118.188;1.761;1,5;116.427;65.678;56,4;29.866;25,7;X;X;17.325;14,9;X;X;X;X;3.558;3,1;;;;;;;;;;;;;;;;;;;;;;;;;;;;;;;;;;;;;;;;;;;;;;;;;;;;;;;
RP;Brief;1965;148.684;1.135;0,8;147.549;81.523;55,3;44.700;30,3;X;X;16.253;11;X;X;X;X;5.073;3,4;;;;;;;;;;;;;;;;;;;;;;;;;;;;;;;;;;;;;;;;;;;;;;;;;;;;;;;
RP;Brief;1969;150.595;1.042;0,7;149.553;78.149;52,3;53.907;36;X;X;11.406;7,6;X;X;X;X;6.091;4,1;;;;;;;;;;;;;;;;;;;;;;;;;;;;;;;;;;;;;;;;;;;;;;;;;;;;;;;
RP;Brief;1972;169.741;941;0,6;168.800;83.276;49,3;67.850;40,2;X;X;16.173;9,6;X;X;X;X;1.501;0,9;;;;;;;;;;;;;;;;;;;;;;;;;;;;;;;;;;;;;;;;;;;;;;;;;;;;;;;
RP;Brief;1976;218.524;988;0,5;217.536;116.471;53,5;81.766;37,6;X;X;17.213;7,9;X;X;X;X;2.086;1;;;;;;;;;;;;;;;;;;;;;;;;;;;;;;;;;;;;;;;;;;;;;;;;;;;;;;;
RP;Brief;1980;271.454;1.448;0,5;270.006;127.922;47,4;107.786;39,9;X;X;26.755;9,9;X;X;6.298;2,3;1.245;0,5;;;;;;;;;;;;;;;;;;;;;;;;;;;;;;;;;;;;;;;;;;;;;;;;;;;;;;;
RP;Brief;1983;239.819;1.782;0,7;238.037;120.776;50,7;79.071;33,2;X;X;19.423;8,2;X;X;17.863;7,5;904;0,4;;;;;;;;;;;;;;;;;;;;;;;;;;;;;;;;;;;;;;;;;;;;;;;;;;;;;;;
RP;Brief;1987;232.889;1.449;0,6;231.440;111.156;48;68.970;29,8;X;X;24.819;10,7;X;X;24.069;10,4;2.426;1;;;;;;;;;;;;;;;;;;;;;;;;;;;;;;;;;;;;;;;;;;;;;;;;;;;;;;;
RP;Brief;1990;241.806;1.660;0,7;240.146;115.109;47,9;77.547;32,3;X;X;25.882;10,8;696;0,3;12.349;5,1;8.563;3,6;;;;;;;;;;;;;;;;;;;;;;;;;;;;;;;;;;;;;;;;;;;;;;;;;;;;;;;
RP;Brief;1994;418.750;2.510;0,6;416.240;193.816;46,6;137.686;33,1;X;X;35.536;8,5;3.117;0,7;33.851;8,1;12.234;2,9;;;;;;;;;;;;;;;;;;;;;;;;;;;;;;;;;;;;;;;;;;;;;;;;;;;;;;;
RP;Brief;1998;403.605;3.064;0,8;400.541;168.186;42;145.615;36,4;X;X;34.689;8,7;3.947;1;27.051;6,8;21.053;5,3;;;;;;;;;;;;;;;;;;;;;;;;;;;;;;;;;;;;;;;;;;;;;;;;;;;;;;;
RP;Brief;2002;430.385;3.669;0,9;426.716;179.946;42,2;150.917;35,4;X;X;45.124;10,6;4.091;1;33.355;7,8;13.283;3,1;;;;;;;;;;;;;;;;;;;;;;;;;;;;;;;;;;;;;;;;;;;;;;;;;;;;;;;
RP;Brief;2005;483.660;6.088;1,3;477.572;198.679;41,6;154.957;32,4;X;X;53.468;11,2;25.202;5,3;30.615;6,4;14.651;3,1;;;;;;;;;;;;;;;;;;;;;;;;;;;;;;;;;;;;;;;;;;;;;;;;;;;;;;;
RP;Brief;2009;590.919;7.395;1,3;583.524;223.692;38,3;127.956;21,9;X;X;101.153;17,3;45.370;7,8;57.700;9,9;27.653;4,7;;;;;;;;;;;;;;;;;;;;;;;;;;;;;;;;;;;;;;;;;;;;;;;;;;;;;;;
RP;Brief;2013;629.593;7.846;1,2;621.747;278.004;44,7;161.838;26;25.160;4;42.633;6,9;26.305;4,2;52.558;8,5;35.249;5,7;;;;;;;;;;;;;;;;;;;;;;;;;;;;;;;;;;;;;;;;;;;;;;;;;;;;;;;
RP;Brief;2017;831.545;6.587;0,8;824.958;330.049;40;190.486;23,1;73.821;8,9;90.089;10,9;46.624;5,7;60.815;7,4;33.074;4;;;;;;;;;;;;;;;;;;;;;;;;;;;;;;;;;;;;;;;;;;;;;;;;;;;;;;;
RP;Brief;2021;1.434.524;10.371;0,7;1.424.153;374.378;26,3;433.410;30,4;90.391;6,3;163.309;11,5;41.899;2,9;191.634;13,5;129.132;9,1;;;;;;;;;;;;;;;;;;;;;;;;;;;;;;;;;;;;;;;;;;;;;;;;;;;;;;;
RP;Brief;2025;1.143.440;5.574;0,5;1.137.866;401.347;35,3;232.290;20,4;150.982;13,3;51.339;4,5;63.888;5,6;126.899;11,2;111.121;9,8;;;;;;;;;;;;;;;;;;;;;;;;;;;;;;;;;;;;;;;;;;;;;;;;;;;;;;;
BY;Brief;1957;256.958;3.202;1,2;253.756;162.035;63,9;46.751;18,4;X;X;18.392;7,2;X;X;X;X;26.578;10,5;;;;;;;;;;;;;;;;;;;;;;;;;;;;;;;;;;;;;;;;;;;;;;;;;;;;;;;
BY;Brief;1961;322.997;3.749;1,2;319.248;182.540;57,2;76.099;23,8;X;X;41.141;12,9;X;X;X;X;19.468;6,1;;;;;;;;;;;;;;;;;;;;;;;;;;;;;;;;;;;;;;;;;;;;;;;;;;;;;;;
BY;Brief;1965;408.320;2.940;0,7;405.380;225.761;55,7;114.730;28,3;X;X;44.868;11,1;X;X;X;X;20.021;4,9;;;;;;;;;;;;;;;;;;;;;;;;;;;;;;;;;;;;;;;;;;;;;;;;;;;;;;;
BY;Brief;1969;420.565;2.258;0,5;418.307;224.385;53,6;138.871;33,2;X;X;28.585;6,8;X;X;X;X;26.466;6,3;;;;;;;;;;;;;;;;;;;;;;;;;;;;;;;;;;;;;;;;;;;;;;;;;;;;;;;
BY;Brief;1972;548.801;1.975;0,4;546.826;315.220;57,6;180.391;33;X;X;46.372;8,5;X;X;X;X;4.843;0,9;;;;;;;;;;;;;;;;;;;;;;;;;;;;;;;;;;;;;;;;;;;;;;;;;;;;;;;
BY;Brief;1976;716.748;2.119;0,3;714.629;445.412;62,3;204.959;28,7;X;X;56.743;7,9;X;X;X;X;7.515;1,1;;;;;;;;;;;;;;;;;;;;;;;;;;;;;;;;;;;;;;;;;;;;;;;;;;;;;;;
BY;Brief;1980;931.486;4.545;0,5;926.941;533.185;57,5;282.078;30,4;X;X;88.440;9,5;X;X;18.034;1,9;5.204;0,6;;;;;;;;;;;;;;;;;;;;;;;;;;;;;;;;;;;;;;;;;;;;;;;;;;;;;;;
BY;Brief;1983;799.178;3.448;0,4;795.730;461.060;57,9;208.299;26,2;X;X;66.609;8,4;X;X;54.320;6,8;5.442;0,7;;;;;;;;;;;;;;;;;;;;;;;;;;;;;;;;;;;;;;;;;;;;;;;;;;;;;;;
BY;Brief;1987;844.706;3.693;0,4;841.013;461.335;54,9;185.892;22,1;X;X;91.034;10,8;X;X;86.526;10,3;16.226;1,9;;;;;;;;;;;;;;;;;;;;;;;;;;;;;;;;;;;;;;;;;;;;;;;;;;;;;;;
BY;Brief;1990;806.576;3.097;0,4;803.479;419.670;52,2;192.317;23,9;X;X;85.603;10,7;2.704;0,3;45.318;5,6;57.867;7,2;;;;;;;;;;;;;;;;;;;;;;;;;;;;;;;;;;;;;;;;;;;;;;;;;;;;;;;
BY;Brief;1994;974.700;3.492;0,4;971.208;496.523;51,1;249.384;25,7;X;X;87.999;9,1;6.781;0,7;77.614;8;52.907;5,4;;;;;;;;;;;;;;;;;;;;;;;;;;;;;;;;;;;;;;;;;;;;;;;;;;;;;;;
BY;Brief;1998;1.430.378;7.112;0,5;1.423.266;689.994;48,5;437.824;30,8;X;X;91.492;6,4;9.561;0,7;100.267;7;94.128;6,6;;;;;;;;;;;;;;;;;;;;;;;;;;;;;;;;;;;;;;;;;;;;;;;;;;;;;;;
BY;Brief;2002;1.681.337;5.856;0,3;1.675.481;967.329;57,7;434.349;25,9;X;X;88.920;5,3;10.772;0,6;132.870;7,9;41.241;2,5;;;;;;;;;;;;;;;;;;;;;;;;;;;;;;;;;;;;;;;;;;;;;;;;;;;;;;;
BY;Brief;2005;1.529.908;9.714;0,6;1.520.194;773.674;50,9;375.344;24,7;X;X;141.778;9,3;50.096;3,3;119.580;7,9;59.722;3,9;;;;;;;;;;;;;;;;;;;;;;;;;;;;;;;;;;;;;;;;;;;;;;;;;;;;;;;
BY;Brief;2009;1.954.721;12.425;0,6;1.942.296;866.005;44,6;297.757;15,3;X;X;291.921;15;105.859;5,5;219.112;11,3;161.642;8,3;;;;;;;;;;;;;;;;;;;;;;;;;;;;;;;;;;;;;;;;;;;;;;;;;;;;;;;
BY;Brief;2013;2.344.744;18.328;0,8;2.326.416;1.126.591;48,4;434.315;18,7;85.000;3,7;135.562;5,8;68.914;3;220.718;9,5;255.316;11;;;;;;;;;;;;;;;;;;;;;;;;;;;;;;;;;;;;;;;;;;;;;;;;;;;;;;;
BY;Brief;2017;2.773.317;10.055;0,4;2.763.262;1.129.391;40,9;396.167;14,3;295.870;10,7;300.509;10,9;144.076;5,2;269.557;9,8;227.692;8,2;;;;;;;;;;;;;;;;;;;;;;;;;;;;;;;;;;;;;;;;;;;;;;;;;;;;;;;
BY;Brief;2021;4.748.303;17.352;0,4;4.730.951;1.539.785;32,5;856.347;18,1;337.113;7,1;496.688;10,5;118.625;2,5;685.958;14,5;696.435;14,7;;;;;;;;;;;;;;;;;;;;;;;;;;;;;;;;;;;;;;;;;;;;;;;;;;;;;;;
BY;Brief;2025;4.171.726;8.225;0,2;4.163.501;1.700.070;40,8;489.263;11,8;592.770;14,2;168.475;4,0;203.473;4,9;531.815;12,8;477.635;11,5;;;;;;;;;;;;;;;;;;;;;;;;;;;;;;;;;;;;;;;;;;;;;;;;;;;;;;;
BW;Brief;1957;191.571;2.362;1,2;189.209;116.498;61,6;32.443;17,1;X;X;29.582;15,6;X;X;X;X;10.686;5,6;;;;;;;;;;;;;;;;;;;;;;;;;;;;;;;;;;;;;;;;;;;;;;;;;;;;;;;
BW;Brief;1961;234.000;3.128;1,3;230.872;117.763;51;57.214;24,8;X;X;43.940;19;X;X;X;X;11.955;5,2;;;;;;;;;;;;;;;;;;;;;;;;;;;;;;;;;;;;;;;;;;;;;;;;;;;;;;;
BW;Brief;1965;297.583;2.022;0,7;295.561;153.184;51,8;84.147;28,5;X;X;44.836;15,2;X;X;X;X;13.394;4,5;;;;;;;;;;;;;;;;;;;;;;;;;;;;;;;;;;;;;;;;;;;;;;;;;;;;;;;
BW;Brief;1969;329.784;1.967;0,6;327.817;160.757;49;116.751;35,6;X;X;34.877;10,6;X;X;X;X;15.432;4,7;;;;;;;;;;;;;;;;;;;;;;;;;;;;;;;;;;;;;;;;;;;;;;;;;;;;;;;
BW;Brief;1972;362.791;1.726;0,5;361.065;177.643;49,2;127.364;35,3;X;X;52.130;14,4;X;X;X;X;3.928;1,1;;;;;;;;;;;;;;;;;;;;;;;;;;;;;;;;;;;;;;;;;;;;;;;;;;;;;;;
BW;Brief;1976;514.057;1.845;0,4;512.212;282.039;55,1;170.635;33,3;X;X;52.424;10,2;X;X;X;X;7.114;1,4;;;;;;;;;;;;;;;;;;;;;;;;;;;;;;;;;;;;;;;;;;;;;;;;;;;;;;;
BW;Brief;1980;641.276;2.623;0,4;638.653;305.068;47,8;225.255;35,3;X;X;85.382;13,4;X;X;19.948;3,1;3.000;0,5;;;;;;;;;;;;;;;;;;;;;;;;;;;;;;;;;;;;;;;;;;;;;;;;;;;;;;;
BW;Brief;1983;565.395;2.538;0,4;562.857;283.227;50,3;154.007;27,4;X;X;61.123;10,9;X;X;61.819;11;2.681;0,5;;;;;;;;;;;;;;;;;;;;;;;;;;;;;;;;;;;;;;;;;;;;;;;;;;;;;;;
BW;Brief;1987;565.463;2.615;0,5;562.848;255.726;45,4;130.407;23,2;X;X;83.943;14,9;X;X;81.894;14,5;10.878;1,9;;;;;;;;;;;;;;;;;;;;;;;;;;;;;;;;;;;;;;;;;;;;;;;;;;;;;;;
BW;Brief;1990;518.074;2.742;0,5;515.332;230.925;44,8;139.658;27,1;X;X;71.107;13,8;2.483;0,5;42.673;8,3;28.486;5,5;;;;;;;;;;;;;;;;;;;;;;;;;;;;;;;;;;;;;;;;;;;;;;;;;;;;;;;
BW;Brief;1994;714.286;3.238;0,5;711.048;299.579;42,1;185.599;26,1;X;X;90.291;12,7;7.094;1;91.969;12,9;36.516;5,1;;;;;;;;;;;;;;;;;;;;;;;;;;;;;;;;;;;;;;;;;;;;;;;;;;;;;;;
BW;Brief;1998;960.641;5.350;0,6;955.291;357.071;37,4;306.642;32,1;X;X;106.105;11,1;9.266;1;110.368;11,6;65.839;6,9;;;;;;;;;;;;;;;;;;;;;;;;;;;;;;;;;;;;;;;;;;;;;;;;;;;;;;;
BW;Brief;2002;1.027.771;5.313;0,5;1.022.458;418.782;41;336.696;32,9;X;X;94.092;9,2;10.066;1;128.139;12,5;34.683;3,4;;;;;;;;;;;;;;;;;;;;;;;;;;;;;;;;;;;;;;;;;;;;;;;;;;;;;;;
BW;Brief;2005;1.038.726;7.605;0,7;1.031.121;421.252;40,9;297.783;28,9;X;X;121.637;11,8;39.594;3,8;114.063;11,1;36.792;3,6;;;;;;;;;;;;;;;;;;;;;;;;;;;;;;;;;;;;;;;;;;;;;;;;;;;;;;;
BW;Brief;2009;1.048.979;8.501;0,8;1.040.478;367.340;35,3;181.430;17,4;X;X;207.230;19,9;63.824;6,1;160.956;15,5;59.698;5,7;;;;;;;;;;;;;;;;;;;;;;;;;;;;;;;;;;;;;;;;;;;;;;;;;;;;;;;
BW;Brief;2013;1.272.126;8.872;0,7;1.263.254;562.271;44,5;244.299;19,3;58.987;4,7;98.074;7,8;49.032;3,9;170.003;13,5;80.588;6,4;;;;;;;;;;;;;;;;;;;;;;;;;;;;;;;;;;;;;;;;;;;;;;;;;;;;;;;
BW;Brief;2017;1.644.374;7.901;0,5;1.636.473;596.713;36,5;250.365;15,3;160.615;9,8;223.417;13,7;93.456;5,7;239.651;14,6;72.256;4,4;;;;;;;;;;;;;;;;;;;;;;;;;;;;;;;;;;;;;;;;;;;;;;;;;;;;;;;
BW;Brief;2021;3.015.007;14.402;0,5;3.000.605;773.816;25,8;662.065;22,1;196.019;6,5;448.939;15;92.170;3,1;595.348;19,8;232.248;7,7;;;;;;;;;;;;;;;;;;;;;;;;;;;;;;;;;;;;;;;;;;;;;;;;;;;;;;;
BW;Brief;2025;2.351.838;6.583;0,3;2.345.255;825.114;35,2;352.580;15,0;304.569;13,0;135.110;5,8;140.900;6,0;383.618;16,4;203.364;8,7;;;;;;;;;;;;;;;;;;;;;;;;;;;;;;;;;;;;;;;;;;;;;;;;;;;;;;;
SL;Brief;1957;19.595;495;2,5;19.100;11.480;60,1;3.073;16,1;X;X;4.209;22;X;X;X;X;338;1,8;;;;;;;;;;;;;;;;;;;;;;;;;;;;;;;;;;;;;;;;;;;;;;;;;;;;;;;
SL;Brief;1961;29.122;646;2,2;28.476;16.430;57,7;6.677;23,4;X;X;4.542;16;X;X;X;X;827;2,9;;;;;;;;;;;;;;;;;;;;;;;;;;;;;;;;;;;;;;;;;;;;;;;;;;;;;;;
SL;Brief;1965;49.658;716;1,4;48.942;26.073;53,3;16.031;32,8;X;X;4.954;10,1;X;X;X;X;1.884;3,8;;;;;;;;;;;;;;;;;;;;;;;;;;;;;;;;;;;;;;;;;;;;;;;;;;;;;;;
SL;Brief;1969;50.564;635;1,3;49.929;25.334;50,7;17.627;35,3;X;X;4.337;8,7;X;X;X;X;2.631;5,3;;;;;;;;;;;;;;;;;;;;;;;;;;;;;;;;;;;;;;;;;;;;;;;;;;;;;;;
SL;Brief;1972;52.856;395;0,7;52.461;25.624;48,8;21.670;41,3;X;X;4.527;8,6;X;X;X;X;640;1,2;;;;;;;;;;;;;;;;;;;;;;;;;;;;;;;;;;;;;;;;;;;;;;;;;;;;;;;
SL;Brief;1976;77.836;466;0,6;77.370;40.336;52,1;30.682;39,7;X;X;5.490;7,1;X;X;X;X;862;1,1;;;;;;;;;;;;;;;;;;;;;;;;;;;;;;;;;;;;;;;;;;;;;;;;;;;;;;;
SL;Brief;1980;94.487;663;0,7;93.824;42.242;45;42.439;45,2;X;X;7.123;7,6;X;X;1.496;1,6;524;0,6;;;;;;;;;;;;;;;;;;;;;;;;;;;;;;;;;;;;;;;;;;;;;;;;;;;;;;;
SL;Brief;1983;79.132;526;0,7;78.606;37.535;47,8;30.345;38,6;X;X;5.374;6,8;X;X;4.930;6,3;422;0,5;;;;;;;;;;;;;;;;;;;;;;;;;;;;;;;;;;;;;;;;;;;;;;;;;;;;;;;
SL;Brief;1987;80.271;747;0,9;79.524;35.702;44,9;30.487;38,3;X;X;6.139;7,7;X;X;6.414;8,1;782;1;;;;;;;;;;;;;;;;;;;;;;;;;;;;;;;;;;;;;;;;;;;;;;;;;;;;;;;
SL;Brief;1990;80.015;616;0,8;79.399;33.271;41,9;36.954;46,5;X;X;5.285;6,7;188;0,2;2.014;2,5;1.687;2,1;;;;;;;;;;;;;;;;;;;;;;;;;;;;;;;;;;;;;;;;;;;;;;;;;;;;;;;
SL;Brief;1994;110.412;1.716;1,6;108.696;45.221;41,6;45.959;42,3;X;X;6.413;5,9;886;0,8;7.317;6,7;2.900;2,7;;;;;;;;;;;;;;;;;;;;;;;;;;;;;;;;;;;;;;;;;;;;;;;;;;;;;;;
SL;Brief;1998;109.529;1.175;1,1;108.354;38.619;35,6;51.587;47,6;X;X;6.542;6;1.052;1;6.102;5,6;4.452;4,1;;;;;;;;;;;;;;;;;;;;;;;;;;;;;;;;;;;;;;;;;;;;;;;;;;;;;;;
SL;Brief;2002;113.778;1.658;1,5;112.120;43.180;38,5;48.650;43,4;X;X;7.572;6,8;1.480;1,3;7.436;6,6;3.802;3,4;;;;;;;;;;;;;;;;;;;;;;;;;;;;;;;;;;;;;;;;;;;;;;;;;;;;;;;
SL;Brief;2005;123.384;2.324;1,9;121.060;43.971;36,3;37.786;31,2;X;X;8.434;7;20.155;16,6;6.025;5;4.689;3,9;;;;;;;;;;;;;;;;;;;;;;;;;;;;;;;;;;;;;;;;;;;;;;;;;;;;;;;
SL;Brief;2009;129.248;1.726;1,3;127.522;46.081;36,1;30.094;23,6;X;X;14.747;11,6;23.087;18,1;8.565;6,7;4.948;3,9;;;;;;;;;;;;;;;;;;;;;;;;;;;;;;;;;;;;;;;;;;;;;;;;;;;;;;;
SL;Brief;2013;128.409;2.811;2,2;125.598;51.840;41,3;37.848;30,1;5.316;4,2;5.845;4,7;9.974;7,9;8.148;6,5;6.627;5,3;;;;;;;;;;;;;;;;;;;;;;;;;;;;;;;;;;;;;;;;;;;;;;;;;;;;;;;
SL;Brief;2017;154.369;2.055;1,3;152.314;58.035;38,1;40.616;26,7;12.167;8;12.175;8;15.527;10,2;8.454;5,6;5.340;3,5;;;;;;;;;;;;;;;;;;;;;;;;;;;;;;;;;;;;;;;;;;;;;;;;;;;;;;;
SL;Brief;2021;235.089;3.776;1,6;231.313;58.228;25,2;90.457;39,1;16.322;7,1;26.441;11,4;15.699;6,8;–;0;24.166;10,4;;;;;;;;;;;;;;;;;;;;;;;;;;;;;;;;;;;;;;;;;;;;;;;;;;;;;;;
SL;Brief;2025;229.698;1.695;0,7;228.003;70.957;31,1;55.192;24,2;31.996;14,0;9.746;4,3;14.074;6,2;19.953;8,8;26.085;11,4;;;;;;;;;;;;;;;;;;;;;;;;;;;;;;;;;;;;;;;;;;;;;;;;;;;;;;;
Bund;Brief;1957;1.537.094;25.501;1,7;1.511.593;911.664;60,3;317.337;21;X;X;146.028;9,7;X;X;X;X;136.564;9;;;;;;;;;;;;;;;;;;;;;;;;;;;;;;;;;;;;;;;;;;;;;;;;;;;;;;;
Bund;Brief;1961;1.891.604;24.734;1,3;1.866.870;971.423;52;505.222;27,1;X;X;303.010;16,2;X;X;X;X;87.215;4,7;;;;;;;;;;;;;;;;;;;;;;;;;;;;;;;;;;;;;;;;;;;;;;;;;;;;;;;
Bund;Brief;1965;2.443.935;17.487;0,7;2.426.448;1.276.316;52,6;776.790;32;X;X;278.163;11,5;X;X;X;X;95.179;3,9;;;;;;;;;;;;;;;;;;;;;;;;;;;;;;;;;;;;;;;;;;;;;;;;;;;;;;;
Bund;Brief;1969;2.381.860;14.588;0,6;2.367.272;1.150.739;48,6;904.357;38,2;X;X;195.729;8,3;X;X;X;X;116.447;4,9;;;;;;;;;;;;;;;;;;;;;;;;;;;;;;;;;;;;;;;;;;;;;;;;;;;;;;;
Bund;Brief;1972;2.722.424;12.542;0,5;2.709.882;1.309.759;48,3;1.073.852;39,6;X;X;300.716;11,1;X;X;X;X;25.555;0,9;;;;;;;;;;;;;;;;;;;;;;;;;;;;;;;;;;;;;;;;;;;;;;;;;;;;;;;
Bund;Brief;1976;4.099.212;17.795;0,4;4.081.417;2.162.720;53;1.507.883;36,9;X;X;364.365;8,9;X;X;X;X;46.449;1,1;;;;;;;;;;;;;;;;;;;;;;;;;;;;;;;;;;;;;;;;;;;;;;;;;;;;;;;
Bund;Brief;1980;4.991.942;21.574;0,4;4.970.368;2.328.804;46,9;1.947.557;39,2;X;X;552.353;11,1;X;X;114.519;2,3;27.135;0,5;;;;;;;;;;;;;;;;;;;;;;;;;;;;;;;;;;;;;;;;;;;;;;;;;;;;;;;
Bund;Brief;1983;4.135.816;18.305;0,4;4.117.511;2.059.013;50;1.352.834;32,9;X;X;346.012;8,4;X;X;339.114;8,2;20.538;0,5;;;;;;;;;;;;;;;;;;;;;;;;;;;;;;;;;;;;;;;;;;;;;;;;;;;;;;;
Bund;Brief;1987;4.247.949;20.072;0,5;4.227.877;1.975.315;46,7;1.250.993;29,6;X;X;478.359;11,3;X;X;470.340;11,1;52.870;1,3;;;;;;;;;;;;;;;;;;;;;;;;;;;;;;;;;;;;;;;;;;;;;;;;;;;;;;;
Bund;Brief;1990;4.435.770;23.911;0,5;4.411.859;1.986.094;45;1.365.683;31;X;X;532.549;12,1;63.353;1,4;283.418;6,4;180.762;4,1;;;;;;;;;;;;;;;;;;;;;;;;;;;;;;;;;;;;;;;;;;;;;;;;;;;;;;;
Bund;Brief;1994;6.389.047;38.657;0,6;6.350.390;2.737.240;43,1;1.963.163;30,9;X;X;578.121;9,1;246.702;3,9;604.391;9,5;220.773;3,5;;;;;;;;;;;;;;;;;;;;;;;;;;;;;;;;;;;;;;;;;;;;;;;;;;;;;;;
Bund;Brief;1998;8.016.122;46.538;0,6;7.969.584;3.036.576;38,1;2.907.721;36,5;X;X;644.240;8,1;309.152;3,9;653.136;8,2;418.759;5,3;;;;;;;;;;;;;;;;;;;;;;;;;;;;;;;;;;;;;;;;;;;;;;;;;;;;;;;
Bund;Brief;2002;8.765.762;52.437;0,6;8.713.325;3.521.720;40,4;3.139.394;36;X;X;733.343;8,4;290.892;3,3;785.643;9;242.333;2,8;;;;;;;;;;;;;;;;;;;;;;;;;;;;;;;;;;;;;;;;;;;;;;;;;;;;;;;
Bund;Brief;2005;8.969.355;83.970;0,9;8.885.385;3.499.383;39,4;2.883.454;32,5;X;X;844.776;9,5;679.172;7,6;699.993;7,9;278.607;3,1;;;;;;;;;;;;;;;;;;;;;;;;;;;;;;;;;;;;;;;;;;;;;;;;;;;;;;;
Bund;Brief;2009;9.421.406;78.717;0,8;9.342.689;3.484.873;37,3;1.945.459;20,8;X;X;1.426.315;15,3;889.324;9,5;1.093.617;11,7;503.101;5,4;;;;;;;;;;;;;;;;;;;;;;;;;;;;;;;;;;;;;;;;;;;;;;;;;;;;;;;
Bund;Brief;2013;10.758.677;98.255;0,9;10.660.422;4.568.247;42,9;2.599.192;24,4;414.905;3,9;648.509;6,1;689.075;6,5;1.068.516;10;671.978;6,3;;;;;;;;;;;;;;;;;;;;;;;;;;;;;;;;;;;;;;;;;;;;;;;;;;;;;;;
Bund;Brief;2017;13.430.468;73.283;0,5;13.357.185;4.861.367;36,4;2.591.903;19,4;1.280.616;9,6;1.597.951;12;1.074.679;8;1.269.521;9,5;681.148;5,1;;;;;;;;;;;;;;;;;;;;;;;;;;;;;;;;;;;;;;;;;;;;;;;;;;;;;;;
Bund;Brief;2021;22.146.336;120.136;0,5;22.026.200;5.677.435;25,8;5.698.735;25,9;1.482.944;6,7;2.534.598;11,5;987.900;4,5;3.676.027;16,7;1.968.561;8,9;;;;;;;;;;;;;;;;;;;;;;;;;;;;;;;;;;;;;;;;;;;;;;;;;;;;;;;
Bund;Brief;2025;18.497.796;61.056;0,3;18.436.740;6.143.113;33,3;3.212.770;17,4;2.425.383;13,2;798.019;4,3;1.425.682;7,7;2.551.646;13,8;1.880.127;10,2;;;;;;;;;;;;;;;;;;;;;;;;;;;;;;;;;;;;;;;;;;;;;;;;;;;;;;;
