© Der Bundeswahlleiter, Wiesbaden 2016;;;;;;;;;;;;;;;;;;;;;;;;;;;;;;;;;;;;;;;;;;;;;;;;;;;;;;;;;;;
;;;;;;;;;;;;;;;;;;;;;;;;;;;;;;;;;;;;;;;;;;;;;;;;;;;;;;;;;;;
Ergebnisse der Bundestagswahl 2009 nach kreisfreien Städten und Landkreisen;;;;;;;;;;;;;;;;;;;;;;;;;;;;;;;;;;;;;;;;;;;;;;;;;;;;;;;;;;;
;;;;;;;;;;;;;;;;;;;;;;;;;;;;;;;;;;;;;;;;;;;;;;;;;;;;;;;;;;;
Land;Statistische Kennziffer;Kreisfreie Stadt bzw. Stadtkreis, Landkreis bzw. Kreis;Wahlberechtigte;Wähler;Ungültige;Gültige;SPD;CDU;FDP;DIE LINKE;GRÜNE;CSU;NPD;REP;FAMILIE;Die Tierschutzpartei;PBC;MLPD;BüSo;BP;Volksabstimmung;ZENTRUM;ADM;DKP;DIE VIOLETTEN;ödp;PIRATEN;RRP;Freie Union;Übrige;Ungültige;Gültige;SPD;CDU;FDP;DIE LINKE;GRÜNE;CSU;NPD;REP;FAMILIE;Die Tierschutzpartei;PBC;MLPD;BüSo;BP;PSG;Volksabstimmung;ZENTRUM;ADM;CM;DKP;DVU;DIE VIOLETTEN;FWD;ödp;PIRATEN;RRP;RENTNER
;;;;;Erststimmen;Erststimmen;Erststimmen;Erststimmen;Erststimmen;Erststimmen;Erststimmen;Erststimmen;Erststimmen;Erststimmen;Erststimmen;Erststimmen;Erststimmen;Erststimmen;Erststimmen;Erststimmen;Erststimmen;Erststimmen;Erststimmen;Erststimmen;Erststimmen;Erststimmen;Erststimmen;Erststimmen;Erststimmen;Erststimmen;Zweitstimmen;Zweitstimmen;Zweitstimmen;Zweitstimmen;Zweitstimmen;Zweitstimmen;Zweitstimmen;Zweitstimmen;Zweitstimmen;Zweitstimmen;Zweitstimmen;Zweitstimmen;Zweitstimmen;Zweitstimmen;Zweitstimmen;Zweitstimmen;Zweitstimmen;Zweitstimmen;Zweitstimmen;Zweitstimmen;Zweitstimmen;Zweitstimmen;Zweitstimmen;Zweitstimmen;Zweitstimmen;Zweitstimmen;Zweitstimmen;Zweitstimmen;Zweitstimmen
SH;01001;Flensburg, Stadt;69075;46583;1204;45379;16552;13859;4253;4697;5520;0;407;0;0;0;0;0;0;0;0;91;0;0;0;0;0;0;0;0;1152;45431;12739;11238;6530;5267;7323;0;373;0;0;0;0;16;0;0;0;0;0;0;0;0;44;0;0;0;1364;0;537
SH;01002;Kiel, Landeshauptstadt;182726;131024;3171;127853;49754;36762;10847;11195;17235;0;1301;0;0;0;0;0;0;0;0;0;0;0;0;0;0;0;0;759;2063;128961;38656;31517;16691;12714;22659;0;1195;0;0;0;0;76;0;0;0;0;0;0;0;0;133;0;0;0;4001;0;1319
SH;01003;Lübeck, Hansestadt;165928;113336;3193;110143;40899;32626;12010;10214;12917;0;1477;0;0;0;0;0;0;0;0;0;0;0;0;0;0;0;0;0;2973;110363;33620;29357;15434;11123;15370;0;1305;0;0;0;0;88;0;0;0;0;0;0;0;0;135;0;0;0;2812;0;1119
SH;01004;Neumünster, Stadt;61004;39886;1054;38832;13735;14098;3651;2899;3632;0;612;0;0;0;0;0;0;0;0;0;0;0;0;0;0;0;0;205;991;38895;12074;11688;5820;3260;4276;0;586;0;0;0;0;20;0;0;0;0;0;0;0;0;41;0;0;0;784;0;346
SH;01051;Dithmarschen;108459;77125;2260;74865;20849;31320;10672;5597;5255;0;908;0;0;0;0;0;0;0;0;0;0;0;0;0;0;0;0;264;2104;75021;18215;27353;14090;5962;6306;0;856;0;0;0;0;37;0;0;0;0;0;0;0;0;107;0;0;0;1377;0;718
SH;01053;Herzogtum Lauenburg;147554;111590;2591;108999;32840;42267;12521;7991;11502;0;1612;0;0;0;0;0;0;0;0;0;0;0;266;0;0;0;0;0;2299;109291;28484;35630;18451;8968;13224;0;1466;0;0;0;0;32;0;0;0;0;0;0;0;0;138;0;0;0;2001;0;897
SH;01054;Nordfriesland;131982;95419;2246;93173;26336;40606;9661;5326;10092;0;817;0;0;0;0;0;0;0;0;0;0;0;0;0;0;0;0;335;2180;93239;22981;33881;15374;5830;11737;0;735;0;0;0;0;36;0;0;0;0;0;0;0;0;133;0;0;0;1567;0;965
SH;01055;Ostholstein;164965;120438;3764;116674;40240;45120;13050;7377;9358;0;1148;0;0;0;0;0;0;0;0;0;0;0;0;0;0;0;0;381;2890;117548;33389;38499;20770;8417;12307;0;1080;0;0;0;0;36;0;0;0;0;0;0;0;0;123;0;0;0;1861;0;1066
SH;01056;Pinneberg;232899;176188;3384;172804;54950;70458;17018;11794;16143;0;1912;0;0;0;0;0;0;0;0;0;0;0;0;0;0;0;0;529;3193;172995;45540;57203;28640;13412;20978;0;1743;0;0;0;0;56;0;0;0;0;0;0;0;0;193;0;0;0;3659;0;1571
SH;01057;Plön;104617;81243;2044;79199;26112;31045;8135;4535;7999;0;696;0;0;0;0;0;0;0;0;0;0;0;0;0;0;0;0;677;1862;79381;21886;25926;12772;5164;10774;0;671;0;0;0;0;21;0;0;0;0;0;0;0;0;81;0;0;0;1391;0;695
SH;01058;Rendsburg-Eckernförde;216531;164477;3675;160802;52254;64847;15658;9351;16254;0;1435;0;0;0;0;0;0;0;0;0;0;0;0;0;0;0;0;1003;3226;161251;42966;54669;25907;10537;20751;0;1300;0;0;0;0;59;0;0;0;0;0;0;0;0;142;0;0;0;3251;0;1669
SH;01059;Schleswig-Flensburg;156141;116746;2913;113833;35587;47934;11039;7221;10879;0;895;0;0;0;0;0;0;0;0;278;0;0;0;0;0;0;0;0;3029;113717;29054;39830;17657;8214;14644;0;867;0;0;0;0;31;0;0;0;0;0;0;0;0;115;0;0;0;2021;0;1284
SH;01060;Segeberg;205240;152508;3209;149299;44378;60266;17704;10796;13513;0;1601;0;0;0;0;0;0;0;0;0;0;0;0;0;0;0;0;1041;2877;149631;37118;50128;26809;12074;17009;0;1519;0;0;0;0;50;0;0;0;0;0;0;0;0;199;0;0;0;3094;0;1631
SH;01061;Steinburg;105865;77018;1966;75052;23486;29063;8817;5348;6948;0;953;0;0;0;0;0;0;0;0;0;0;0;0;0;0;0;0;437;1716;75302;19560;25320;12605;5931;8267;0;897;0;0;0;0;22;0;0;0;0;0;0;0;0;78;0;0;0;1523;0;1099
SH;01062;Stormarn;181734;140803;2820;137983;42023;55527;15034;8978;14379;0;1365;0;0;0;0;0;0;0;0;0;0;0;287;0;0;0;0;390;2327;138476;34457;46218;24217;10330;18157;0;1255;0;0;0;0;36;0;0;0;0;0;0;0;0;145;0;0;0;2571;0;1090
HH;02000;Hamburg, Freie und Hansestadt;1256634;896053;12395;883658;296589;288404;69968;86119;128440;0;9181;0;0;0;0;158;651;0;0;0;0;0;0;1899;0;0;0;2249;9715;886338;242942;246667;117143;99096;138454;0;7679;0;0;0;0;445;0;0;0;0;0;0;0;0;1184;0;0;2988;23168;0;6572
NI;03101;Braunschweig, Stadt;189975;139948;1736;138212;53572;47584;7507;10801;12012;0;1310;0;0;0;0;118;0;0;0;0;0;0;0;0;4214;0;0;1094;1535;138413;39774;40135;15845;13763;19831;0;1324;0;0;1114;0;77;0;0;0;0;0;0;0;0;134;0;0;184;4962;1270;0
NI;03102;Salzgitter, Stadt;77479;54544;966;53578;24379;16587;2949;5562;2477;0;1170;0;0;0;0;0;0;0;0;0;0;0;0;0;0;454;0;0;846;53698;19499;15871;4786;6587;3756;0;1054;0;0;427;0;11;0;0;0;0;0;0;0;0;62;0;0;37;919;689;0
NI;03103;Wolfsburg, Stadt;91838;64834;1060;63774;22058;25885;3748;4917;4960;0;1073;0;0;0;239;0;0;0;0;0;0;0;0;0;0;894;0;0;890;63944;20253;22407;6224;5435;5787;0;998;0;0;421;0;30;0;0;0;0;0;0;0;0;45;0;0;52;1490;802;0
NI;03151;Gifhorn;133727;98368;1251;97117;35858;40168;6015;6389;5807;0;1245;0;0;0;678;0;0;0;0;0;0;0;0;0;0;796;0;161;1190;97178;29176;35612;11120;7474;8648;0;1179;0;0;743;0;32;0;0;0;0;0;0;0;0;73;0;0;110;2147;864;0
NI;03152;Göttingen;197105;147127;1910;145217;53644;49266;9310;10813;20113;0;1734;0;0;0;0;0;0;0;0;0;0;0;0;0;0;0;0;337;1620;145507;42762;41408;19251;12806;22343;0;1568;0;0;1008;0;51;0;0;0;0;0;0;0;0;99;0;0;179;3461;571;0
NI;03153;Goslar;115674;83347;1407;81940;31729;29688;6057;8424;4615;0;1280;0;0;0;0;0;0;0;0;0;0;0;0;0;0;147;0;0;1134;82213;26153;25757;10850;8757;6526;0;1151;0;0;708;0;13;0;0;0;0;0;0;0;0;71;0;0;67;1538;622;0
NI;03154;Helmstedt;76178;55719;934;54785;18822;20441;3840;4301;4818;0;1723;0;0;0;134;0;0;0;0;0;0;0;0;0;0;706;0;0;719;55000;17408;17689;6382;4756;4873;0;1379;0;0;624;0;9;0;0;0;0;0;0;0;0;53;0;0;51;1125;651;0
NI;03155;Northeim;114154;84302;1378;82924;34501;28036;7105;6590;5219;0;1473;0;0;0;0;0;0;0;0;0;0;0;0;0;0;0;0;0;1126;83176;28914;24265;11407;7538;7099;0;1350;0;0;641;0;18;0;0;0;0;0;0;0;0;79;0;0;83;1430;352;0
NI;03156;Osterode am Harz;64863;46364;759;45605;17947;16417;3463;3782;2941;0;1031;0;0;0;0;0;0;0;0;0;0;0;0;0;0;0;0;24;641;45723;15587;13543;6484;4097;3670;0;917;0;0;385;0;14;0;0;0;0;0;0;0;0;39;0;0;38;659;290;0
NI;03157;Peine;103045;77357;963;76394;33691;24760;4950;6272;4583;0;1011;0;0;0;202;0;0;0;0;0;0;0;0;0;0;698;0;227;813;76544;27846;22696;8263;6958;6710;0;932;0;0;685;0;16;0;0;0;0;0;0;0;0;85;0;0;80;1502;771;0
NI;03158;Wolfenbüttel;97965;75774;1110;74664;32919;24979;4772;4869;5341;0;1222;0;0;0;0;0;0;0;0;0;0;0;0;0;0;562;0;0;941;74833;24144;23437;8524;6424;8022;0;1053;0;0;676;0;14;0;0;0;0;0;0;0;0;94;0;0;75;1494;876;0
NI;03241;Region Hannover;842375;631027;7720;623307;246053;219039;45898;46659;53336;0;8827;0;0;0;0;176;0;0;0;0;0;0;0;0;0;2400;0;919;6542;624485;194708;183683;79274;53406;79653;0;7914;0;0;5062;0;324;0;0;0;0;0;0;0;0;600;0;0;960;14135;4766;0
NI;03251;Diepholz;168221;124020;1425;122595;42328;45204;14343;8607;10679;0;1434;0;0;0;0;0;0;0;0;0;0;0;0;0;0;0;0;0;1119;122901;33831;41126;19577;10385;12508;0;1227;0;0;932;0;24;0;0;0;0;0;0;0;0;174;0;0;126;2159;832;0
NI;03252;Hameln-Pyrmont;121842;88150;1200;86950;33375;30675;6695;7643;7110;0;1452;0;0;0;0;0;0;0;0;0;0;0;0;0;0;0;0;0;1035;87115;27819;26806;11217;8231;8487;0;1265;0;0;804;0;27;0;0;0;0;0;0;0;0;98;0;0;85;1690;586;0
NI;03254;Hildesheim;222804;167520;2201;165319;64555;60376;10231;11402;14856;0;2606;0;0;0;0;0;0;0;0;0;0;0;0;0;0;1293;0;0;1802;165718;54487;52747;18752;13429;17360;0;2452;0;0;1405;0;52;0;0;0;0;0;0;0;0;152;0;0;171;3191;1520;0
NI;03255;Holzminden;60318;43891;806;43085;17569;15612;2970;3251;3049;0;634;0;0;0;0;0;0;0;0;0;0;0;0;0;0;0;0;0;727;43164;15081;11397;7263;3663;3854;0;538;0;0;393;0;24;0;0;0;0;0;0;0;0;36;0;0;34;686;195;0
NI;03256;Nienburg (Weser);96647;67324;796;66528;25492;26050;4622;4005;5169;0;1045;0;0;0;0;0;0;0;0;0;0;0;0;0;0;0;0;145;720;66604;20519;23496;8404;4875;6172;0;983;0;0;463;0;14;0;0;0;0;0;0;0;0;55;0;0;57;1075;491;0
NI;03257;Schaumburg;126919;93892;1131;92761;39142;34059;5675;5960;6286;0;1217;0;0;0;0;0;0;0;0;0;0;0;0;0;0;0;0;422;852;93040;31402;28693;11784;7288;9134;0;1090;0;0;743;0;31;0;0;0;0;0;0;0;0;111;0;0;143;1655;966;0
NI;03351;Celle;140679;101153;1239;99914;31777;46102;7682;6039;5818;0;1775;0;0;0;0;0;0;0;0;0;0;0;0;0;0;721;0;0;1053;100100;27058;37043;15063;7143;8426;0;1619;0;0;717;0;29;0;0;0;0;0;0;0;0;119;0;0;111;1903;869;0
NI;03352;Cuxhaven;159889;115418;1607;113811;43274;43165;8769;9079;7198;0;1527;0;0;0;0;0;0;0;0;0;0;0;0;0;0;0;0;799;1357;114061;34524;39053;14453;10552;10392;0;1293;0;0;937;0;20;0;0;0;0;0;0;0;0;211;0;0;152;1644;830;0
NI;03353;Harburg;191159;148918;1976;146942;45002;59657;15812;9611;13772;0;1935;0;0;0;0;0;0;0;0;0;0;0;0;0;0;1153;0;0;1552;147366;36139;50104;24967;10825;18002;0;1636;0;0;1132;0;33;0;0;0;0;0;0;0;0;177;0;0;238;2963;1150;0
NI;03354;Lüchow-Dannenberg;40462;29245;431;28814;8808;8921;3067;3097;4331;0;352;0;0;0;0;0;0;0;0;0;0;0;0;0;0;238;0;0;361;28884;6688;8251;3175;3435;5971;0;287;0;0;236;0;8;0;0;0;0;0;0;0;0;35;0;0;49;449;300;0
NI;03355;Lüneburg;136636;102221;1264;100957;31603;34308;8175;8838;15314;0;1508;0;0;0;0;0;0;0;0;0;0;0;0;0;0;1211;0;0;1005;101216;25633;29040;13148;9731;17572;0;1307;0;0;766;0;24;0;0;0;0;0;0;0;0;100;0;0;145;2346;1404;0
NI;03356;Osterholz;88697;67126;769;66357;23824;23231;5523;6702;6065;0;1012;0;0;0;0;0;0;0;0;0;0;0;0;0;0;0;0;0;605;66521;19816;20324;8407;7219;7734;0;834;0;0;566;0;13;0;0;0;0;0;0;0;0;94;0;0;70;1024;420;0
NI;03357;Rotenburg (Wümme);128089;93887;1200;92687;29563;41140;7416;5862;7104;0;1354;0;0;0;0;0;145;0;0;0;0;0;0;0;0;0;0;103;972;92915;24333;34525;13794;6736;9157;0;1181;0;0;712;0;24;0;0;0;0;0;0;0;0;114;0;0;100;1726;513;0
NI;03358;Soltau-Fallingbostel;109239;78670;1061;77609;28331;30854;6180;5467;5256;0;1521;0;0;0;0;0;0;0;0;0;0;0;0;0;0;0;0;0;844;77826;21948;27597;10601;6410;7286;0;1313;0;0;805;0;13;0;0;0;0;0;0;0;0;112;0;0;95;1266;380;0
NI;03359;Stade;153370;111904;1426;110478;38559;46874;7902;7361;7331;0;1913;0;0;0;0;0;162;0;0;0;0;0;0;0;0;0;0;376;1152;110752;30901;39159;15284;8522;11458;0;1666;0;0;789;0;36;0;0;0;0;0;0;0;0;95;0;0;129;2057;656;0
NI;03360;Uelzen;76637;55984;752;55232;18330;22470;3669;4091;4983;0;726;0;0;0;0;0;0;0;0;0;0;0;0;0;0;963;0;0;648;55336;15344;18350;7232;4622;6344;0;672;0;0;413;0;11;0;0;0;0;0;0;0;0;61;0;0;79;1054;1154;0
NI;03361;Verden;103623;77757;873;76884;28573;29849;5264;5540;6253;0;1405;0;0;0;0;0;0;0;0;0;0;0;0;0;0;0;0;0;732;77025;22163;25584;9482;6611;9319;0;1147;0;0;662;0;11;0;0;0;0;0;0;0;0;93;0;0;82;1315;556;0
NI;03401;Delmenhorst, Stadt;57518;38796;590;38206;12918;12872;3147;4310;3610;0;900;0;0;0;0;0;0;0;0;0;0;0;0;0;0;449;0;0;507;38289;10988;11464;4630;4803;3791;0;729;0;0;489;0;7;0;0;0;0;0;0;0;0;68;0;0;43;773;504;0
NI;03402;Emden, Stadt;39153;26258;429;25829;12325;5604;1780;2702;3098;0;320;0;0;0;0;0;0;0;0;0;0;0;0;0;0;0;0;0;345;25913;10637;5264;2500;3158;3210;0;310;0;0;177;0;12;0;0;0;0;0;0;0;0;20;0;0;25;472;128;0
NI;03403;Oldenburg (Oldenburg), Stadt;123651;90961;1106;89855;29905;27788;7202;9501;14310;0;802;0;0;0;0;0;0;0;0;0;0;0;0;0;0;347;0;0;812;90149;24757;22502;11638;10111;16425;0;722;0;0;745;0;42;0;0;0;0;0;0;0;0;63;0;0;122;2614;408;0
NI;03404;Osnabrück, Stadt;118299;86137;979;85158;29109;29904;8947;6407;9754;0;543;0;0;0;0;0;0;0;0;0;0;0;0;0;0;0;0;494;872;85265;22789;26072;12072;7757;12931;0;475;0;0;536;0;13;0;0;0;0;0;0;0;0;58;0;0;141;2123;298;0
NI;03405;Wilhelmshaven, Stadt;64799;43864;1032;42832;15951;13648;3567;5200;3750;0;716;0;0;0;0;0;0;0;0;0;0;0;0;0;0;0;0;0;703;43161;12954;12437;5823;5674;3819;0;550;0;0;432;0;46;0;0;0;0;0;0;0;0;34;0;0;33;967;392;0
NI;03451;Ammerland;91940;67386;785;66601;19115;27822;6638;4579;7341;0;746;0;0;0;0;0;0;0;0;0;0;0;0;0;0;360;0;0;678;66708;17794;21588;11279;5133;7746;0;623;0;0;604;0;11;0;0;0;0;0;0;0;0;61;0;0;70;1386;413;0
NI;03452;Aurich;150651;106627;2010;104617;45551;28102;7534;10511;11353;0;1566;0;0;0;0;0;0;0;0;0;0;0;0;0;0;0;0;0;1776;104851;40045;26891;11119;11820;10431;0;1402;0;0;865;0;20;0;0;0;0;0;0;0;0;103;0;0;98;1543;514;0
NI;03453;Cloppenburg;115385;78446;949;77497;15226;47470;6695;3953;3456;0;697;0;0;0;0;0;0;0;0;0;0;0;0;0;0;0;0;0;812;77634;13206;42049;11653;4370;3905;0;621;0;0;416;0;21;0;0;0;0;0;0;0;0;56;0;0;50;1076;211;0
NI;03454;Emsland;234531;172883;1900;170983;35467;97183;17765;8710;10593;0;1265;0;0;0;0;0;0;0;0;0;0;0;0;0;0;0;0;0;1718;171165;33246;86168;25314;9809;10918;0;1155;0;0;923;0;24;0;0;0;0;0;0;0;0;110;0;0;143;2637;718;0
NI;03455;Friesland;80130;57981;1056;56925;23938;17908;5653;4445;4197;0;784;0;0;0;0;0;0;0;0;0;0;0;0;0;0;0;0;0;785;57196;18176;16400;8853;5168;5721;0;648;0;0;581;0;31;0;0;0;0;0;0;0;0;49;0;0;60;991;518;0
NI;03456;Grafschaft Bentheim;96302;71063;737;70326;23522;33666;5122;3659;3833;0;524;0;0;0;0;0;0;0;0;0;0;0;0;0;0;0;0;0;629;70434;20030;29378;9627;4238;5082;0;462;0;0;370;0;11;0;0;0;0;0;0;0;0;27;0;0;87;908;214;0
NI;03457;Leer;127222;89785;1530;88255;31995;33934;5861;7888;7374;0;1203;0;0;0;0;0;0;0;0;0;0;0;0;0;0;0;0;0;1339;88446;30722;27051;9539;9341;7579;0;1104;0;0;709;0;17;0;0;0;0;0;0;0;0;93;0;0;232;1701;358;0
NI;03458;Oldenburg;97811;73138;736;72402;22409;27703;8473;5235;7122;0;918;0;0;0;0;0;0;0;0;0;0;0;0;0;0;542;0;0;686;72452;18644;23513;12153;6180;8313;0;796;0;0;682;0;23;0;0;0;0;0;0;0;0;64;0;0;92;1360;632;0
NI;03459;Osnabrück;271317;202204;2311;199893;63898;87793;18816;12517;14921;0;1784;0;0;0;0;0;0;0;0;0;0;0;0;0;0;0;0;164;1851;200353;53147;77925;28986;14332;18759;0;1616;0;0;1198;0;31;0;0;0;0;0;0;0;0;150;0;0;265;3313;631;0
NI;03460;Vechta;97064;70489;759;69730;12827;44216;6005;2974;3119;0;589;0;0;0;0;0;0;0;0;0;0;0;0;0;0;0;0;0;613;69876;11152;38306;11348;3148;3922;0;511;0;0;350;0;14;0;0;0;0;0;0;0;0;29;0;0;58;877;161;0
NI;03461;Wesermarsch;71111;49650;644;49006;20047;15698;4543;4206;3714;0;528;0;0;0;0;0;0;0;0;0;0;0;0;0;0;270;0;0;628;49022;16263;14833;6326;4923;4627;0;484;0;0;348;0;19;0;0;0;0;0;0;0;0;39;0;0;44;746;370;0
NI;03462;Wittmund;45617;30890;542;30348;11962;10655;3063;2410;1847;0;411;0;0;0;0;0;0;0;0;0;0;0;0;0;0;0;0;0;451;30439;9480;9891;4528;2730;2469;0;372;0;0;264;0;8;0;0;0;0;0;0;0;0;23;0;0;19;494;161;0
HB;04011;Bremen, Stadt;402884;287625;4177;283448;100535;77172;20397;35466;43482;0;3766;0;0;0;0;343;0;0;0;0;0;0;0;0;0;1039;0;1248;3389;284236;84806;67389;30414;40380;45920;0;3014;496;0;0;692;190;0;0;0;0;0;0;0;0;706;0;0;0;6947;3282;0
HB;04012;Bremerhaven, Stadt;85094;55402;1071;54331;20932;15269;4040;7407;5067;0;860;0;0;0;0;0;0;0;0;0;0;0;0;0;0;524;0;232;1027;54375;17613;13575;5554;7989;6363;0;598;81;0;0;163;26;0;0;0;0;0;0;0;0;324;0;0;0;1227;862;0
NW;05111;Düsseldorf, Stadt;414125;294423;3276;291147;89420;118982;27230;23214;29031;0;2864;0;0;0;0;406;0;0;0;0;0;0;0;0;0;0;0;0;2542;291881;70498;93653;52251;25206;36864;0;1704;1736;916;1717;0;135;66;0;51;233;179;0;0;0;110;0;0;212;5053;363;934
NW;05112;Duisburg, Stadt;345343;223880;3546;220334;97799;64780;12690;23756;15221;0;5144;0;0;0;0;275;0;0;0;0;0;0;0;0;0;0;0;669;3101;220779;84261;55446;20581;27618;18700;0;3489;1113;1164;1856;0;329;68;0;60;200;308;0;0;0;224;0;0;158;3808;392;1004
NW;05113;Essen, Stadt;435602;303489;3727;299762;126582;96607;21026;25511;24006;0;4699;0;0;0;0;240;1091;0;0;0;0;0;0;0;0;0;0;0;2978;300511;105066;81792;36829;29171;30931;0;3496;1869;1351;2148;0;269;331;0;78;303;173;0;0;0;163;0;0;211;4917;417;996
NW;05114;Krefeld, Stadt;168093;114481;1395;113086;39240;42272;11354;8431;9769;0;1215;0;735;0;0;70;0;0;0;0;0;0;0;0;0;0;0;0;1260;113221;31185;36939;17769;9765;12239;0;954;216;585;755;0;61;21;0;23;95;72;0;0;0;55;0;0;71;1847;167;402
NW;05116;Mönchengladbach, Stadt;194294;124190;1774;122416;33852;55784;11573;9233;10162;0;1569;0;0;0;0;0;0;0;0;0;0;0;0;0;0;0;0;243;1444;122746;30018;43020;22148;10241;10876;0;1231;301;526;906;0;31;20;0;19;104;259;0;0;0;49;0;0;84;2191;196;526
NW;05117;Mülheim an der Ruhr, Stadt;128222;94447;1167;93280;37043;30283;8828;7937;8116;0;1073;0;0;0;0;0;0;0;0;0;0;0;0;0;0;0;0;0;935;93512;31957;25492;13363;8725;9624;0;808;246;437;659;0;102;31;0;24;65;45;0;0;0;57;0;0;60;1330;154;333
NW;05119;Oberhausen, Stadt;158666;108617;1547;107070;47971;28599;6518;10723;10951;0;2095;0;0;0;0;213;0;0;0;0;0;0;0;0;0;0;0;0;1395;107222;42348;25819;10699;12460;9596;0;1596;364;564;862;0;90;32;0;23;91;72;0;0;0;90;0;0;81;1749;170;516
NW;05120;Remscheid, Stadt;81358;56094;752;55342;20137;21056;4725;4688;3826;0;910;0;0;0;0;0;0;0;0;0;0;0;0;0;0;0;0;0;665;55429;15426;17994;8726;5419;4825;0;628;235;293;368;0;11;12;0;6;61;29;0;0;0;57;0;0;44;943;76;276
NW;05122;Solingen, Stadt;114569;80275;1068;79207;26689;31041;7042;6692;6559;0;1184;0;0;0;0;0;0;0;0;0;0;0;0;0;0;0;0;0;831;79444;20814;25044;13264;7480;8433;0;798;294;422;556;0;68;22;0;17;91;63;0;0;0;66;0;0;98;1497;103;314
NW;05124;Wuppertal, Stadt;250614;170912;2438;168474;59264;59289;14025;17041;15879;0;2689;0;0;0;0;287;0;0;0;0;0;0;0;0;0;0;0;0;2213;168699;45873;49182;23547;18901;21384;0;1779;1233;733;1188;0;126;35;0;30;210;66;0;0;0;94;0;0;143;3331;233;611
NW;05154;Kleve;226029;158453;2128;156325;46290;76480;14620;8787;10148;0;0;0;0;0;0;0;0;0;0;0;0;0;0;0;0;0;0;0;1714;156739;36810;66161;25249;9566;12355;0;1045;299;819;974;0;25;29;0;15;115;90;0;0;0;95;0;0;138;2277;166;511
NW;05158;Mettmann;372852;273405;3250;270155;93492;114576;23006;16830;19058;0;3193;0;0;0;0;0;0;0;0;0;0;0;0;0;0;0;0;0;2874;270531;69507;93052;47655;20250;26754;0;2279;1095;1381;1716;0;60;76;0;41;286;178;0;0;0;153;0;0;218;4356;456;1018
NW;05162;Rhein-Kreis Neuss;331783;241727;2916;238811;64527;114736;25014;12923;17390;0;2856;0;1365;0;0;0;0;0;0;0;0;0;0;0;0;0;0;0;2458;239269;55116;91041;46391;14568;19937;0;2003;753;1451;1525;0;44;39;0;28;203;755;0;0;0;121;0;0;165;3883;339;907
NW;05166;Viersen;227805;164366;1990;162376;41691;79359;15755;11102;12633;0;1836;0;0;0;0;0;0;0;0;0;0;0;0;0;0;0;0;0;1658;162708;36743;61723;30071;11935;14433;0;1428;302;840;1269;0;22;22;0;25;133;106;0;0;0;78;0;0;130;2554;171;723
NW;05170;Wesel;362311;263818;3206;260612;108013;90302;18998;20475;17975;0;2997;0;1583;0;0;269;0;0;0;0;0;0;0;0;0;0;0;0;2823;260995;90532;78960;32368;23403;23160;0;2427;725;1439;1692;0;135;54;0;38;183;146;0;0;0;177;0;0;176;4082;346;952
NW;05313;Aachen, Stadt;176885;130211;1582;128629;38523;50703;11554;9520;17241;0;1088;0;0;0;0;0;0;0;0;0;0;0;0;0;0;0;0;0;1194;129017;28937;41146;19464;10911;20765;0;789;221;385;672;0;34;32;0;9;87;62;0;0;0;54;0;0;149;4837;149;314
NW;05314;Bonn, Stadt;219218;167574;1898;165676;55251;51674;31606;8381;16856;0;1211;0;0;0;0;0;251;0;0;0;0;0;446;0;0;0;0;0;1655;165919;37387;51654;31483;11624;26573;0;1049;244;443;786;0;40;87;0;26;137;87;0;0;0;52;0;0;208;3685;74;280
NW;05315;Köln, Stadt;703424;496338;5443;490895;171228;159025;44890;37140;71622;0;5938;0;0;0;0;487;0;0;0;0;0;0;0;0;0;0;0;565;4064;492274;126700;132283;76764;44508;88310;0;4228;1137;1482;2803;0;247;105;0;88;529;236;0;0;0;200;0;0;683;9697;807;1467
NW;05316;Leverkusen, Stadt;118130;83947;1288;82659;29222;32114;6986;6137;6485;0;1316;0;0;0;0;117;0;0;0;0;0;0;0;0;0;0;0;282;1021;82926;22740;27012;12775;6977;8610;0;1025;273;473;654;0;97;27;0;15;85;39;0;0;0;50;0;0;76;1431;163;404
NW;05354;Aachen;228546;160816;2766;158050;54205;63511;13275;13502;11056;0;2501;0;0;0;0;0;0;0;0;0;0;0;0;0;0;0;0;0;2296;158520;45981;53062;23518;14926;12491;0;1767;820;792;1107;0;19;29;0;18;125;70;0;0;0;114;0;0;81;2764;239;597
NW;05358;Düren;199907;144058;2447;141611;43655;65662;10745;10079;8956;0;2514;0;0;0;0;0;0;0;0;0;0;0;0;0;0;0;0;0;1979;142079;36209;53597;21383;11924;11102;0;2066;259;891;1100;0;20;28;0;19;201;72;0;0;0;74;0;0;62;2273;207;592
NW;05362;Rhein-Erft-Kreis;341857;251135;3926;247209;87310;97538;26354;15528;16301;0;3560;0;0;0;0;0;0;0;0;0;0;0;0;0;0;0;0;618;3221;247914;67998;84794;41256;18270;23085;0;2680;672;1085;1806;0;59;58;0;37;316;124;0;0;0;155;0;0;193;3726;311;1289
NW;05366;Euskirchen;148942;104971;2092;102879;26212;47597;12886;7366;7133;0;1381;0;0;0;0;0;0;0;0;0;0;0;0;0;0;0;0;304;1614;103357;21783;39657;20250;8083;8177;0;1082;248;639;803;0;17;24;0;16;129;59;0;0;0;89;0;0;118;1485;210;488
NW;05370;Heinsberg;187605;131761;2409;129352;31111;65143;12342;9859;8933;0;1964;0;0;0;0;0;0;0;0;0;0;0;0;0;0;0;0;0;1923;129838;27877;53888;21315;10638;9307;0;1532;413;784;1047;0;17;24;0;20;145;69;0;0;0;73;0;0;94;1976;199;420
NW;05374;Oberbergischer Kreis;211963;150609;2389;148220;41165;71759;12990;9599;10066;0;1734;0;0;0;0;0;0;0;0;0;0;0;0;458;0;0;0;449;2173;148436;35604;56807;25007;11070;12826;0;1317;380;905;977;0;16;36;0;22;193;79;0;0;0;119;0;0;264;2035;228;551
NW;05378;Rheinisch-Bergischer Kreis;215582;166669;1598;165071;43992;82523;14198;8561;13745;0;1643;0;0;0;0;0;0;0;0;0;0;0;0;0;0;0;0;409;1541;165128;38415;58572;31480;10832;18582;0;1227;353;725;1111;0;30;47;0;18;197;87;0;0;0;94;0;0;177;2346;292;543
NW;05382;Rhein-Sieg-Kreis;443263;328780;4197;324583;82057;154322;34739;17953;29435;0;3208;0;0;0;0;0;0;0;2550;0;0;0;0;0;0;0;0;319;3571;325209;71221;118003;66346;20450;34257;0;2650;495;1283;2087;0;46;36;0;30;1193;196;0;0;0;162;0;0;302;5332;357;763
NW;05512;Bottrop, Stadt;90873;64660;802;63858;29771;18944;3932;5836;3380;0;1033;0;0;0;0;126;0;0;0;0;0;0;0;836;0;0;0;0;719;63941;25363;17041;6644;6851;4393;0;761;299;312;461;0;72;12;0;11;35;25;0;0;0;37;0;0;365;926;77;256
NW;05513;Gelsenkirchen, Stadt;187486;121673;2652;119021;64623;31011;8344;0;9013;0;4199;0;0;0;0;1831;0;0;0;0;0;0;0;0;0;0;0;0;1472;120201;50435;27930;10846;14497;8327;0;2018;1094;573;818;0;454;33;0;21;112;67;0;0;0;108;0;0;52;2148;158;510
NW;05515;Münster, Stadt;210934;163921;1362;162559;53029;63819;16131;7805;20822;0;718;0;0;0;0;0;0;0;0;0;0;0;0;0;0;0;0;235;1190;162731;38604;54902;23951;10970;27985;0;574;175;416;567;0;39;17;0;19;89;78;0;0;0;38;0;0;417;3489;107;294
NW;05554;Borken;273666;201502;2339;199163;51478;103265;19983;9696;13185;0;1556;0;0;0;0;0;0;0;0;0;0;0;0;0;0;0;0;0;1786;199716;43790;90752;32976;10752;14571;0;1212;260;855;811;0;24;19;0;24;99;142;0;0;0;82;0;0;136;2561;182;468
NW;05558;Coesfeld;169618;130730;1219;129511;33767;65711;12828;6957;9362;0;886;0;0;0;0;0;0;0;0;0;0;0;0;0;0;0;0;0;999;129731;28524;55208;21529;7724;11911;0;687;197;631;632;0;13;15;0;20;71;83;0;0;0;58;0;0;147;1752;154;375
NW;05562;Recklinghausen;487548;348261;4659;343602;144650;110871;25546;34515;21441;0;5705;0;0;0;0;308;0;0;0;0;0;0;0;302;0;0;0;264;3684;344577;123850;100262;38208;37589;26157;0;4001;1237;1785;2453;0;232;80;0;58;303;169;0;0;0;394;0;0;247;5782;518;1252
NW;05566;Steinfurt;335998;249324;3129;246195;91345;108481;23085;14747;6607;0;1930;0;0;0;0;0;0;0;0;0;0;0;0;0;0;0;0;0;2328;246996;70236;93295;36044;15697;22283;0;1580;349;1175;984;0;23;38;0;24;106;162;0;0;0;116;0;0;172;3814;329;569
NW;05570;Warendorf;211287;156217;2696;153521;49996;75187;16333;12005;0;0;0;0;0;0;0;0;0;0;0;0;0;0;0;0;0;0;0;0;1809;154408;37608;62706;23668;9824;14609;0;977;302;685;688;0;8;14;0;16;112;107;0;0;0;82;0;0;119;2308;132;443
NW;05711;Bielefeld, Stadt;238268;173691;2270;171421;59127;61977;10435;13686;24094;0;1715;0;0;0;0;0;387;0;0;0;0;0;0;0;0;0;0;0;2030;171661;51537;52207;18992;16692;24133;0;1396;294;720;920;0;67;98;0;43;129;66;0;0;0;119;0;0;166;3363;183;536
NW;05754;Gütersloh;261647;189615;2807;186808;59460;84045;16865;11122;13986;0;243;0;0;0;0;0;7;0;0;0;0;0;0;625;0;0;0;455;2175;187440;47665;72877;27933;12251;18235;0;1390;414;978;970;0;26;27;0;32;169;98;0;0;0;134;0;0;418;3016;197;610
NW;05758;Herford;195730;138906;2119;136787;53485;51102;12942;10081;9177;0;0;0;0;0;0;0;0;0;0;0;0;0;0;0;0;0;0;0;1751;137155;45694;44177;18349;10869;11918;0;1160;490;725;785;0;30;20;0;18;152;46;0;0;0;79;0;0;113;1983;193;354
NW;05762;Höxter;116613;86058;1390;84668;21194;45373;6717;4472;4768;0;844;0;985;0;0;0;0;0;0;0;0;0;0;315;0;0;0;0;1320;84738;19990;36739;13890;5160;5301;0;665;144;612;360;0;7;5;0;16;64;61;0;0;0;64;0;0;222;1181;63;194
NW;05766;Lippe;274821;200080;3163;196917;78643;72887;17248;13120;13620;0;658;0;601;0;0;0;0;0;0;0;0;0;0;140;0;0;0;0;2570;197510;68822;62620;25862;14165;16677;0;1525;468;1204;1095;0;37;52;0;25;156;96;0;0;0;139;0;0;206;3576;208;577
NW;05770;Minden-Lübbecke;247206;173590;2374;171216;66720;71893;12235;10818;9550;0;0;0;0;0;0;0;0;0;0;0;0;0;0;0;0;0;0;0;2084;171506;55266;60717;21766;12419;13685;0;1119;884;951;870;0;22;28;0;34;135;66;0;0;0;94;0;0;137;2674;175;464
NW;05774;Paderborn;223556;157938;2015;155923;39447;81502;13972;8593;10826;0;1583;0;0;0;0;0;0;0;0;0;0;0;0;0;0;0;0;0;1918;156020;31818;67355;26461;9418;13343;0;1209;341;992;731;0;24;25;0;22;135;102;0;0;0;101;0;0;158;3235;132;418
NW;05911;Bochum, Stadt;284855;202563;3016;199547;89914;59441;12121;14741;18220;0;3325;509;0;0;0;790;486;0;0;0;0;0;0;0;0;0;0;0;2295;200268;74219;48442;20891;22643;22846;0;2421;567;848;1583;0;199;112;0;67;173;77;0;0;0;197;0;0;156;3775;304;748
NW;05913;Dortmund, Stadt;423053;290498;3161;287337;119980;81245;22277;29092;28433;0;4660;0;0;0;0;288;440;0;0;0;0;0;0;0;0;0;0;922;2670;287828;98695;70243;33806;32376;35686;0;3123;494;1198;1960;0;247;145;0;47;277;116;0;0;0;1501;0;0;175;5694;476;1569
NW;05914;Hagen, Stadt;140145;95011;1248;93763;40326;31084;6811;8083;5641;0;1818;0;0;0;0;0;0;0;0;0;0;0;0;0;0;0;0;0;1091;93920;30708;28492;10689;9670;8545;0;1147;801;441;829;0;74;23;0;8;102;48;0;0;0;68;0;0;54;1544;210;467
NW;05915;Hamm, Stadt;129218;89529;1268;88261;38184;30122;8531;6055;3981;0;1388;0;0;0;0;0;0;0;0;0;0;0;0;0;0;0;0;0;1056;88473;28756;29654;10746;8447;6435;0;980;310;376;502;0;13;15;0;13;53;29;0;0;0;59;0;0;44;1617;115;309
NW;05916;Herne, Stadt;118280;79748;1873;77875;40227;21282;5002;0;6948;0;1513;2259;0;0;0;644;0;0;0;0;0;0;0;0;0;0;0;0;1232;78516;31927;18002;7090;10060;6322;0;938;1211;364;532;0;102;8;0;16;46;40;0;0;0;68;0;0;44;1242;146;358
NW;05954;Ennepe-Ruhr-Kreis;261058;191561;2364;189197;78499;59572;17832;15285;14816;0;2623;0;0;0;0;285;0;0;0;0;0;0;0;0;0;0;0;285;1989;189572;65201;52660;24335;17374;20260;0;2009;443;905;1505;0;166;42;0;46;161;85;0;0;0;136;0;0;141;3043;262;798
NW;05958;Hochsauerlandkreis;209440;152242;1927;150315;40010;77687;13753;9362;7966;0;1537;0;0;0;0;0;0;0;0;0;0;0;0;0;0;0;0;0;1702;150540;36741;63133;24530;10064;9460;0;1223;306;910;809;0;25;23;0;26;146;121;0;0;0;96;0;0;112;2008;206;601
NW;05962;Märkischer Kreis;320421;221471;2859;218612;84355;81657;19808;16547;10510;0;3518;0;0;2217;0;0;0;0;0;0;0;0;0;0;0;0;0;0;2589;218882;62225;75693;33062;18922;16364;0;2789;790;1282;1869;0;73;37;0;39;269;117;0;0;0;175;0;0;164;3217;547;1248
NW;05966;Olpe;104768;76642;870;75772;17439;41799;7500;3984;4173;0;877;0;0;0;0;0;0;0;0;0;0;0;0;0;0;0;0;0;805;75837;16000;35159;12575;4325;4604;0;677;268;407;419;0;15;8;0;21;51;65;0;0;0;49;0;0;49;865;69;211
NW;05970;Siegen-Wittgenstein;218411;156878;2271;154607;60500;64217;15482;12009;0;0;2399;0;0;0;0;0;0;0;0;0;0;0;0;0;0;0;0;0;1682;155196;44822;53999;23059;12362;13385;0;1910;660;755;920;0;22;26;0;22;152;88;0;0;0;67;0;0;218;2044;200;485
NW;05974;Soest;232781;165293;2204;163089;47583;74725;15625;11432;11924;0;1800;0;0;0;0;0;0;0;0;0;0;0;0;0;0;0;0;0;1921;163372;41522;59805;27675;12460;14081;0;1324;388;1037;922;0;13;48;0;22;149;123;0;0;0;118;0;0;106;2612;315;652
NW;05978;Unna;313622;226802;2813;223989;96900;71668;15839;18034;17749;0;3799;0;0;0;0;0;0;0;0;0;0;0;0;0;0;0;0;0;2428;224374;81932;61615;27025;21312;20119;0;2798;533;1161;1592;0;91;35;0;31;211;89;0;0;0;354;0;0;132;3711;309;1324
HE;06411;Darmstadt, Wissenschaftsstadt;99125;73578;1256;72322;25528;22843;5044;5270;10981;0;629;0;0;0;0;0;0;0;0;0;85;0;0;0;1942;0;0;0;1045;72533;17438;19175;9883;7105;15155;0;500;225;0;603;0;49;63;0;0;0;0;0;0;0;73;0;0;0;2264;0;0
HE;06412;Frankfurt am Main, Stadt;402198;288977;4888;284089;84221;100893;27212;24029;39104;0;2873;862;0;3956;0;170;769;0;0;0;0;0;0;0;0;0;0;0;4241;284736;62350;79120;49792;29948;48870;0;2449;1475;0;2918;0;154;400;0;0;0;0;0;0;0;183;0;0;0;7077;0;0
HE;06413;Offenbach am Main, Stadt;67209;44428;945;43483;13429;15093;4087;4377;4627;0;963;0;0;833;0;0;0;0;0;0;0;0;0;0;0;0;0;74;887;43541;10342;12451;6618;5057;6078;0;720;442;0;608;0;19;64;0;0;0;0;0;0;0;36;0;0;0;1106;0;0
HE;06414;Wiesbaden, Landeshauptstadt;187479;133425;2374;131051;42751;53416;12350;9016;10970;0;1516;0;0;0;0;0;588;0;0;0;0;0;0;0;0;0;0;444;2221;131204;30892;40831;23194;11333;18560;0;1070;1049;0;1005;0;37;269;0;0;0;0;0;0;0;125;0;0;0;2839;0;0
HE;06431;Bergstraße;199708;148308;3135;145173;44903;64472;12966;9171;11296;0;2365;0;0;0;0;0;0;0;0;0;0;0;0;0;0;0;0;0;2708;145600;35748;50275;25219;10891;15683;0;1607;1458;0;1618;0;41;165;0;0;0;0;0;0;0;113;0;0;0;2782;0;0
HE;06432;Darmstadt-Dieburg;212102;161670;3841;157829;52906;59623;14876;9675;15515;0;1959;534;0;0;0;0;0;0;0;0;311;0;0;0;1924;0;0;506;3404;158266;41068;49123;26230;12120;21445;0;1644;1065;0;1678;0;70;183;0;0;0;0;0;0;0;101;0;0;0;3539;0;0
HE;06433;Groß-Gerau;172278;128119;3099;125020;44973;45410;10177;9449;12072;0;2457;0;0;0;0;0;0;0;0;0;0;0;0;0;0;0;0;482;2765;125354;35058;37526;18630;11103;15677;0;1680;1098;0;1463;0;60;178;0;0;0;0;0;0;0;109;0;0;0;2772;0;0
HE;06434;Hochtaunuskreis;164545;131574;2037;129537;29594;61154;16333;6245;13141;0;870;688;0;1512;0;0;0;0;0;0;0;0;0;0;0;0;0;0;1853;129721;24481;47648;28898;7694;15756;0;765;722;0;1246;0;20;110;0;0;0;0;0;0;0;68;0;0;0;2313;0;0
HE;06435;Main-Kinzig-Kreis;299306;219769;5225;214544;71521;85517;19476;15214;14111;0;3337;1764;0;3575;0;0;0;0;0;0;0;0;0;0;0;0;0;29;5077;214692;52143;70596;37044;18739;22663;0;3026;2313;0;3061;0;53;288;0;0;0;0;0;0;0;211;0;0;0;4555;0;0
HE;06436;Main-Taunus-Kreis;164372;130279;2398;127881;31323;59859;15272;6672;13248;0;1507;0;0;0;0;0;0;0;0;0;0;0;0;0;0;0;0;0;1994;128285;25135;47388;26848;7486;15532;0;1010;612;0;1241;0;27;151;0;0;0;0;0;0;0;92;0;0;0;2763;0;0
HE;06437;Odenwaldkreis;73386;52967;1525;51442;17321;19056;4790;4133;4347;0;732;739;0;0;0;0;0;0;0;0;0;0;0;0;0;0;0;324;1298;51669;14547;15958;8044;4866;5306;0;611;768;0;462;0;39;67;0;0;0;0;0;0;0;32;0;0;0;969;0;0
HE;06438;Offenbach;237891;179457;5255;174202;46736;75393;19008;10926;16951;0;2194;499;0;1889;0;0;0;0;0;0;0;0;0;0;0;0;0;606;5588;173869;37342;59161;33870;12937;20985;0;1699;1079;0;1922;0;30;222;0;0;0;0;0;0;0;177;0;0;0;4445;0;0
HE;06439;Rheingau-Taunus-Kreis;138092;107149;2111;105038;30696;46305;11357;5560;9078;0;853;1189;0;0;0;0;0;0;0;0;0;0;0;0;0;0;0;0;1751;105398;23941;36765;20373;6905;12312;0;893;841;0;970;0;22;106;0;0;0;0;0;0;0;68;0;0;0;2202;0;0
HE;06440;Wetteraukreis;223046;166853;3658;163195;54323;66755;14821;9833;11406;0;3415;0;0;2343;0;0;0;0;0;0;0;0;0;0;0;0;0;299;3567;163286;40951;54215;28966;12218;17798;0;3175;502;0;1870;0;39;148;0;0;0;0;0;0;0;105;0;0;0;3299;0;0
HE;06531;Gießen;194073;141443;3023;138420;48408;49659;15221;9374;12852;0;1842;0;0;0;0;0;0;0;0;0;0;0;0;0;0;0;0;1064;2747;138696;38043;42226;21762;12267;17161;0;1427;550;0;1276;0;37;161;0;0;0;0;0;0;0;135;0;0;0;3651;0;0
HE;06532;Lahn-Dill-Kreis;194479;133947;2823;131124;42513;55400;11643;9044;9765;0;2759;0;0;0;0;0;0;0;0;0;0;0;0;0;0;0;0;0;2517;131430;36239;46439;18878;11138;11709;0;2115;694;0;1305;0;37;133;0;0;0;0;0;0;0;117;0;0;0;2626;0;0
HE;06533;Limburg-Weilburg;131968;94277;1975;92302;25400;43334;9344;5829;6268;0;977;588;0;562;0;0;0;0;0;0;0;0;0;0;0;0;0;0;1778;92499;22068;35965;15615;6696;7745;0;1017;466;0;1117;0;19;99;0;0;0;0;0;0;0;62;0;0;0;1630;0;0
HE;06534;Marburg-Biedenkopf;185071;135293;2382;132911;51712;47322;10964;10857;10366;0;1690;0;0;0;0;0;0;0;0;0;0;0;0;0;0;0;0;0;2195;133098;38139;41356;17410;13181;16884;0;1290;843;0;1116;0;27;151;0;0;0;0;0;0;0;76;0;0;0;2625;0;0
HE;06535;Vogelsbergkreis;89974;65598;1832;63766;21423;24638;6825;5051;4434;0;1206;0;0;0;0;0;0;0;0;0;0;0;0;0;0;0;0;189;1654;63944;17585;20023;11038;6055;6010;0;968;417;0;629;0;21;79;0;0;0;0;0;0;0;62;0;0;0;1057;0;0
HE;06611;Kassel, documenta-Stadt;140827;97906;2353;95553;33738;28433;7343;10588;13837;0;899;0;0;0;0;240;0;0;0;0;0;0;0;0;0;0;0;475;2079;95827;27186;23811;11710;11997;16502;0;703;268;0;814;0;142;93;0;0;0;0;0;0;0;71;0;0;0;2530;0;0
HE;06631;Fulda;168552;125472;2661;122811;25261;66176;12132;7722;9157;0;2363;0;0;0;0;0;0;0;0;0;0;0;0;0;0;0;0;0;2459;123013;21768;54780;21710;8518;10187;0;1843;669;0;1054;0;43;154;0;0;0;0;0;0;0;121;0;0;0;2166;0;0
HE;06632;Hersfeld-Rotenburg;98857;72557;1926;70631;27609;25374;7394;5400;3549;0;1305;0;0;0;0;0;0;0;0;0;0;0;0;0;0;0;0;0;1850;70707;24110;22371;9509;6298;5214;0;1242;191;0;541;0;20;88;0;0;0;0;0;0;0;53;0;0;0;1070;0;0
HE;06633;Kassel;191915;145761;4491;141270;59418;44466;11856;11423;11923;0;1678;0;0;0;0;79;0;0;0;0;0;0;0;0;0;0;0;427;4206;141555;50954;38254;18547;13014;15004;0;1350;467;0;1259;0;60;139;0;0;0;0;0;0;0;117;0;0;0;2390;0;0
HE;06634;Schwalm-Eder-Kreis;148215;111042;3571;107471;45134;34314;10279;8844;7176;0;1724;0;0;0;0;0;0;0;0;0;0;0;0;0;0;0;0;0;3423;107619;37835;30006;14843;10125;9915;0;1420;380;0;1033;0;28;88;0;0;0;0;0;0;0;87;0;0;0;1859;0;0
HE;06635;Waldeck-Frankenberg;128771;91622;2031;89591;29587;35897;9377;6393;6889;0;1324;0;0;0;0;0;0;0;0;0;0;0;0;0;0;0;0;124;1983;89639;26067;29764;14784;7135;8332;0;1008;415;0;645;0;28;80;0;0;0;0;0;0;0;80;0;0;0;1301;0;0
HE;06636;Werra-Meißner-Kreis;85480;63170;1787;61383;25666;20337;4896;5680;3981;0;823;0;0;0;0;0;0;0;0;0;0;0;0;0;0;0;0;0;1780;61390;21291;17595;8017;6629;5465;0;697;231;0;463;0;15;67;0;0;0;0;0;0;0;42;0;0;0;878;0;0
RP;07111;Koblenz, Stadt;82692;56567;1174;55393;15290;23890;5073;4237;6332;0;571;0;0;0;0;0;0;0;0;0;0;0;0;0;0;0;0;0;916;55651;12758;19171;9696;4712;6627;0;492;147;402;0;94;15;0;0;0;0;0;0;0;0;33;0;0;144;1360;0;0
RP;07131;Ahrweiler;100614;74578;1344;73234;15742;33458;12890;4311;6041;0;792;0;0;0;0;0;0;0;0;0;0;0;0;0;0;0;0;0;1052;73526;13192;30251;14999;5387;6699;0;616;203;556;0;100;20;0;0;0;0;0;0;0;0;55;0;0;255;1193;0;0
RP;07132;Altenkirchen (Westerwald);103285;72588;1673;70915;25664;27655;7337;5097;4023;0;1139;0;0;0;0;0;0;0;0;0;0;0;0;0;0;0;0;0;1121;71467;17640;26111;11748;6783;5513;0;853;301;675;0;515;37;0;0;0;0;0;0;0;0;68;0;0;130;1093;0;0
RP;07133;Bad Kreuznach;121777;87259;1977;85282;24478;40781;5535;6408;6641;0;1132;0;0;0;0;0;0;0;0;0;0;0;0;0;0;0;0;307;1570;85689;22849;29238;13616;8124;7938;0;942;353;731;0;166;22;0;0;0;0;0;0;0;0;74;0;0;184;1452;0;0
RP;07134;Birkenfeld;68792;45932;1085;44847;12854;20386;3149;5171;2127;0;666;0;0;0;0;0;0;0;0;0;0;0;0;0;0;0;0;494;888;45044;12135;14062;7574;6073;3127;0;618;194;427;0;82;14;0;0;0;0;0;0;0;0;84;0;0;76;578;0;0
RP;07135;Cochem-Zell;52051;38128;1434;36694;7237;19852;4610;2215;2382;0;398;0;0;0;0;0;0;0;0;0;0;0;0;0;0;0;0;0;821;37307;6798;16748;7323;2552;2331;0;320;126;361;0;85;3;0;0;0;0;0;0;0;0;22;0;0;62;576;0;0
RP;07137;Mayen-Koblenz;167286;117038;2626;114412;31619;53148;13088;7404;7847;0;1306;0;0;0;0;0;0;0;0;0;0;0;0;0;0;0;0;0;2097;114941;27188;44604;20349;8659;9292;0;1010;365;1001;0;277;19;0;0;0;0;0;0;0;0;68;0;0;242;1867;0;0
RP;07138;Neuwied;139283;100211;2200;98011;35880;38559;10544;6234;5495;0;1299;0;0;0;0;0;0;0;0;0;0;0;0;0;0;0;0;0;1614;98597;24639;35196;17006;8577;8492;0;967;388;873;0;507;35;0;0;0;0;0;0;0;0;55;0;0;197;1665;0;0
RP;07140;Rhein-Hunsrück-Kreis;81702;59170;1725;57445;14679;25768;7206;4336;4718;0;738;0;0;0;0;0;0;0;0;0;0;0;0;0;0;0;0;0;1127;58043;13094;21275;10582;5015;5322;0;529;251;564;0;248;10;0;0;0;0;0;0;0;0;56;0;0;164;933;0;0
RP;07141;Rhein-Lahn-Kreis;99023;71248;1810;69438;23105;26739;6871;5449;6299;0;975;0;0;0;0;0;0;0;0;0;0;0;0;0;0;0;0;0;1547;69701;19588;21940;11678;6168;6767;0;768;340;738;0;155;19;0;0;0;0;0;0;0;0;61;0;0;186;1293;0;0
RP;07143;Westerwaldkreis;155828;113048;2247;110801;30727;49978;12173;8728;7482;0;1713;0;0;0;0;0;0;0;0;0;0;0;0;0;0;0;0;0;1826;111222;24783;40914;20994;9670;9016;0;1389;424;1171;0;429;20;0;0;0;0;0;0;0;0;78;0;0;205;2129;0;0
RP;07211;Trier, Stadt;80780;54963;977;53986;14859;22115;4572;4558;7403;0;479;0;0;0;0;0;0;0;0;0;0;0;0;0;0;0;0;0;654;54309;12333;18056;7966;5093;8537;0;420;102;316;0;58;12;0;0;0;0;0;0;0;0;19;0;0;137;1260;0;0
RP;07231;Bernkastel-Wittlich;89788;64311;1927;62384;16077;27990;7790;4670;5062;0;795;0;0;0;0;0;0;0;0;0;0;0;0;0;0;0;0;0;1227;63084;12438;25087;11894;5569;5305;0;607;203;717;0;90;17;0;0;0;0;0;0;0;0;51;0;0;140;966;0;0
RP;07232;Eifelkreis Bitburg-Prüm;74202;52901;1541;51360;11160;25720;5781;3542;4629;0;528;0;0;0;0;0;0;0;0;0;0;0;0;0;0;0;0;0;1165;51736;9871;21013;9888;4164;4732;0;416;126;564;0;58;10;0;0;0;0;0;0;0;0;29;0;0;104;761;0;0
RP;07233;Vulkaneifel;49987;35682;1035;34647;8748;14480;6540;2315;2207;0;357;0;0;0;0;0;0;0;0;0;0;0;0;0;0;0;0;0;685;34997;6665;14449;7061;2910;2497;0;286;133;317;0;54;7;0;0;0;0;0;0;0;0;34;0;0;80;504;0;0
RP;07235;Trier-Saarburg;110911;83375;2575;80800;20089;39479;6665;7025;6706;0;836;0;0;0;0;0;0;0;0;0;0;0;0;0;0;0;0;0;1674;81701;18015;32154;12388;7977;7919;0;672;245;795;0;96;15;0;0;0;0;0;0;0;0;55;0;0;147;1223;0;0
RP;07311;Frankenthal (Pfalz), Stadt;34231;23541;534;23007;6403;10204;1812;2144;1306;0;297;390;0;0;0;20;0;0;0;0;0;0;0;0;431;0;0;0;484;23057;5555;8451;3319;2516;1849;0;282;383;198;0;61;12;0;0;0;0;0;0;0;0;28;0;0;24;379;0;0
RP;07312;Kaiserslautern, Stadt;73328;47214;1037;46177;14768;15607;4578;6456;3673;0;1095;0;0;0;0;0;0;0;0;0;0;0;0;0;0;0;0;0;735;46479;11369;13360;7076;6416;4907;0;847;355;520;0;118;21;0;0;0;0;0;0;0;0;37;0;0;116;1337;0;0
RP;07313;Landau in der Pfalz, Stadt;33488;23182;499;22683;6810;7746;3162;1701;2636;0;353;0;0;0;0;0;0;0;0;0;0;0;0;0;0;0;0;275;367;22815;5270;6902;3845;2097;3314;0;271;121;241;0;85;7;0;0;0;0;0;0;0;0;14;0;0;78;570;0;0
RP;07314;Ludwigshafen am Rhein, Stadt;104383;68793;1268;67525;23603;23544;4853;6587;4218;0;916;2182;0;0;0;137;0;0;0;0;0;0;0;0;1485;0;0;0;1194;67599;19127;20083;9004;7842;5927;0;926;2154;632;0;116;80;0;0;0;0;0;0;0;0;69;0;0;141;1498;0;0
RP;07315;Mainz, Stadt;141588;106408;1816;104592;31675;36465;11157;5991;15942;0;976;0;0;0;0;0;154;0;0;0;0;0;390;1842;0;0;0;0;1302;105106;23139;32946;15287;7858;19596;0;463;1510;444;0;131;18;0;0;0;0;0;0;0;0;38;0;0;903;2773;0;0
RP;07316;Neustadt an der Weinstraße, Stadt;41794;30440;685;29755;7163;14098;2549;2011;2846;0;444;0;488;0;0;0;0;0;0;0;0;0;0;0;0;0;0;156;530;29910;6087;11455;4919;2255;3438;0;366;195;347;0;128;8;0;0;0;0;0;0;0;0;18;0;0;70;624;0;0
RP;07317;Pirmasens, Stadt;33312;21071;747;20324;5648;7564;1974;3138;1258;0;742;0;0;0;0;0;0;0;0;0;0;0;0;0;0;0;0;0;559;20512;4845;6493;3022;3081;1290;0;387;604;260;0;66;4;0;0;0;0;0;0;0;0;20;0;0;45;395;0;0
RP;07318;Speyer, Stadt;36786;25579;638;24941;6408;9902;2180;2336;2785;0;391;0;448;0;0;0;0;0;0;0;0;0;0;0;0;0;0;491;464;25115;5535;8245;3764;2506;3303;0;224;478;316;0;70;3;0;0;0;0;0;0;0;0;15;0;0;121;535;0;0
RP;07319;Worms, Stadt;60090;39626;913;38713;15203;13634;3352;2978;2538;0;1008;0;0;0;0;0;0;0;0;0;0;0;0;0;0;0;0;0;861;38765;10742;12500;5746;3541;3589;0;700;425;413;0;115;8;0;0;0;0;0;0;0;0;42;0;0;87;857;0;0
RP;07320;Zweibrücken, Stadt;27486;18372;446;17926;5675;5472;2040;2672;1617;0;450;0;0;0;0;0;0;0;0;0;0;0;0;0;0;0;0;0;376;17996;4565;4941;2671;2914;1494;0;411;67;257;0;42;3;0;0;0;0;0;0;0;0;11;0;0;120;500;0;0
RP;07331;Alzey-Worms;97060;72285;1612;70673;27012;25103;6939;5154;4712;0;1753;0;0;0;0;0;0;0;0;0;0;0;0;0;0;0;0;0;1409;70876;19727;22500;11349;5973;6659;0;1297;684;742;0;244;14;0;0;0;0;0;0;0;0;77;0;0;191;1419;0;0
RP;07332;Bad Dürkheim;105251;79828;1866;77962;20976;34321;7141;6291;5770;0;1406;0;1683;0;0;0;0;0;0;0;0;0;0;0;0;0;0;374;1364;78464;19104;27161;13676;6729;7010;0;1082;752;1185;0;198;16;0;0;0;0;0;0;0;0;57;0;0;167;1327;0;0
RP;07333;Donnersbergkreis;59946;42441;1080;41361;15513;13193;4146;4529;2655;0;1325;0;0;0;0;0;0;0;0;0;0;0;0;0;0;0;0;0;857;41584;11818;12071;6276;4952;3462;0;1075;338;530;0;100;16;0;0;0;0;0;0;0;0;42;0;0;118;786;0;0
RP;07334;Germersheim;93625;67432;1531;65901;17787;29114;6903;4684;4930;0;1631;0;0;0;0;0;0;0;0;0;0;0;0;0;0;0;0;852;1274;66158;15198;23306;10887;5617;5844;0;1037;1303;793;0;237;37;0;0;0;0;0;0;0;0;55;0;0;342;1502;0;0
RP;07335;Kaiserslautern;83171;59929;1598;58331;17704;22320;5946;7243;3609;0;1509;0;0;0;0;0;0;0;0;0;0;0;0;0;0;0;0;0;1195;58734;14831;19671;8626;7346;4320;0;1126;533;857;0;176;15;0;0;0;0;0;0;0;0;50;0;0;141;1042;0;0
RP;07336;Kusel;60380;43499;1182;42317;14734;13306;3128;7265;2850;0;1034;0;0;0;0;0;0;0;0;0;0;0;0;0;0;0;0;0;994;42505;12981;10740;5197;7569;3164;0;751;440;632;0;113;15;0;0;0;0;0;0;0;0;35;0;0;88;780;0;0
RP;07337;Südliche Weinstraße;87102;65535;1689;63846;17690;25134;9366;4541;5071;0;1246;0;0;0;0;0;0;0;0;0;0;0;0;0;0;0;0;798;1388;64147;14322;22309;11469;5423;6477;0;964;556;855;0;253;15;0;0;0;0;0;0;0;0;65;0;0;189;1250;0;0
RP;07338;Rhein-Pfalz-Kreis;115974;89326;1892;87434;24564;37148;9213;6179;6100;0;1063;1059;521;0;0;53;0;0;0;0;0;0;0;0;1272;0;0;262;1592;87734;21034;31343;14698;7095;7877;0;853;1557;982;0;194;46;0;0;0;0;0;0;0;0;87;0;0;222;1746;0;0
RP;07339;Mainz-Bingen;155255;120159;2477;117682;37703;44771;14657;6832;11019;0;1565;0;0;0;0;0;150;0;0;0;0;0;443;542;0;0;0;0;1835;118324;28820;40662;19411;8648;14510;0;977;1154;904;0;176;24;0;0;0;0;0;0;0;0;76;0;0;549;2413;0;0
RP;07340;Südwestpfalz;81627;61889;2128;59761;15370;24884;7018;6891;4012;0;1586;0;0;0;0;0;0;0;0;0;0;0;0;0;0;0;0;0;1655;60234;12935;22079;9669;7369;3827;0;1133;698;963;0;186;13;0;0;0;0;0;0;0;0;51;0;0;169;1142;0;0
BW;08111;Stuttgart, Landeshauptstadt;365542;271763;3316;268447;58889;92520;27841;17503;63569;0;2741;0;0;0;0;322;819;0;0;0;0;0;0;0;4243;0;0;0;2659;269104;53331;76633;49616;20876;53992;0;1690;2123;0;1423;513;397;278;0;0;360;0;73;0;0;122;697;0;938;6042;0;0
BW;08115;Böblingen;255039;192919;2831;190088;38423;85644;24797;10023;25008;0;3067;0;0;0;0;328;0;0;0;0;0;0;0;0;2798;0;0;0;2592;190327;36314;64441;39911;11537;26427;0;2341;1378;0;1136;1131;200;75;0;0;367;0;53;0;0;96;367;0;561;3992;0;0
BW;08116;Esslingen;359181;272764;4041;268723;70433;116645;27507;13832;35745;0;4262;0;0;0;0;299;0;0;0;0;0;0;0;0;0;0;0;0;3343;269421;53341;90295;52773;15922;41241;0;2404;4147;0;1322;930;233;155;0;0;720;0;146;0;0;91;474;0;755;4472;0;0
BW;08117;Göppingen;180442;129901;2288;127613;33916;55049;13177;8157;14009;0;2385;0;0;0;0;0;0;0;0;0;0;0;0;920;0;0;0;0;2045;127856;26524;42318;24408;9327;17018;0;1730;1377;0;956;465;79;60;0;0;261;0;46;0;0;68;325;0;523;2371;0;0
BW;08118;Ludwigsburg;356724;269888;4172;265716;61909;107020;35707;15955;37233;0;4066;0;0;0;971;0;0;0;0;0;0;0;0;1764;0;0;0;1091;3334;266554;54047;87127;52145;17792;39329;0;2594;2945;0;1745;1156;149;122;0;0;455;0;103;0;0;135;621;0;1121;4968;0;0
BW;08119;Rems-Murr-Kreis;293343;216799;3494;213305;57497;91204;25326;11521;21298;0;3866;0;0;0;608;319;0;0;0;0;0;0;0;1477;0;0;0;189;2947;213852;41668;71037;43751;13775;29633;0;2589;2101;0;1305;1315;171;116;0;0;427;0;147;0;0;134;678;0;1187;3818;0;0
BW;08121;Heilbronn, Stadt;78100;52380;962;51418;13460;21766;6193;3707;4672;0;1013;0;0;0;0;137;0;0;0;0;0;0;0;470;0;0;0;0;826;51554;11709;16977;9662;4210;5543;0;717;551;0;290;194;82;15;0;0;95;0;11;0;0;48;67;0;288;1095;0;0
BW;08125;Heilbronn;237106;173386;3290;170096;40263;76456;22137;10000;15281;0;3812;0;0;0;0;235;0;0;0;0;0;0;0;1562;0;0;0;350;2720;170666;34365;59677;34945;11488;17908;0;2790;1859;0;1200;1075;124;82;0;0;371;0;75;0;0;155;289;0;1044;3219;0;0
BW;08126;Hohenlohekreis;81788;57616;1068;56548;11726;26241;7668;3713;5547;0;1297;0;0;0;0;0;0;0;0;0;0;0;0;0;0;0;0;356;889;56727;10019;21265;11344;3958;6111;0;941;588;0;436;345;20;30;0;0;185;0;25;0;0;65;118;0;232;1045;0;0
BW;08127;Schwäbisch Hall;141446;96735;1962;94773;20880;39233;12171;7225;12585;0;2031;0;0;0;0;0;0;0;0;0;0;0;0;0;0;0;0;648;1672;95063;17888;31480;17344;7596;13718;0;1488;856;0;634;828;66;48;0;0;216;0;32;0;0;92;199;0;673;1905;0;0
BW;08128;Main-Tauber-Kreis;104567;75437;1640;73797;13869;36523;9193;5064;6653;0;1447;0;0;0;0;0;0;0;0;0;0;0;0;1048;0;0;0;0;1396;74041;12653;30832;12930;5114;7446;0;989;743;0;507;239;31;53;0;0;146;0;26;0;0;53;138;0;776;1365;0;0
BW;08135;Heidenheim;96561;67899;1397;66502;18607;27157;6724;5298;6791;0;1350;0;0;0;0;0;0;0;0;0;0;0;0;0;0;0;0;575;1224;66675;15104;22348;10721;5672;8003;0;846;1023;0;412;289;32;49;0;0;165;0;33;0;0;42;134;0;488;1314;0;0
BW;08136;Ostalbkreis;231115;166360;3391;162969;38820;77305;16169;11760;14265;0;2904;0;0;0;632;0;0;0;0;0;0;0;0;0;0;0;0;1114;3029;163331;31143;62425;28756;12255;18536;0;1785;2238;0;909;856;84;70;0;0;392;0;66;0;0;124;334;0;566;2792;0;0
BW;08211;Baden-Baden, Stadt;40129;28536;466;28070;5943;12958;3500;1614;3727;0;328;0;0;0;0;0;0;0;0;0;0;0;0;0;0;0;0;0;347;28189;4870;10662;5666;1911;3830;0;235;139;0;190;57;4;10;0;0;57;0;8;0;0;14;75;0;71;390;0;0
BW;08212;Karlsruhe, Stadt;201833;143521;2030;141491;37845;53872;11845;10034;21452;0;1534;0;0;0;0;234;0;0;0;0;0;0;0;0;4359;0;0;316;1855;141666;29227;40566;24654;11807;26051;0;1295;544;0;894;444;133;75;0;0;205;0;28;0;0;76;254;0;405;5008;0;0
BW;08215;Karlsruhe;321271;236693;5135;231558;55542;108215;26886;13990;22332;0;4087;0;0;0;0;0;0;0;0;0;0;0;0;0;0;0;0;506;4018;232675;45504;85885;44633;15689;25769;0;2687;2364;0;1798;1169;108;103;0;0;612;0;76;0;0;146;409;0;627;5096;0;0
BW;08216;Rastatt;168535;117624;2753;114871;27336;55694;10735;7321;11677;0;2108;0;0;0;0;0;0;0;0;0;0;0;0;0;0;0;0;0;2320;115304;22506;45144;19887;8182;12819;0;1492;874;0;905;291;54;73;0;0;259;0;50;0;0;67;246;0;307;2148;0;0
BW;08221;Heidelberg, Stadt;94575;71160;845;70315;22459;22323;8048;3807;13207;0;471;0;0;0;0;0;0;0;0;0;0;0;0;0;0;0;0;0;700;70460;14774;19465;11651;5550;15750;0;376;173;0;327;132;27;18;0;0;72;0;15;0;0;27;104;0;191;1808;0;0
BW;08222;Mannheim, Universitätsstadt;198437;134143;2149;131994;39845;48137;11782;12520;16648;0;2418;0;0;0;0;333;0;0;0;0;0;0;0;0;0;0;0;311;1785;132358;32627;38435;19900;14936;18052;0;1772;987;0;1090;238;121;60;0;0;286;0;48;0;0;73;239;0;236;3258;0;0
BW;08225;Neckar-Odenwald-Kreis;111343;77859;1735;76124;16108;38814;8006;4757;6520;0;1429;0;0;0;0;0;0;0;0;0;0;0;0;490;0;0;0;0;1644;76215;15087;32288;12525;5243;6324;0;1026;672;0;632;263;28;45;0;0;186;0;25;0;0;72;136;0;380;1283;0;0
BW;08226;Rhein-Neckar-Kreis;394890;296205;5729;290476;76654;120790;35666;20348;31986;0;5032;0;0;0;0;0;0;0;0;0;0;0;0;0;0;0;0;0;4441;291764;63509;99184;54244;22320;35703;0;3541;1998;0;2301;757;103;147;0;0;646;0;111;0;0;173;556;0;726;5745;0;0
BW;08231;Pforzheim, Stadt;78606;50184;1026;49158;11168;20799;7107;4007;4637;0;1015;0;0;0;425;0;0;0;0;0;0;0;0;0;0;0;0;0;1004;49180;9977;17636;9151;4322;5009;0;688;375;0;366;245;24;22;0;0;121;0;10;0;0;42;102;0;95;995;0;0
BW;08235;Calw;111140;80992;1562;79430;16580;36282;9741;5442;7850;0;1073;1106;0;0;1356;0;0;0;0;0;0;0;0;0;0;0;0;0;1344;79648;14149;30023;15970;5445;8313;0;981;964;0;641;967;45;37;0;0;204;0;27;0;0;41;184;0;225;1432;0;0
BW;08236;Enzkreis;142271;105723;2094;103629;23776;41425;17533;6346;10599;0;2157;0;0;0;1793;0;0;0;0;0;0;0;0;0;0;0;0;0;1801;103922;20675;35135;21041;6957;12547;0;1341;1064;0;845;1129;49;45;0;0;329;0;54;0;0;106;235;0;317;2053;0;0
BW;08237;Freudenstadt;87783;61820;1315;60505;11675;28526;7787;3694;5610;0;842;1066;0;0;1305;0;0;0;0;0;0;0;0;0;0;0;0;0;1193;60627;10301;23335;12290;4092;6151;0;832;991;0;382;731;27;31;0;0;121;0;24;0;0;29;93;0;239;958;0;0
BW;08311;Freiburg im Breisgau, Stadt;146846;108805;1572;107233;37543;27193;7749;7421;25440;0;557;587;0;0;0;0;0;0;0;0;0;0;743;0;0;0;0;0;1244;107561;23208;25980;13787;10745;27267;0;473;518;0;738;289;78;33;0;0;218;0;32;0;0;43;497;0;313;3342;0;0
BW;08315;Breisgau-Hochschwarzwald;187070;139745;2582;137163;38281;54192;15034;7584;19370;0;1304;476;0;0;325;0;0;0;0;0;0;0;280;268;0;0;0;49;2047;137698;27279;46939;23972;8871;22950;0;850;1088;0;1082;596;37;49;0;0;362;0;54;0;0;82;432;0;464;2591;0;0
BW;08316;Emmendingen;119552;86756;1830;84926;22156;33545;8528;5484;14042;0;1171;0;0;0;0;0;0;0;0;0;0;0;0;0;0;0;0;0;1720;85036;18046;27517;14207;6241;13580;0;755;597;0;907;332;25;32;0;0;243;0;47;0;0;47;242;0;315;1903;0;0
BW;08317;Ortenaukreis;314001;216486;5445;211041;42657;98884;22702;15514;27161;0;3093;0;0;0;0;0;0;0;0;0;0;0;0;0;0;0;0;1030;5285;211201;38629;79617;36934;16315;27400;0;2205;1348;0;1568;728;58;105;0;0;637;0;354;0;0;147;547;0;684;3925;0;0
BW;08325;Rottweil;104415;73826;2149;71677;12087;34652;11542;4076;6092;0;1651;0;0;0;0;0;0;0;0;0;0;0;0;1577;0;0;0;0;1675;72151;12111;27625;15259;4405;6726;0;1239;628;0;553;492;26;61;0;0;288;0;72;0;0;74;143;0;1193;1256;0;0
BW;08326;Schwarzwald-Baar-Kreis;151537;105430;2570;102860;19413;48506;13986;6527;11720;0;2708;0;0;0;0;0;0;0;0;0;0;0;0;0;0;0;0;0;2235;103195;18101;37237;21693;7157;11943;0;1834;508;0;861;662;77;55;0;0;259;0;156;0;0;89;237;0;409;1917;0;0
BW;08327;Tuttlingen;96311;67565;1667;65898;10301;31452;12853;4064;5411;0;1355;0;0;0;0;0;0;0;0;0;0;0;0;462;0;0;0;0;1349;66216;10439;25922;14990;4348;6198;0;1059;498;0;469;290;19;49;0;0;214;0;68;0;0;57;151;0;305;1140;0;0
BW;08335;Konstanz;197671;140167;2793;137374;29713;59256;20335;8943;17439;0;1688;0;0;0;0;0;0;0;0;0;0;0;0;0;0;0;0;0;2480;137687;26047;43844;29372;9344;20482;0;1309;533;0;1319;419;62;60;0;0;490;0;116;0;0;83;444;0;465;3298;0;0
BW;08336;Lörrach;160864;109586;2111;107475;35899;39678;11487;6604;11002;0;1632;0;0;0;1173;0;0;0;0;0;0;0;0;0;0;0;0;0;1926;107660;24327;33877;18364;7723;16522;0;1012;947;0;795;814;45;46;0;0;407;0;35;0;0;56;190;0;306;2194;0;0
BW;08337;Waldshut;119343;81655;1825;79830;24086;32935;9022;4434;7308;0;1170;0;0;0;0;0;0;0;0;0;0;0;0;575;0;0;0;300;1424;80231;14888;30336;15182;5021;9672;0;641;951;0;543;443;23;43;0;0;260;0;34;0;0;48;200;0;424;1522;0;0
BW;08415;Reutlingen;198466;145837;3394;142443;31395;60753;18203;8452;19871;0;2491;0;0;0;0;491;0;0;0;0;0;0;0;0;0;0;0;787;2562;143275;25770;48400;28740;10060;21392;0;1820;1283;0;854;585;190;75;0;0;466;0;81;0;0;96;264;0;406;2793;0;0
BW;08416;Tübingen;152783;118349;1651;116698;23892;43264;10727;7920;27810;0;1463;0;0;0;0;0;0;0;0;0;0;0;0;660;0;0;0;962;1370;116979;22372;34581;19149;9126;24337;0;993;851;0;640;441;116;47;0;0;301;0;33;0;0;58;249;0;524;3161;0;0
BW;08417;Zollernalbkreis;141075;98459;2309;96150;18185;45142;12833;6715;9585;0;2422;0;0;0;0;0;0;0;0;0;0;0;0;154;0;0;0;1114;1863;96596;16294;34846;21076;7315;9836;0;1814;989;0;773;497;139;44;0;0;263;0;59;0;0;76;245;0;366;1964;0;0
BW;08421;Ulm, Universitätsstadt;80608;58340;1048;57292;15278;21322;6048;3990;8910;0;732;0;0;0;0;138;0;0;0;0;0;0;0;0;0;0;0;874;753;57587;11537;17519;9866;4462;10139;0;541;260;0;379;135;83;27;0;0;155;0;19;0;0;33;180;0;261;1991;0;0
BW;08425;Alb-Donau-Kreis;138259;103333;2220;101113;20597;46476;12225;5615;12567;0;1778;0;0;0;0;171;0;0;0;0;0;0;0;0;0;0;0;1684;1813;101520;16889;39639;18842;6182;12750;0;1251;950;0;708;511;78;70;0;0;370;0;58;0;0;97;212;0;598;2315;0;0
BW;08426;Biberach;141854;102381;2891;99490;23920;41910;15240;5198;9310;0;2100;0;0;0;0;0;0;0;0;0;0;0;0;1428;0;0;0;384;2035;100346;14003;43634;18847;5648;10676;0;1230;1148;0;776;347;36;67;0;0;332;0;53;0;0;78;238;0;1179;2054;0;0
BW;08435;Bodenseekreis;152612;112407;1997;110410;22304;48403;15427;6492;16159;0;1625;0;0;0;0;0;0;0;0;0;0;0;0;0;0;0;0;0;1565;110842;18811;40104;22428;7085;15656;0;1172;547;0;753;306;56;47;0;0;375;0;144;0;0;62;393;0;656;2247;0;0
BW;08436;Ravensburg;202016;145036;3482;141554;24885;63683;19939;8837;20505;0;2295;0;0;0;0;0;0;0;0;0;0;0;0;332;0;0;0;1078;2234;142802;21708;54200;26815;9416;20256;0;1421;1085;0;986;559;78;96;0;0;530;0;122;0;0;98;483;0;2322;2627;0;0
BW;08437;Sigmaringen;96768;67772;1666;66106;9402;35406;8434;4043;6157;0;1234;0;0;0;0;0;0;0;0;0;0;0;0;0;0;0;0;1430;1445;66327;9427;28051;13517;4197;6643;0;786;890;0;473;225;23;47;0;0;220;0;40;0;0;58;172;0;364;1194;0;0
BY;09161;Ingolstadt, Stadt;88713;56446;798;55648;9631;0;4733;4458;5631;28585;1037;0;0;0;0;0;208;0;0;0;0;0;0;1241;0;0;0;124;503;55943;9416;0;7194;4193;5364;25054;735;434;323;345;101;21;35;287;0;0;0;0;36;0;27;83;0;773;1316;206;0
BY;09162;München, Landeshauptstadt;895101;657183;6035;651148;191544;0;77263;34813;82503;240497;5519;0;0;0;0;123;1310;1574;0;0;0;0;0;8599;0;1616;0;5787;4237;652946;125887;0;114675;43891;114430;209354;4257;1922;2028;4243;515;208;510;3572;0;0;0;0;396;0;279;1344;0;5352;15548;4535;0
BY;09163;Rosenheim, Stadt;41252;26940;408;26532;4705;0;2432;1256;3687;12109;212;765;0;0;0;0;70;415;0;0;0;0;0;531;0;350;0;0;296;26644;4148;0;3803;1497;3307;11039;219;634;125;174;28;11;32;302;0;0;0;0;26;0;6;64;0;349;568;312;0
BY;09171;Altötting;82825;56115;931;55184;8834;0;4177;2613;3931;33811;1002;0;0;0;0;0;816;0;0;0;0;0;0;0;0;0;0;0;659;55456;8162;0;6839;2870;4400;28369;667;530;369;288;46;11;187;532;0;0;0;0;69;0;29;111;0;678;955;344;0
BY;09172;Berchtesgadener Land;74137;50534;750;49784;7442;0;3626;2073;5582;28270;775;0;0;0;0;0;150;639;0;0;0;0;0;695;0;363;169;0;537;49997;6127;0;6586;2468;5280;25365;559;634;245;328;78;5;34;491;0;0;0;0;95;0;36;85;0;588;642;351;0
BY;09173;Bad Tölz-Wolfratshausen;90310;66019;955;65064;10059;0;8092;2849;6239;36937;888;0;0;0;0;0;0;0;0;0;0;0;0;0;0;0;0;0;595;65424;7873;0;11184;2992;7323;30544;541;363;388;384;58;13;24;904;0;0;0;0;58;0;43;181;0;681;961;909;0
BY;09174;Dachau;98431;73955;878;73077;12661;0;8562;2813;6638;37484;873;0;0;0;0;0;0;1303;0;0;0;0;0;1648;0;898;0;197;666;73289;10764;0;11333;3396;7757;33612;633;406;444;509;61;19;25;863;0;0;0;0;60;0;43;175;0;928;1414;847;0
BY;09175;Ebersberg;93017;72268;961;71307;14106;0;8988;2770;9351;33210;774;0;0;0;0;0;0;0;0;0;0;0;0;1937;0;0;0;171;553;71715;10707;0;12140;3037;9371;30392;458;357;445;493;49;14;32;672;0;0;0;0;51;0;36;148;0;1125;1463;725;0
BY;09176;Eichstätt;94458;71159;956;70203;10751;0;4869;3681;5076;42130;1360;0;0;0;0;0;274;0;0;0;0;0;0;1941;0;0;0;121;680;70479;11095;0;7864;3765;5463;36220;1128;459;490;375;75;8;52;590;0;0;0;0;78;0;36;88;0;1159;1302;232;0
BY;09177;Erding;92944;68092;1267;66825;10296;0;7445;3303;8222;34308;1063;0;0;0;0;0;0;0;0;0;0;0;0;2032;0;0;0;156;604;67488;8399;0;9954;3228;8087;30696;560;1354;551;466;42;21;22;762;0;0;0;0;63;0;24;141;0;1328;1099;691;0
BY;09178;Freising;117218;86492;1299;85193;11563;0;10125;4665;18460;37984;1241;0;0;0;0;0;0;0;0;0;0;0;0;0;0;1155;0;0;709;85783;11308;0;12991;4615;12688;36047;861;452;614;570;85;18;28;764;0;0;0;0;63;0;34;222;0;1187;2086;1150;0
BY;09179;Fürstenfeldbruck;150700;116343;1293;115050;23190;0;12435;4498;13706;54463;1180;0;0;0;0;0;0;1869;0;0;0;0;0;1549;0;1564;0;596;904;115439;18970;0;18986;5573;15826;46905;903;489;642;841;96;18;49;1164;0;0;0;0;81;0;62;242;0;974;2235;1383;0
BY;09180;Garmisch-Partenkirchen;65324;47088;604;46484;5148;0;5052;1488;4188;27533;400;0;0;0;0;0;0;699;0;0;0;0;0;994;0;725;0;257;419;46669;4753;0;7974;1762;4061;24065;331;169;265;271;47;9;9;638;0;0;0;0;39;0;30;116;0;841;546;743;0
BY;09181;Landsberg am Lech;85145;63735;818;62917;8859;0;6830;2526;8669;31124;649;0;0;0;0;0;0;1516;0;0;0;0;0;2005;0;329;0;410;562;63173;8182;0;10263;3005;8370;27610;511;269;390;395;89;7;21;1075;0;0;0;0;78;0;24;198;0;1111;1239;336;0
BY;09182;Miesbach;71453;52726;831;51895;7224;0;5915;1895;5041;31098;722;0;0;0;0;0;0;0;0;0;0;0;0;0;0;0;0;0;519;52207;6347;0;9207;2053;5324;25129;470;264;280;370;38;10;20;662;0;0;0;0;65;0;25;159;0;478;648;658;0
BY;09183;Mühldorf a.Inn;83950;56392;807;55585;7890;0;5331;2749;4546;33473;1043;0;0;0;0;0;553;0;0;0;0;0;0;0;0;0;0;0;562;55830;6669;0;7153;2771;4523;29343;680;556;420;362;53;9;122;765;0;0;0;0;74;0;34;140;0;839;941;376;0
BY;09184;München;228444;180591;1678;178913;35023;0;23944;6799;23648;81868;1444;0;1926;0;0;0;0;0;0;0;0;0;0;1986;0;1601;674;0;1092;179499;30065;0;35216;8157;22785;71526;1080;763;1071;1068;101;19;56;992;0;0;0;0;78;0;85;318;0;1436;3277;1406;0
BY;09185;Neuburg-Schrobenhausen;69444;48713;687;48026;6443;0;4549;2797;3467;28767;911;0;0;0;0;0;179;0;0;0;0;0;0;692;0;0;0;221;434;48279;6366;0;6508;2759;3456;25412;725;376;344;279;51;5;33;474;0;0;0;0;32;0;23;57;0;395;830;154;0
BY;09186;Pfaffenhofen a.d.Ilm;88313;63225;824;62401;9228;0;9586;3582;6948;31245;1317;0;0;0;0;0;0;0;0;0;0;0;0;0;0;495;0;0;489;62736;8607;0;8857;3505;5712;30289;947;448;407;418;70;13;15;636;0;0;0;0;56;0;32;105;0;691;1497;431;0
BY;09187;Rosenheim;185231;134972;1679;133293;18336;0;12313;4711;15812;70196;960;2690;0;0;0;0;305;3197;0;0;0;0;0;3374;0;1399;0;0;1248;133724;16232;0;19423;5577;14951;63821;967;2326;801;792;121;23;161;2357;0;0;0;0;169;0;67;391;0;2320;1935;1290;0
BY;09188;Starnberg;94784;75871;775;75096;13150;0;14033;2586;9267;35214;709;0;49;0;0;0;0;0;0;0;0;0;0;41;0;35;12;0;398;75473;10649;0;16647;2821;11111;29619;463;189;306;476;48;11;30;453;0;0;0;0;41;0;39;195;0;637;1196;542;0
BY;09189;Traunstein;130978;92050;1216;90834;13964;0;6516;4083;10606;48471;1288;0;0;0;0;0;458;2221;0;0;0;0;0;1714;0;933;580;0;865;91185;11620;0;11657;4654;11061;43521;1082;786;482;536;167;11;105;1672;0;0;0;0;154;0;35;240;0;1339;1226;837;0
BY;09190;Weilheim-Schongau;98684;73009;1017;71992;11887;0;7194;3554;8659;35645;834;0;0;0;0;0;0;1184;0;0;0;0;0;1512;0;867;0;656;723;72286;10577;0;10674;4130;8440;31383;659;397;602;462;83;12;27;1027;0;0;0;0;76;0;37;175;0;1325;1313;887;0
BY;09261;Landshut, Stadt;47214;31482;645;30837;4888;0;5005;1856;4729;12995;458;0;0;0;0;0;0;0;0;0;0;0;268;638;0;0;0;0;305;31177;4610;0;4683;1927;3743;13799;317;154;179;229;20;6;18;168;0;0;0;0;22;0;12;175;0;398;561;156;0
BY;09262;Passau, Stadt;38176;25011;320;24691;3744;0;6200;1839;2538;9244;385;0;0;0;0;0;0;0;0;0;0;0;0;741;0;0;0;0;242;24769;4230;0;4055;1934;2576;9964;330;107;105;137;27;5;4;109;0;0;0;0;21;0;7;49;0;516;493;100;0
BY;09263;Straubing, Stadt;34307;20617;272;20345;3495;0;1637;1244;1163;11695;498;0;0;0;0;0;0;0;0;0;0;0;0;489;0;0;0;124;207;20410;3089;0;2890;1469;1300;9848;353;186;97;103;21;4;4;121;0;0;0;0;8;0;10;34;0;433;346;94;0
BY;09271;Deggendorf;90845;56548;880;55668;8455;0;5471;4034;4776;30485;1943;0;0;0;0;0;0;0;0;0;0;0;0;0;0;0;504;0;582;55966;8112;0;8144;4167;3937;25994;1309;946;429;329;83;10;16;561;0;0;0;0;72;0;24;103;0;673;762;295;0
BY;09272;Freyung-Grafenau;63922;38374;644;37730;6881;0;5594;2817;1941;18913;1096;0;0;0;0;0;0;0;0;0;0;0;0;0;0;0;488;0;467;37907;5499;0;5341;3369;2252;17634;881;503;257;208;27;7;9;652;0;0;0;0;40;0;22;84;0;505;398;219;0
BY;09273;Kelheim;85581;58482;816;57666;9941;0;6673;3160;4347;30480;1332;0;0;0;0;0;0;0;0;0;0;0;359;1374;0;0;0;0;531;57951;9254;0;7828;3224;4436;28191;1048;362;365;364;51;12;10;421;0;0;0;0;59;0;34;221;0;924;931;216;0
BY;09274;Landshut;114038;81101;1357;79744;10508;0;11262;4346;8057;41478;1505;0;0;0;0;0;0;0;0;0;0;0;549;2039;0;0;0;0;748;80353;9770;0;11520;4403;6823;40476;1008;857;608;579;59;10;13;808;0;0;0;0;74;0;34;314;0;1313;1351;333;0
BY;09275;Passau;147892;93238;1216;92022;12829;0;15869;7378;6229;45031;2215;0;0;0;0;0;0;0;0;0;0;0;0;2471;0;0;0;0;882;92356;13543;0;14147;7264;6478;42512;1747;685;684;586;73;13;36;803;0;0;0;0;95;0;65;177;0;1876;1125;447;0
BY;09276;Regen;63315;38268;533;37735;13551;0;2968;1781;1067;16888;758;0;0;0;0;0;0;0;0;0;0;0;0;560;0;0;0;162;512;37756;6531;0;5025;2916;2061;17524;711;451;285;212;27;5;11;452;0;0;0;0;46;0;19;49;0;737;480;214;0
BY;09277;Rottal-Inn;91825;58631;1140;57491;9444;0;5740;2710;3871;31440;1048;617;0;0;0;0;389;0;0;0;0;0;0;2232;0;0;0;0;731;57900;7560;0;8224;3164;4263;28961;1041;474;392;346;35;7;98;693;0;0;0;0;97;0;32;92;0;1359;776;286;0
BY;09278;Straubing-Bogen;75446;53823;816;53007;7876;0;4045;2385;2142;32989;1263;0;0;0;0;0;0;0;0;0;0;0;0;1991;0;0;0;316;626;53197;6197;0;7317;2872;2564;28472;1021;621;390;314;21;4;13;659;0;0;0;0;39;0;18;88;0;1661;700;226;0
BY;09279;Dingolfing-Landau;70284;45856;912;44944;8476;0;4565;2158;1957;23464;695;1102;0;0;0;0;133;0;0;0;0;0;0;2394;0;0;0;0;496;45360;6591;0;6135;2578;2523;22741;720;914;282;253;24;13;26;447;0;0;0;0;60;0;22;102;0;1113;616;200;0
BY;09361;Amberg, Stadt;33585;21597;404;21193;4937;0;2749;1835;2075;8936;506;0;0;0;0;0;0;0;0;0;0;0;0;0;0;155;0;0;202;21395;4133;0;2899;1865;1934;8480;419;103;140;131;57;8;8;113;0;0;0;0;22;0;5;30;0;314;600;134;0
BY;09362;Regensburg, Stadt;100178;67841;653;67188;14765;0;9402;4660;8226;25926;814;0;0;0;0;0;0;0;0;0;0;0;0;1429;1449;517;0;0;476;67365;12087;0;9098;5133;9918;25473;678;238;287;517;55;24;24;272;0;0;0;0;37;0;29;173;0;960;1857;505;0
BY;09363;Weiden i.d.OPf., Stadt;33334;22059;380;21679;5217;0;1786;1441;1258;8813;469;0;0;0;0;0;0;0;0;0;0;0;0;247;0;0;0;2448;398;21661;4863;0;2620;1959;1745;8515;475;97;169;139;18;5;11;162;0;0;0;0;28;0;11;30;0;224;459;131;0
BY;09371;Amberg-Sulzbach;82906;59727;1306;58421;14359;0;7747;4724;4726;24888;1545;0;0;0;0;0;0;0;0;0;0;0;0;0;0;432;0;0;770;58957;11854;0;7258;4650;4526;24768;1130;442;493;384;107;11;27;402;0;0;0;0;65;0;39;78;0;937;1436;350;0
BY;09372;Cham;101906;65803;918;64885;10031;0;4411;3963;3135;40087;1429;0;0;0;0;0;0;0;0;0;0;0;0;845;0;0;0;984;959;64844;8449;0;8045;4796;3941;33353;1259;587;564;443;85;11;28;702;0;0;0;0;129;0;44;82;0;889;1057;380;0
BY;09373;Neumarkt i.d.OPf.;98125;72335;1604;70731;11291;0;8426;3985;7032;37324;1767;0;0;0;0;0;0;0;0;0;0;0;0;0;0;906;0;0;708;71627;9619;0;9261;4114;6347;35338;1290;368;651;450;70;18;27;511;0;0;0;0;111;0;61;105;0;832;1650;804;0
BY;09374;Neustadt a.d.Waldnaab;77269;57128;825;56303;11190;0;3760;2841;2714;24614;1357;0;0;0;0;0;0;0;0;0;0;0;0;928;0;0;0;8899;1046;56082;11667;0;6477;3963;3656;24433;1466;334;546;384;47;9;15;576;0;0;0;0;96;0;24;74;0;951;1075;289;0
BY;09375;Regensburg;142905;103161;1280;101881;20442;0;12216;5854;6558;49727;1939;0;0;0;0;0;0;0;0;0;0;0;0;2981;1454;710;0;0;979;102182;17288;0;13900;6320;8425;46647;1619;862;750;799;98;16;44;806;0;0;0;0;92;0;72;257;0;1812;1709;666;0
BY;09376;Schwandorf;114138;78136;1233;76903;24290;0;6647;5433;3288;32704;2034;0;0;0;0;0;0;0;0;0;0;0;0;1985;0;0;0;522;998;77138;16379;0;8508;6514;4639;33598;1761;598;661;523;74;11;21;586;0;0;0;0;97;0;50;109;0;1416;1212;381;0
BY;09377;Tirschenreuth;61408;44839;654;44185;7854;0;3118;2285;2059;21464;1168;0;0;0;0;0;0;0;0;0;0;0;0;388;0;0;0;5849;826;44013;7937;0;5175;3171;2659;21061;1130;262;417;349;43;7;7;316;0;0;0;0;98;0;24;72;0;390;673;222;0
BY;09461;Bamberg, Stadt;53916;37356;489;36867;8343;0;3472;2726;4520;16362;425;514;0;0;0;0;0;419;0;0;0;0;0;0;0;0;0;86;308;37048;6076;0;4949;2880;5381;14736;384;430;191;216;31;34;6;198;0;0;0;0;30;0;9;75;0;266;926;230;0
BY;09462;Bayreuth, Stadt;56180;37663;546;37117;8172;0;3603;2175;5642;16735;450;340;0;0;0;0;0;0;0;0;0;0;0;0;0;0;0;0;297;37366;7363;0;6019;2348;4571;14378;392;282;167;209;93;8;11;92;0;0;0;0;33;0;15;43;0;192;971;179;0
BY;09463;Coburg, Stadt;32721;22440;283;22157;5799;0;1998;1494;2739;9384;389;0;0;0;0;0;0;0;0;0;0;0;0;273;0;0;0;81;195;22245;5207;0;2863;1723;2527;8405;349;102;79;110;51;12;7;41;0;0;0;0;10;0;9;31;0;172;474;73;0
BY;09464;Hof, Stadt;35645;23838;523;23315;5710;0;2172;2100;2004;10721;519;0;0;0;0;0;0;0;0;0;0;0;0;0;0;0;0;89;463;23375;5038;0;3000;2154;1842;9343;403;155;194;166;133;9;13;82;0;0;0;0;21;0;18;28;0;77;570;129;0
BY;09471;Bamberg;113974;85330;962;84368;14268;0;5895;4958;4488;50523;2066;1040;0;0;0;0;0;564;0;0;0;0;0;483;0;0;0;83;906;84424;11622;0;10874;5602;6058;41487;1719;1649;830;553;152;21;35;669;0;0;0;0;103;0;39;124;0;557;1768;562;0
BY;09472;Bayreuth;85745;63115;846;62269;12948;0;4880;3278;6044;33136;971;1012;0;0;0;0;0;0;0;0;0;0;0;0;0;0;0;0;523;62592;12187;0;7881;3596;5014;28926;934;884;508;355;130;7;14;264;0;0;0;0;77;0;25;101;0;313;1094;282;0
BY;09473;Coburg;71590;51688;706;50982;13149;0;3964;3312;4436;24065;1241;0;0;0;0;0;0;0;0;0;0;0;0;637;0;0;0;178;533;51155;12255;0;6063;3735;4095;21269;1095;297;339;259;76;18;13;120;0;0;0;0;25;0;32;78;0;350;907;129;0
BY;09474;Forchheim;88406;66580;825;65755;11701;0;7703;3358;6318;33871;929;1162;0;0;0;0;0;579;0;0;0;0;0;0;0;0;0;134;575;66005;10407;0;9114;3632;6432;30518;865;968;611;434;165;15;21;299;0;0;0;0;86;0;34;139;0;359;1558;348;0
BY;09475;Hof;81949;58789;790;57999;15001;0;4475;4119;4330;28649;1223;0;0;0;0;0;0;0;0;0;0;0;0;0;0;0;0;202;620;58169;13401;0;6469;4374;3887;25540;973;422;471;455;298;8;16;209;0;0;0;0;65;0;46;75;0;239;965;256;0
BY;09476;Kronach;58523;41723;795;40928;9934;0;2843;2669;2205;21725;1145;0;0;0;0;0;0;0;0;0;0;0;0;324;0;0;0;83;544;41179;9407;0;4472;2658;2085;19574;940;215;293;228;104;5;5;100;0;0;0;0;35;0;15;56;0;175;712;100;0
BY;09477;Kulmbach;61611;44947;350;44597;7632;0;1433;2217;2190;29793;798;0;0;0;0;0;0;0;0;0;0;0;0;534;0;0;0;0;409;44538;9225;0;4785;2964;3306;20987;792;254;334;302;96;6;10;91;0;0;0;0;31;0;23;70;0;401;693;168;0
BY;09478;Lichtenfels;55182;39849;397;39452;5617;0;1387;1831;1605;27634;988;0;0;0;0;0;0;0;0;0;0;0;0;390;0;0;0;0;510;39339;6554;0;4487;2197;2418;20405;948;205;283;238;73;12;14;117;0;0;0;0;21;0;19;58;0;352;764;174;0
BY;09479;Wunsiedel i.Fichtelgebirge;63141;43469;744;42725;13052;0;2957;3775;2968;18262;1352;0;0;0;0;0;0;0;0;0;0;0;0;0;0;0;0;359;652;42817;10826;0;4567;4022;2949;16778;1082;339;334;384;80;14;20;196;0;0;0;0;25;0;29;64;0;168;713;227;0
BY;09561;Ansbach, Stadt;31306;20290;306;19984;5797;0;1604;1408;2021;7774;372;0;0;0;0;0;0;0;0;0;0;0;0;511;415;0;0;82;268;20022;4480;0;2523;1860;2459;6866;284;108;140;132;49;2;4;47;0;0;0;0;17;0;12;38;0;373;461;167;0
BY;09562;Erlangen, Stadt;76073;57630;550;57080;14897;0;5332;4115;7682;22576;554;0;796;0;0;0;0;0;0;0;0;0;0;986;0;0;0;142;406;57224;12361;0;8318;4177;9133;18267;451;179;413;323;80;28;14;111;0;0;0;0;26;0;22;97;0;683;2128;413;0
BY;09563;Fürth, Stadt;83231;56062;796;55266;16278;0;4688;5568;5481;20076;1080;0;0;0;0;0;0;0;0;0;0;0;0;0;1633;0;462;0;621;55441;13260;0;7412;5840;7010;16655;832;317;351;461;102;32;25;113;0;0;0;0;34;0;43;105;0;273;1993;583;0
BY;09564;Nürnberg, Stadt;345218;239209;3020;236189;72916;0;19056;20148;22872;88226;5129;0;0;0;0;187;0;0;0;0;0;0;0;0;6513;1142;0;0;2389;236820;55881;0;30255;22499;30796;75420;4127;1257;1268;1942;327;161;90;449;0;0;0;0;162;0;148;501;0;1471;7653;2413;0
BY;09565;Schwabach, Stadt;29192;20731;241;20490;5489;0;2094;1569;2219;8236;327;0;0;0;0;0;0;0;0;0;0;0;0;0;408;148;0;0;172;20559;4636;0;2865;1753;2348;7319;256;106;128;133;50;7;6;51;0;0;0;0;12;0;11;74;0;129;507;168;0
BY;09571;Ansbach;140048;100340;1438;98902;19753;0;11291;5061;7769;47963;2338;0;0;0;0;0;0;0;0;0;0;0;0;2355;1890;0;0;482;1206;99134;17889;0;14396;6836;9871;40323;1829;832;1003;626;412;21;24;332;0;0;0;0;117;0;84;213;0;1602;2057;667;0
BY;09572;Erlangen-Höchstadt;101188;78215;785;77430;17372;0;7404;4160;7354;38109;1042;0;1150;0;0;0;0;0;0;0;0;0;0;700;0;0;0;139;685;77530;15887;0;11730;4644;8910;30285;911;417;682;471;128;17;23;197;0;0;0;0;44;0;28;113;0;494;1968;581;0
BY;09573;Fürth;89029;68358;933;67425;17883;0;6381;4744;5979;28308;1395;0;0;0;0;0;0;0;0;0;0;0;0;0;1506;0;1229;0;806;67552;14784;0;10024;5129;7499;23968;1067;482;552;516;149;23;22;182;0;0;0;0;48;0;47;124;0;438;1849;649;0
BY;09574;Nürnberger Land;128435;97979;1263;96716;23658;0;8790;5500;10216;43884;1877;0;0;0;0;0;0;0;0;0;0;0;0;0;1830;961;0;0;954;97025;22288;0;13118;6494;11916;34976;1385;966;594;662;208;17;17;258;0;0;0;0;66;0;46;154;0;614;2140;1106;0
BY;09575;Neustadt a.d.Aisch-Bad Windsheim;77443;55521;783;54738;10344;0;4292;3486;5649;28513;1076;0;0;0;0;0;0;0;0;0;0;0;0;0;1027;0;351;0;603;54918;9776;0;7542;3698;5805;22769;815;452;609;378;142;11;19;197;0;0;0;0;60;0;46;135;0;899;1193;372;0
BY;09576;Roth;96511;73097;993;72104;16806;0;10019;4110;6305;31396;1412;0;0;0;0;0;0;0;0;0;0;0;0;0;1375;681;0;0;738;72359;14039;0;10059;4768;7601;29787;1102;508;545;500;151;11;25;237;0;0;0;0;54;0;48;207;0;451;1550;716;0
BY;09577;Weißenburg-Gunzenhausen;72599;51359;809;50550;11583;0;4451;2762;4264;24502;1125;0;0;0;0;0;0;0;0;0;0;0;0;792;943;0;0;128;645;50714;10478;0;6303;3480;4964;20939;910;361;377;303;157;14;14;174;0;0;0;0;53;0;32;149;0;687;994;325;0
BY;09661;Aschaffenburg, Stadt;49850;33634;716;32918;6550;0;3546;2477;6288;12983;643;0;0;0;0;0;0;0;0;0;0;0;0;431;0;0;0;0;578;33056;5986;0;5086;2699;4365;12102;394;404;214;191;31;30;10;78;0;0;0;0;27;0;15;63;0;250;832;279;0
BY;09662;Schweinfurt, Stadt;39579;25343;487;24856;5736;0;1919;3867;2225;10321;470;0;0;0;0;0;0;226;0;0;0;0;0;0;0;0;0;92;376;24967;5417;0;2827;3435;2251;9258;297;252;123;122;27;23;10;78;0;0;0;0;23;0;10;39;0;108;526;141;0
BY;09663;Würzburg, Stadt;99834;70893;803;70090;16663;0;7479;3982;11401;27701;755;0;0;0;0;0;0;0;0;0;0;0;0;0;1884;0;0;225;551;70342;12941;0;9968;4646;12516;24781;404;741;284;437;87;16;24;140;0;0;0;0;68;0;15;99;0;640;2217;318;0
BY;09671;Aschaffenburg;134022;101371;2124;99247;18593;0;11639;5595;16429;43508;2073;0;0;0;0;0;0;0;0;0;0;0;0;1410;0;0;0;0;1719;99652;17249;0;15782;6129;10706;41099;1356;1387;875;726;68;37;40;251;0;0;0;0;93;0;45;183;0;729;1996;901;0
BY;09672;Bad Kissingen;85514;62823;933;61890;9564;0;5894;5053;7235;32663;1217;0;0;0;0;0;0;0;0;0;0;0;0;0;0;0;0;264;682;62141;8733;0;8623;5271;5131;29684;821;774;471;335;124;10;36;166;0;0;0;0;77;0;31;104;0;444;1041;265;0
BY;09673;Rhön-Grabfeld;65476;48176;847;47329;7549;0;3592;3721;4007;27436;797;0;0;0;0;0;0;0;0;0;0;0;0;0;0;0;0;227;649;47527;6189;0;6817;3822;3794;23723;626;358;387;222;84;7;10;115;0;0;0;0;66;0;18;73;0;256;793;167;0
BY;09674;Haßberge;68617;51053;879;50174;11374;0;4106;4226;3481;25475;1291;0;0;0;0;0;0;0;0;0;0;0;0;0;0;0;0;221;569;50484;8790;0;6748;4624;3550;22301;1057;448;481;247;51;16;10;214;0;0;0;0;53;0;21;87;0;542;973;271;0
BY;09675;Kitzingen;69223;50360;1125;49235;10085;0;5297;3384;5968;22170;1271;0;0;0;0;0;0;964;0;0;0;0;0;0;0;0;0;96;608;49752;8514;0;7167;3411;4731;21314;745;577;409;308;113;7;11;331;0;0;0;0;51;0;20;63;0;507;1171;302;0
BY;09676;Miltenberg;96774;70907;1722;69185;12719;0;7374;4111;6316;36423;977;873;0;0;392;0;0;0;0;0;0;0;0;0;0;0;0;0;1219;69688;12179;0;10749;4421;6593;29956;878;784;649;446;82;16;18;179;0;0;0;0;63;0;25;153;0;567;1362;568;0
BY;09677;Main-Spessart;102307;76575;1464;75111;15940;0;5484;4706;7333;39119;643;1357;0;0;529;0;0;0;0;0;0;0;0;0;0;0;0;0;1070;75505;13693;0;9611;4925;7692;33557;697;1042;556;621;150;30;29;200;0;0;0;0;50;0;34;154;0;520;1526;418;0
BY;09678;Schweinfurt;91314;70347;1509;68838;11973;0;6497;7552;6405;33762;1288;0;0;0;0;0;0;1023;0;0;0;0;0;0;0;0;0;338;883;69464;10816;0;8748;6471;6200;31693;787;961;558;341;137;32;19;375;0;0;0;0;83;0;27;140;0;375;1379;322;0
BY;09679;Würzburg;125973;99138;1382;97756;22392;0;9551;5352;10513;46099;1557;0;0;0;0;0;0;0;0;0;0;0;0;0;1775;0;0;517;1018;98120;18499;0;13235;5936;11825;40513;883;1721;727;666;163;20;35;288;0;0;0;0;79;0;24;161;0;782;2045;518;0
BY;09761;Augsburg, Stadt;185478;121772;1632;120140;24154;0;12729;8536;18149;49751;1857;0;0;0;0;220;158;872;0;0;0;0;0;1459;0;1509;0;746;1601;120171;22866;0;15380;9640;15568;45533;1466;771;575;868;113;106;82;583;0;0;0;0;103;0;82;274;0;974;3821;1366;0
BY;09762;Kaufbeuren, Stadt;31663;20425;320;20105;2685;0;2227;1559;1829;10499;319;0;0;0;0;0;0;412;0;0;0;0;0;291;0;0;43;241;241;20184;2745;0;3403;1523;1931;8907;257;111;119;128;37;6;13;190;0;0;0;0;32;0;12;39;0;209;415;107;0
BY;09763;Kempten (Allgäu), Stadt;47475;30991;405;30586;4252;0;3724;2094;3975;14565;299;581;0;0;0;0;0;330;0;0;0;0;0;766;0;0;0;0;316;30675;4762;0;5032;2250;3367;12277;281;506;214;229;66;22;8;188;0;0;0;0;52;0;16;82;0;448;630;245;0
BY;09764;Memmingen, Stadt;29798;19988;389;19599;4867;0;2192;1147;1563;8395;434;0;0;0;0;0;0;193;0;0;0;0;0;605;0;0;55;148;270;19718;3253;0;3304;1296;1938;8088;342;100;100;106;124;6;10;116;0;0;0;0;19;0;12;38;0;399;367;100;0
BY;09771;Aichach-Friedberg;96843;71969;1007;70962;10172;0;9169;3103;5910;37993;1105;0;0;0;0;0;124;1375;0;0;0;0;66;1207;0;709;0;29;667;71302;9281;0;11047;3465;6454;34293;752;957;467;474;90;17;50;838;0;0;0;0;90;0;34;186;0;791;1387;629;0
BY;09772;Augsburg;182218;131816;1820;129996;20664;0;14361;6493;11547;68704;2148;0;0;0;0;10;339;1693;0;0;0;0;0;1958;0;1979;0;100;1355;130461;19316;0;20589;7425;12216;58973;1728;1118;923;914;145;39;83;1078;0;0;0;0;139;0;86;292;0;1232;2565;1600;0
BY;09773;Dillingen a.d.Donau;72061;49281;792;48489;7479;0;7832;2855;3387;24054;1153;0;0;0;0;0;0;817;0;0;0;0;288;513;0;0;0;111;527;48754;6433;0;7922;2910;3664;23067;784;1057;432;262;74;13;14;471;0;0;0;0;55;0;35;175;0;346;762;278;0
BY;09774;Günzburg;89304;60911;1077;59834;7890;0;6317;3673;5293;32923;1804;0;0;0;0;0;0;0;0;0;0;0;0;1934;0;0;0;0;642;60269;8137;0;9017;3644;4273;29063;1401;466;524;418;103;10;30;451;0;0;0;0;88;0;43;96;0;949;1197;359;0
BY;09775;Neu-Ulm;120795;85316;1390;83926;15293;0;9695;5636;10708;38840;2103;0;0;0;0;0;0;0;0;0;0;0;0;1651;0;0;0;0;923;84393;14136;0;14106;5820;8755;33927;1676;412;622;530;150;25;49;330;0;0;0;0;110;0;75;198;0;950;2025;497;0
BY;09776;Lindau (Bodensee);58682;42281;492;41789;5984;0;4194;2340;5867;21471;348;310;0;0;0;0;0;469;0;0;0;0;0;806;0;0;0;0;433;41848;6046;0;6768;2576;5410;17718;306;272;286;269;68;9;15;289;0;0;0;0;127;0;15;100;0;676;691;207;0
BY;09777;Ostallgäu;102335;74239;1210;73029;8153;0;9426;3318;7155;38239;943;0;0;0;0;0;0;3555;0;0;0;0;0;1291;0;0;372;577;920;73319;8396;0;11732;3538;7138;35480;770;432;558;438;94;15;33;1802;0;0;0;0;193;0;43;146;0;972;1229;310;0
BY;09778;Unterallgäu;104221;74023;1438;72585;8948;0;9664;3734;5880;38579;1694;0;0;0;0;0;0;1207;0;0;0;0;0;2190;0;0;267;422;988;73035;7814;0;13191;3889;5943;34506;1315;502;556;438;226;8;46;965;0;0;0;0;205;0;65;148;0;1636;1214;368;0
BY;09779;Donau-Ries;99365;71762;1213;70549;12127;0;6021;4620;5708;37752;1158;0;0;0;0;0;0;1202;0;0;0;0;534;1270;0;0;0;157;849;70913;10731;0;9543;4142;5565;34844;959;498;532;358;86;14;23;745;0;0;0;0;101;0;24;280;0;887;1200;381;0
BY;09780;Oberallgäu;115551;85585;1111;84474;8871;0;9546;3408;10251;47145;667;1201;0;0;0;0;0;1807;0;0;0;0;0;1578;0;0;0;0;869;84716;9584;0;14218;3909;8976;40564;615;1022;700;541;108;10;30;1030;0;0;0;0;178;0;40;171;0;1175;1314;531;0
SL;10041;Regionalverband Saarbrücken;256577;183168;3718;179450;54478;57685;13453;39243;11209;0;2461;0;598;0;0;323;0;0;0;0;0;0;0;0;0;0;0;0;2911;180257;43764;49011;21687;42840;14563;0;2209;0;2188;0;0;123;0;0;0;0;0;0;0;0;0;0;0;0;2945;927;0
SL;10042;Merzig-Wadern;82872;61744;1563;60181;19772;23612;4482;8427;3069;0;819;0;0;0;0;0;0;0;0;0;0;0;0;0;0;0;0;0;1354;60390;14882;20712;7593;10706;3737;0;756;0;815;0;0;17;0;0;0;0;0;0;0;0;0;0;0;0;826;346;0
SL;10043;Neunkirchen;112670;81813;1901;79912;27010;25955;5162;16621;3351;0;1193;0;620;0;0;0;0;0;0;0;0;0;0;0;0;0;0;0;1551;80262;22455;22650;8307;18659;4281;0;1099;0;1345;0;0;23;0;0;0;0;0;0;0;0;0;0;0;0;1049;394;0
SL;10044;Saarlouis;161209;120144;3096;117048;37358;43848;8822;19189;6331;0;1500;0;0;0;0;0;0;0;0;0;0;0;0;0;0;0;0;0;2599;117545;27770;37701;14788;24231;7673;0;1403;0;1566;0;0;38;0;0;0;0;0;0;0;0;0;0;0;0;1715;660;0
SL;10045;Saarpfalz-Kreis;119510;89880;1875;88005;25929;31276;6894;15223;4450;0;1349;0;2884;0;0;0;0;0;0;0;0;0;0;0;0;0;0;0;1626;88254;20771;27356;11183;17337;6319;0;1323;0;2092;0;0;31;0;0;0;0;0;0;0;0;0;0;0;0;1338;504;0
SL;10046;St. Wendel;75716;59445;1513;57932;17793;25488;3294;8385;2261;0;711;0;0;0;0;0;0;0;0;0;0;0;0;0;0;0;0;0;1286;58159;14822;21859;5869;10107;2977;0;609;0;906;0;0;20;0;0;0;0;0;0;0;0;0;0;0;0;747;243;0
BE;11000;Berlin, Stadt;2471665;1752839;34080;1718759;418045;452542;123780;355640;298277;0;34488;0;1416;0;0;901;10946;0;0;0;0;929;875;0;0;0;0;20920;29434;1723405;348082;393180;198516;348661;299535;0;27799;5921;0;23528;0;1111;4709;0;1420;0;0;0;0;1894;2275;5492;0;3220;58062;0;0
BB;12051;Brandenburg an der Havel, Stadt ;62606;37601;964;36637;12742;9343;1701;10108;1411;0;931;0;0;0;0;0;0;0;0;0;0;0;0;0;0;0;0;401;995;36606;10485;8950;2466;10524;1768;0;749;37;0;0;0;50;49;0;0;0;0;0;0;0;297;0;198;0;1033;0;0
BB;12052;Cottbus, Stadt ;85352;54038;1477;52561;15062;11730;4468;16599;2584;0;1525;0;0;0;0;0;0;0;0;0;0;0;0;0;0;0;0;593;1212;52826;13222;11750;4538;16134;2985;0;1217;82;0;0;0;95;108;0;0;0;0;0;0;0;333;0;417;0;1945;0;0
BB;12053;Frankfurt (Oder), Stadt;50820;32551;1112;31439;7783;7207;2197;11451;1939;0;862;0;0;0;0;0;0;0;0;0;0;0;0;0;0;0;0;0;830;31721;7463;7087;2425;10695;1842;0;606;85;0;0;0;48;101;0;0;0;0;0;0;0;260;0;203;0;906;0;0
BB;12054;Potsdam, Stadt ;125004;89963;2302;87661;25070;17220;5528;29112;9309;0;1422;0;0;0;0;0;0;0;0;0;0;0;0;0;0;0;0;0;1849;88114;22846;16078;7840;25409;10517;0;972;133;0;0;0;127;184;0;0;0;0;0;0;0;491;0;421;0;3096;0;0
BB;12060;Barnim ;150447;99682;2606;97076;20459;22775;6261;37177;5519;0;3290;0;0;0;0;0;0;0;0;0;0;0;0;0;0;0;0;1595;2393;97289;21387;21196;8533;32515;6280;0;2488;249;0;0;0;107;170;0;0;0;0;0;0;0;872;0;1025;0;2467;0;0
BB;12061;Dahme-Spreewald ;137721;96410;3045;93365;30885;22979;6249;24480;5040;0;3732;0;0;0;0;0;0;0;0;0;0;0;0;0;0;0;0;0;2594;93816;24212;22173;8737;25638;5653;0;3074;214;0;0;0;114;217;0;0;0;0;0;0;0;573;0;753;0;2458;0;0
BB;12062;Elbe-Elster ;99931;67228;2606;64622;15204;20110;4993;18342;2112;0;2865;0;0;0;0;0;0;0;0;0;0;0;0;0;0;0;602;394;2211;65017;14701;18562;5992;17837;2174;0;1993;171;0;0;0;70;126;0;0;0;0;0;0;0;1148;0;775;0;1468;0;0
BB;12063;Havelland ;128630;87251;2389;84862;24296;22838;6383;22408;5564;0;2862;0;0;0;0;0;0;0;0;0;0;0;0;0;0;0;0;511;2143;85108;21723;20977;9427;21051;6053;0;2273;182;0;0;0;85;174;0;0;0;0;0;0;0;634;0;530;0;1999;0;0
BB;12064;Märkisch-Oderland ;163003;109348;3085;106263;26425;25328;7032;37392;4615;0;3980;0;0;0;0;0;0;0;0;0;0;0;0;0;0;0;0;1491;2881;106467;23735;23077;9450;35462;6000;0;2739;248;0;0;0;131;215;0;0;0;0;0;0;0;1600;0;996;0;2814;0;0
BB;12065;Oberhavel ;169577;115300;3346;111954;32951;30204;8395;28372;7594;0;3733;0;0;0;0;0;0;0;0;0;0;0;0;0;0;0;0;705;2814;112486;28999;27675;12088;27607;8090;0;2908;334;0;0;0;120;251;0;0;0;0;0;0;0;871;0;936;0;2607;0;0
BB;12066;Oberspreewald-Lausitz ;107772;68631;2469;66162;20696;17329;4012;18649;2083;0;2887;0;0;0;0;0;0;0;0;0;0;0;0;0;0;0;313;193;2128;66503;16078;17131;5635;19102;2396;0;2027;118;0;0;0;73;165;0;0;0;0;0;0;0;1348;0;720;0;1710;0;0
BB;12067;Oder-Spree ;157705;106677;3349;103328;30687;22946;7928;32138;5563;0;4066;0;0;0;0;0;0;0;0;0;0;0;0;0;0;0;0;0;2767;103910;25287;23419;9593;31886;5622;0;3182;310;0;0;0;162;273;0;0;0;0;0;0;0;792;0;905;0;2479;0;0
BB;12068;Ostprignitz-Ruppin ;89101;54974;1812;53162;15636;11329;4562;17370;2642;0;1623;0;0;0;0;0;0;0;0;0;0;0;0;0;0;0;0;0;1529;53445;14404;12534;4624;15840;2698;0;1223;100;0;0;0;42;88;0;0;0;0;0;0;0;455;0;429;0;1008;0;0
BB;12069;Potsdam-Mittelmark ;170167;121773;3256;118517;36326;32440;9023;28565;8471;0;2795;0;0;0;0;0;0;0;0;0;0;0;0;0;0;0;0;897;3028;118745;31740;29470;13005;27803;9596;0;2090;192;0;0;0;117;213;0;0;0;0;0;0;0;908;0;776;0;2835;0;0
BB;12070;Prignitz ;72455;46711;1438;45273;15993;10198;3095;12998;1550;0;1439;0;0;0;0;0;0;0;0;0;0;0;0;0;0;0;0;0;1313;45398;13329;10990;3910;12916;1603;0;1064;55;0;0;0;36;54;0;0;0;0;0;0;0;376;0;361;0;704;0;0
BB;12071;Spree-Neiße ;111037;74141;2741;71400;19467;18099;6410;20625;3066;0;3281;0;0;0;0;0;0;0;0;0;0;0;0;0;0;0;0;452;2318;71823;16777;18610;6692;20427;3108;0;2548;262;0;0;0;84;150;0;0;0;0;0;0;0;836;0;638;0;1691;0;0
BB;12072;Teltow-Fläming ;136388;92532;3032;89500;28103;22345;7314;23799;5052;0;2755;0;0;0;0;0;0;0;0;0;0;0;0;0;0;0;0;132;2594;89938;23645;20941;9452;23926;5489;0;1966;199;0;0;0;83;220;0;0;0;0;0;0;0;835;0;764;0;2418;0;0
BB;12073;Uckermark ;110999;70491;2308;68183;19231;18272;4218;20745;2432;0;2744;0;0;0;0;0;0;0;0;0;0;0;0;0;0;0;0;541;2151;68340;18183;16834;5235;20794;2693;0;2277;113;0;0;0;77;131;0;0;0;0;0;0;0;413;0;396;0;1194;0;0
MV;13001;Greifswald, Hansestadt;45233;28841;468;28373;4309;9968;2275;7664;2659;0;703;0;0;0;0;0;0;0;0;0;0;0;0;0;0;0;0;795;408;28433;3883;9318;2950;7502;2781;0;669;59;0;0;0;62;0;0;0;0;0;0;0;0;0;0;0;0;1209;0;0
MV;13002;Neubrandenburg, Stadt;56278;36240;672;35568;6288;10362;2512;12953;1943;0;952;0;0;0;0;0;0;0;0;0;0;0;0;0;0;0;0;558;544;35696;6197;10804;2909;12094;1779;0;859;63;0;0;0;93;0;0;0;0;0;0;0;0;0;0;0;0;898;0;0
MV;13003;Rostock, Hansestadt;169637;111062;1828;109234;22067;27616;6898;36022;12545;0;2749;0;0;0;0;466;0;0;0;0;0;0;0;0;0;0;0;871;1622;109440;20210;28246;9906;34497;9824;0;2553;143;0;0;0;280;0;0;0;0;0;0;0;0;0;0;0;0;3781;0;0
MV;13004;Schwerin, Landeshauptstadt;78798;51873;830;51043;13281;13463;3736;15608;3707;0;1248;0;0;0;0;0;0;0;0;0;0;0;0;0;0;0;0;0;656;51217;10769;14829;4458;14862;3775;0;1135;65;0;0;0;111;0;0;0;0;0;0;0;0;0;0;0;0;1213;0;0
MV;13005;Stralsund, Hansestadt;49186;29911;464;29447;3595;14878;997;7252;1054;0;709;0;0;0;0;0;0;0;0;0;0;0;0;0;0;0;0;962;516;29395;3964;11219;2893;8138;1531;0;761;61;0;0;0;40;0;0;0;0;0;0;0;0;0;0;0;0;788;0;0
MV;13006;Wismar, Hansestadt;36362;22489;413;22076;5207;6329;1529;7122;1247;0;534;0;0;0;0;0;0;0;0;0;0;0;0;0;0;0;0;108;386;22103;4726;6285;1925;6683;1354;0;492;32;0;0;0;41;0;0;0;0;0;0;0;0;0;0;0;0;565;0;0
MV;13051;Bad Doberan ;99371;67634;1041;66593;13557;23251;5233;17878;4073;0;1949;0;0;0;0;88;0;0;0;0;0;0;0;207;0;0;0;357;928;66706;11213;22431;7547;18292;3808;0;1712;134;0;0;0;112;0;0;0;0;0;0;0;0;0;0;0;0;1457;0;0
MV;13052;Demmin ;68891;40251;850;39401;4949;15166;2984;12938;1147;0;1627;0;0;0;0;0;0;0;0;0;0;0;0;0;0;0;0;590;822;39429;4855;14934;3839;12064;1304;0;1595;97;0;0;0;65;0;0;0;0;0;0;0;0;0;0;0;0;676;0;0
MV;13053;Güstrow ;85248;50634;1110;49524;10832;17564;3532;13622;1972;0;1612;0;0;0;0;0;0;0;0;0;0;0;0;202;0;0;0;188;987;49647;8678;17418;4810;13751;2295;0;1615;81;0;0;0;100;0;0;0;0;0;0;0;0;0;0;0;0;899;0;0
MV;13054;Ludwigslust ;104368;68419;1202;67217;16966;21170;5665;18073;2646;0;2697;0;0;0;0;0;0;0;0;0;0;0;0;0;0;0;0;0;1072;67347;13695;21824;6947;17761;3058;0;2463;133;0;0;0;100;0;0;0;0;0;0;0;0;0;0;0;0;1366;0;0
MV;13055;Mecklenburg-Strelitz ;67853;43584;914;42670;7071;15158;3085;13460;1640;0;1708;0;0;0;0;0;0;0;0;0;0;0;0;0;0;0;0;548;773;42811;6758;14686;3830;13008;1889;0;1628;91;0;0;0;73;0;0;0;0;0;0;0;0;0;0;0;0;848;0;0
MV;13056;Müritz ;55700;34207;794;33413;7390;11262;2339;9618;1392;0;1023;0;0;0;0;0;0;0;0;0;0;0;0;114;0;0;0;275;700;33507;5900;11318;3009;9917;1607;0;988;56;0;0;0;109;0;0;0;0;0;0;0;0;0;0;0;0;603;0;0
MV;13057;Nordvorpommern ;91797;55599;1007;54592;6906;27275;2509;14210;1594;0;1558;0;0;0;0;0;0;0;0;0;0;0;0;0;0;0;0;540;1101;54498;7246;20849;5920;15283;2290;0;1664;100;0;0;0;99;0;0;0;0;0;0;0;0;0;0;0;0;1047;0;0
MV;13058;Nordwestmecklenburg ;97512;61412;1022;60390;12163;20612;4518;18039;2949;0;1823;0;0;0;0;0;0;0;0;0;0;0;0;0;0;0;0;286;873;60539;11005;19953;5893;17166;3335;0;1758;96;0;0;0;104;0;0;0;0;0;0;0;0;0;0;0;0;1229;0;0
MV;13059;Ostvorpommern ;90820;54732;1142;53590;6737;21013;5155;14783;1930;0;3222;0;0;0;0;0;0;0;0;0;0;0;0;0;0;0;0;750;1094;53638;6203;20427;5897;14632;2156;0;3010;145;0;0;0;85;0;0;0;0;0;0;0;0;0;0;0;0;1083;0;0
MV;13060;Parchim ;82915;53022;1013;52009;10220;18442;3922;15258;2324;0;1619;0;0;0;0;0;0;0;0;0;0;0;0;0;0;0;0;224;855;52167;9316;18102;5047;14617;2450;0;1516;67;0;0;0;101;0;0;0;0;0;0;0;0;0;0;0;0;951;0;0
MV;13061;Rügen ;58534;33859;592;33267;3539;15712;2162;9473;1087;0;995;0;0;0;0;0;0;0;0;0;0;0;0;0;0;0;0;299;652;33207;3838;11582;4274;10101;1528;0;1009;75;0;0;0;71;0;0;0;0;0;0;0;0;0;0;0;0;729;0;0
MV;13062;Uecker-Randow ;61795;38407;1105;37302;6337;12582;2418;11438;917;0;3073;0;0;0;0;0;0;0;0;0;0;0;0;0;0;0;0;537;920;37487;5151;13256;3149;11168;1077;0;2796;85;0;0;0;84;0;0;0;0;0;0;0;0;0;0;0;0;721;0;0
SN;14511;Chemnitz, Stadt ;205652;136100;1716;134384;27060;45876;12106;37433;8109;0;3800;0;0;0;0;0;0;0;0;0;0;0;0;0;0;0;0;0;1603;134497;22991;41081;17147;38448;9524;0;3651;537;0;0;0;305;813;0;0;0;0;0;0;0;0;0;0;0;0;0;0
SN;14521;Erzgebirgskreis ;321118;207740;3721;204019;23535;83120;28501;49486;7699;0;10098;0;0;0;0;0;0;0;0;0;0;0;0;0;0;0;0;1580;3599;204141;25439;78230;27995;51937;7864;0;9913;819;0;0;0;474;1470;0;0;0;0;0;0;0;0;0;0;0;0;0;0
SN;14522;Mittelsachsen ;284421;184502;2926;181576;27205;78437;18380;42130;7543;0;7881;0;0;0;0;0;0;0;0;0;0;0;0;0;0;0;0;0;2716;181786;24692;70006;24954;44374;8002;0;7709;617;0;0;0;392;1040;0;0;0;0;0;0;0;0;0;0;0;0;0;0
SN;14523;Vogtlandkreis ;213732;137330;2421;134909;21393;55128;12755;33586;5849;0;4908;0;0;0;1290;0;0;0;0;0;0;0;0;0;0;0;0;0;2276;135054;20227;49522;16882;35235;6781;0;4772;569;0;0;0;251;815;0;0;0;0;0;0;0;0;0;0;0;0;0;0
SN;14524;Zwickau ;297512;189994;3065;186929;27339;72903;18160;51692;8426;0;6894;0;0;0;0;0;995;0;0;0;0;0;0;0;0;0;0;520;2848;187146;27842;67419;23198;51011;8625;0;6697;645;0;0;0;419;1290;0;0;0;0;0;0;0;0;0;0;0;0;0;0
SN;14612;Dresden, Stadt ;421639;284894;3858;281036;44566;100968;29697;61755;31089;0;7186;0;0;0;0;372;2891;0;0;0;0;0;0;0;0;0;0;2512;3381;281513;42154;94596;38243;59708;35401;0;7391;564;0;0;0;621;2835;0;0;0;0;0;0;0;0;0;0;0;0;0;0
SN;14625;Bautzen ;278070;181901;3384;178517;20531;75507;21080;43345;7955;0;9417;0;0;0;0;64;281;0;0;0;0;0;0;0;0;0;0;337;2977;178924;22643;69375;25083;42477;7969;0;8687;610;0;0;0;515;1565;0;0;0;0;0;0;0;0;0;0;0;0;0;0
SN;14626;Görlitz ;238958;149737;2750;146987;17005;62338;13935;35786;7381;0;7842;0;0;0;0;0;2700;0;0;0;0;0;0;0;0;0;0;0;2590;147147;18569;55015;19223;36231;7004;0;8035;540;0;0;0;413;2117;0;0;0;0;0;0;0;0;0;0;0;0;0;0
SN;14627;Meißen ;216629;140109;2289;137820;17236;62290;12403;29423;8315;0;7050;0;0;0;0;0;0;0;0;0;0;0;0;0;0;0;0;1103;2288;137821;17987;51703;20052;31286;7979;0;6875;404;0;0;0;327;1208;0;0;0;0;0;0;0;0;0;0;0;0;0;0
SN;14628;Sächsische Schweiz-Osterzgebirge ;215674;141214;2454;138760;16194;62530;15292;28233;6378;0;7983;0;0;0;0;0;2150;0;0;0;0;0;0;0;0;0;0;0;2254;138960;16725;56001;19910;28970;7346;0;7717;412;0;0;0;258;1621;0;0;0;0;0;0;0;0;0;0;0;0;0;0
SN;14713;Leipzig, Stadt ;415259;274415;3623;270792;57707;83805;22286;70132;26201;0;7296;0;0;0;0;0;3365;0;0;0;0;0;0;0;0;0;0;0;3309;271106;49203;75775;33461;69193;32472;0;7344;588;0;0;0;670;2400;0;0;0;0;0;0;0;0;0;0;0;0;0;0
SN;14729;Leipzig ;231084;148389;2283;146106;23471;60969;14799;33044;6745;0;5988;0;0;0;0;0;0;0;0;0;0;0;0;0;0;0;0;1090;2081;146308;23354;53735;19240;34826;7533;0;5751;462;0;0;0;375;1032;0;0;0;0;0;0;0;0;0;0;0;0;0;0
SN;14730;Nordsachsen ;178447;109628;1785;107843;15860;44147;10611;27760;4357;0;5108;0;0;0;0;0;0;0;0;0;0;0;0;0;0;0;0;0;1672;107956;16927;38440;13747;27765;4783;0;5069;381;0;0;0;261;583;0;0;0;0;0;0;0;0;0;0;0;0;0;0
ST;15001;Dessau-Roßlau, Stadt ;76666;47282;804;46478;9125;14698;4039;14538;2650;0;960;0;0;0;0;233;0;0;0;0;0;0;0;0;0;0;0;235;674;46608;8015;13511;4833;15016;2963;0;824;0;0;0;0;132;0;0;0;0;0;0;0;0;151;0;0;0;1163;0;0
ST;15002;Halle (Saale), Stadt;193175;120367;2041;118326;19809;35226;9712;40560;10160;0;2000;0;0;0;0;859;0;0;0;0;0;0;0;0;0;0;0;0;1802;118565;19180;30711;13185;38079;11057;0;1805;0;0;0;0;446;0;0;0;0;0;0;0;0;265;0;0;0;3837;0;0
ST;15003;Magdeburg, Landeshauptstadt ;195603;119495;2169;117326;26923;34437;7620;37702;7521;0;1931;0;0;0;0;486;0;0;0;0;0;0;0;0;0;0;0;706;1867;117628;22749;31593;10470;37749;8969;0;1690;0;0;0;0;328;0;0;0;0;0;0;0;0;192;0;0;0;3888;0;0
ST;15081;Altmarkkreis Salzwedel ;77695;48913;1135;47778;9480;16119;3036;15522;1566;0;1069;0;0;0;0;0;0;0;0;0;0;0;0;0;0;0;0;986;1250;47663;8467;14866;4167;15540;2237;0;1028;0;0;0;0;101;0;0;0;0;0;0;0;0;183;0;0;0;1074;0;0
ST;15082;Anhalt-Bitterfeld ;155465;91851;2265;89586;19521;28810;6559;27344;3478;0;2331;0;0;0;0;642;0;0;0;0;0;0;0;0;0;0;0;901;2182;89669;14969;27682;9353;29342;3449;0;2116;0;0;0;0;346;0;0;0;0;0;0;0;0;331;0;0;0;2081;0;0
ST;15083;Börde ;155528;95191;2250;92941;20589;30630;9632;26217;3073;0;2319;0;0;0;0;0;0;0;0;0;0;0;0;0;0;0;0;481;2180;93011;16706;29485;10209;28088;3796;0;2075;0;0;0;0;228;0;0;0;0;0;0;0;0;294;0;0;0;2130;0;0
ST;15084;Burgenlandkreis ;170595;101689;2082;99607;19038;32575;9081;31418;3119;0;3645;0;0;0;0;0;0;0;0;0;0;0;0;0;0;0;0;731;2062;99627;15478;31627;11300;31808;3780;0;3166;0;0;0;0;191;0;0;0;0;0;0;0;0;305;0;0;0;1972;0;0
ST;15085;Harz ;203909;124540;2693;121847;25539;40775;8706;36496;6986;0;3345;0;0;0;0;0;0;0;0;0;0;0;0;0;0;0;0;0;2319;122221;21280;38690;11576;38306;6360;0;2837;0;0;0;0;267;0;0;0;0;0;0;0;0;300;0;0;0;2605;0;0
ST;15086;Jerichower Land ;83953;51074;1161;49913;11405;16056;4282;14823;1968;0;1127;0;0;0;0;0;0;0;0;0;0;0;0;0;0;0;0;252;1044;50030;8900;15575;5159;15693;2285;0;958;0;0;0;0;103;0;0;0;0;0;0;0;0;167;0;0;0;1190;0;0
ST;15087;Mansfeld-Südharz ;134240;78638;1853;76785;13171;23816;5700;28562;2898;0;2638;0;0;0;0;0;0;0;0;0;0;0;0;0;0;0;0;0;1631;77007;12206;22296;7618;28138;2655;0;2313;0;0;0;0;150;0;0;0;0;0;0;0;0;261;0;0;0;1370;0;0
ST;15088;Saalekreis ;171425;103434;2148;101286;16943;35108;9309;32393;4294;0;2936;0;0;0;0;122;0;0;0;0;0;0;0;0;0;0;0;181;1902;101532;15363;31792;12598;32270;4175;0;2455;0;0;0;0;312;0;0;0;0;0;0;0;0;276;0;0;0;2291;0;0
ST;15089;Salzlandkreis ;184713;104530;2382;102148;19994;32813;8170;34566;3321;0;2522;0;0;0;0;386;0;0;0;0;0;0;0;0;0;0;0;376;2198;102332;16764;31283;10440;35240;3865;0;2224;0;0;0;0;261;0;0;0;0;0;0;0;0;261;0;0;0;1994;0;0
ST;15090;Stendal ;104982;64067;1417;62650;12590;18382;3522;21388;2159;0;1392;0;0;0;0;0;0;0;0;0;0;0;0;0;0;0;0;3217;1492;62575;11049;18464;5558;21494;2975;0;1290;0;0;0;0;131;0;0;0;0;0;0;0;0;266;0;0;0;1348;0;0
ST;15091;Wittenberg ;120623;75650;1544;74106;13062;28726;4771;22271;2354;0;1968;0;0;0;0;311;0;0;0;0;0;0;0;0;0;0;0;643;1446;74204;11724;24736;7781;22693;3168;0;1803;0;0;0;0;185;0;0;0;0;0;0;0;0;277;0;0;0;1837;0;0
TH;16051;Erfurt, Stadt ;168109;111894;1462;110432;25102;33689;6465;32569;8285;0;3043;0;0;0;0;0;0;0;0;0;0;0;0;0;0;0;0;1279;1205;110689;20367;30696;9811;31877;10454;0;2748;324;0;0;0;244;0;0;0;0;0;0;0;0;0;0;0;437;3731;0;0
TH;16052;Gera, Stadt ;85774;54618;786;53832;9161;16053;4020;19853;2857;0;1888;0;0;0;0;0;0;0;0;0;0;0;0;0;0;0;0;0;681;53937;8479;14524;5496;19098;2826;0;1695;139;0;0;0;61;0;0;0;0;0;0;0;0;0;0;0;209;1410;0;0
TH;16053;Jena, Stadt ;85182;59917;708;59209;16455;13563;7054;14919;6106;0;1112;0;0;0;0;0;0;0;0;0;0;0;0;0;0;0;0;0;553;59364;11576;14719;5945;15035;7785;0;954;199;0;0;0;63;0;0;0;0;0;0;0;0;0;0;0;240;2848;0;0
TH;16054;Suhl, Stadt ;34172;21885;299;21586;4453;5580;1436;8327;1128;0;662;0;0;0;0;0;0;0;0;0;0;0;0;0;0;0;0;0;237;21648;3681;5558;1802;8106;1243;0;588;60;0;0;0;39;0;0;0;0;0;0;0;0;0;0;0;78;493;0;0
TH;16055;Weimar, Stadt ;51903;35245;444;34801;7623;10830;2096;9392;3613;0;921;0;0;0;0;0;0;0;0;0;0;0;0;0;0;0;0;326;382;34863;5870;9839;3158;8852;4902;0;838;106;0;0;0;43;0;0;0;0;0;0;0;0;0;0;0;149;1106;0;0
TH;16056;Eisenach, Stadt ;35698;23476;333;23143;5715;6981;1245;6817;1290;0;838;0;0;0;0;0;0;0;0;0;0;0;0;0;0;0;0;257;286;23190;4554;6497;1990;6962;1718;0;764;75;0;0;0;90;0;0;0;0;0;0;0;0;0;0;0;104;436;0;0
TH;16061;Eichsfeld ;88017;62024;794;61230;8646;32736;4636;9937;2372;0;1765;0;0;0;0;0;0;0;0;0;0;0;0;1027;0;0;0;111;732;61292;8325;29408;7146;10170;2672;0;1673;138;0;0;0;37;0;0;0;0;0;0;0;0;0;0;0;735;988;0;0
TH;16062;Nordhausen ;76624;49247;550;48697;9460;16013;3303;16084;2076;0;1440;0;0;0;0;0;0;0;0;0;0;0;0;237;0;0;0;84;521;48726;9488;14325;4550;15260;2553;0;1403;96;0;0;0;55;0;0;0;0;0;0;0;0;0;0;0;160;836;0;0
TH;16063;Wartburgkreis ;113572;74071;1095;72976;17229;25448;4274;19774;2541;0;2940;0;0;0;0;0;0;0;0;0;0;0;0;0;0;0;0;770;1073;72998;13585;24085;6385;20540;3434;0;2800;302;0;0;0;128;0;0;0;0;0;0;0;0;0;0;0;280;1459;0;0
TH;16064;Unstrut-Hainich-Kreis ;92506;58633;870;57763;10910;21607;4695;16059;2182;0;1679;0;0;0;0;0;0;0;0;0;0;0;0;152;0;0;0;479;845;57788;10234;19611;6232;15967;2581;0;1598;155;0;0;0;85;0;0;0;0;0;0;0;0;0;0;0;219;1106;0;0
TH;16065;Kyffhäuserkreis ;71723;44156;652;43504;7775;13445;3010;16079;1458;0;1550;0;0;0;0;0;0;0;0;0;0;0;0;0;0;0;0;187;655;43501;7660;12873;3719;15075;1682;0;1404;124;0;0;0;76;0;0;0;0;0;0;0;0;0;0;0;113;775;0;0
TH;16066;Schmalkalden-Meiningen ;113998;71622;1027;70595;14612;22641;6086;21375;3400;0;2481;0;0;0;0;0;0;0;0;0;0;0;0;0;0;0;0;0;891;70731;12619;21670;6858;21269;3850;0;2260;310;0;0;0;92;0;0;0;0;0;0;0;0;0;0;0;214;1589;0;0
TH;16067;Gotha ;118433;76719;1076;75643;20051;23037;5244;19358;4100;0;2997;0;0;0;0;0;0;0;0;0;0;0;0;0;0;0;0;856;1034;75685;15556;23846;6709;20399;3883;0;2672;315;0;0;0;103;0;0;0;0;0;0;0;0;0;0;0;265;1937;0;0
TH;16068;Sömmerda ;63252;40282;567;39715;7001;13856;3105;12005;1851;0;1675;0;0;0;0;0;0;0;0;0;0;0;0;0;0;0;0;222;568;39714;6609;12835;4051;11580;1881;0;1510;164;0;0;0;57;0;0;0;0;0;0;0;0;0;0;0;150;877;0;0
TH;16069;Hildburghausen ;58842;36995;531;36464;7990;11379;2791;11659;1408;0;1237;0;0;0;0;0;0;0;0;0;0;0;0;0;0;0;0;0;478;36517;6382;11110;3458;11440;1669;0;1093;162;0;0;0;54;0;0;0;0;0;0;0;0;0;0;0;122;1027;0;0
TH;16070;Ilm-Kreis ;96077;63200;1036;62164;16981;17026;4812;16584;3291;0;2478;0;0;0;0;0;0;0;0;0;0;0;0;0;0;0;0;992;937;62263;11536;18633;5684;17858;3725;0;2252;198;0;0;0;88;0;0;0;0;0;0;0;0;0;0;0;234;2055;0;0
TH;16071;Weimarer Land ;71622;47584;697;46887;8806;16785;4021;12573;2684;0;1817;0;0;0;0;0;0;0;0;0;0;0;0;0;0;0;0;201;670;46914;8083;15230;5351;12340;2775;0;1645;224;0;0;0;59;0;0;0;0;0;0;0;0;0;0;0;157;1050;0;0
TH;16072;Sonneberg ;52911;32574;553;32021;5492;10222;2231;11122;1218;0;1340;0;0;0;0;225;0;0;0;0;0;0;0;0;0;0;0;171;429;32145;5243;9869;2743;11050;1124;0;1217;126;0;0;0;139;0;0;0;0;0;0;0;0;0;0;0;82;552;0;0
TH;16073;Saalfeld-Rudolstadt ;102409;65862;956;64906;12056;20596;5778;19830;2664;0;3373;0;0;0;0;225;0;0;0;0;0;0;0;0;0;0;0;384;811;65051;11159;19336;6443;19427;3255;0;2999;279;0;0;0;160;0;0;0;0;0;0;0;0;0;0;0;263;1730;0;0
TH;16074;Saale-Holzland-Kreis ;74272;50268;780;49488;9042;16974;4621;14572;2508;0;1771;0;0;0;0;0;0;0;0;0;0;0;0;0;0;0;0;0;659;49609;7979;15708;5391;14591;2632;0;1560;236;0;0;0;66;0;0;0;0;0;0;0;0;0;0;0;185;1261;0;0
TH;16075;Saale-Orla-Kreis ;76127;50503;752;49751;10276;15908;4525;14868;1802;0;1861;0;0;0;0;132;0;0;0;0;0;0;0;0;0;0;0;379;605;49898;8602;15565;5156;14962;2275;0;1762;210;0;0;0;96;0;0;0;0;0;0;0;0;0;0;0;212;1058;0;0
TH;16076;Greiz ;95002;63350;1002;62348;10650;24050;5164;17510;2619;0;2355;0;0;0;0;0;0;0;0;0;0;0;0;0;0;0;0;0;911;62439;10146;20605;7142;17392;3009;0;2036;225;0;0;0;87;0;0;0;0;0;0;0;0;0;0;0;308;1489;0;0
TH;16077;Altenburger Land ;87334;53639;950;52689;9574;18938;4073;16162;1577;0;2365;0;0;0;0;0;0;0;0;0;0;0;0;0;0;0;0;0;832;52807;8860;17236;5415;15625;1910;0;2132;172;0;0;0;69;0;0;0;0;0;0;0;0;0;0;0;170;1218;0;0
