# (c) Der Bundeswahlleiter, Wiesbaden 2017;;;;;;;;;;;;;;;;;;;;;;;;;;;;;;;;;;;;;;;;;;;;;;;;;;
# ;;;;;;;;;;;;;;;;;;;;;;;;;;;;;;;;;;;;;;;;;;;;;;;;;;
# Wahl zum 19. Deutschen Bundestag (24. September 2017);;;;;;;;;;;;;;;;;;;;;;;;;;;;;;;;;;;;;;;;;;;;;;;;;;
# Endgültige Ergebnisse der Erst- und Zweitstimmen nach Bezirksart und Ländern;;;;;;;;;;;;;;;;;;;;;;;;;;;;;;;;;;;;;;;;;;;;;;;;;;
# ;;;;;;;;;;;;;;;;;;;;;;;;;;;;;;;;;;;;;;;;;;;;;;;;;;
Nr;Land;Stimmenart;Bezirksart;Wahlberechtigte;Wähler;ungültig;gültig;CDU;SPD;DIE LINKE;GRÜNE;CSU;FDP;AfD;PIRATEN;NPD;FREIE WÄHLER;Tierschutzpartei;ÖDP;Die PARTEI;BP;Volksabstimmung;PDV;MLPD;BüSo;SGP;DIE RECHTE;AD-DEMOKRATEN;Tierschutzallianz;B*;BGE;DiB;DKP;DM;Die Grauen;du.;MG;MENSCHLICHE WELT;Die Humanisten;Gesundheitsforschung;V-Partei³;Bündnis C;DIE EINHEIT;DIE VIOLETTEN;FAMILIE;DIE FRAUEN;MIETERPARTEI;Neue Liberale;UNABHÄNGIGE;Übrige
1;Schleswig-Holstein;E;Zusammen;2266012;1729194;16172;1713022;682287;493279;90574;163580;;131703;128641;;;15957;;;4017;;;;1381;;;;;;;;;;;;;;;;;;;;;506;;;342;;755
1;Schleswig-Holstein;E;Urne;2266012;1347431;13557;1333874;521372;392420;73464;122065;;100605;106207;;;12533;;;3040;;;;1029;;;;;;;;;;;;;;;;;;;;;383;;;244;;512
1;Schleswig-Holstein;E;Brief;;381763;2615;379148;160915;100859;17110;41515;;31098;22434;;;3424;;;977;;;;352;;;;;;;;;;;;;;;;;;;;;123;;;98;;243
1;Schleswig-Holstein;Z;Zusammen;2266012;1729194;13553;1715641;583135;399505;124678;205471;;216844;140362;;4210;11095;;3116;20732;;;;823;;;;;;;5670;;;;;;;;;;;;;;;;;;;
1;Schleswig-Holstein;Z;Urne;2266012;1347431;11834;1335597;443656;318838;100501;157338;;163398;115736;;3641;8720;;2289;16775;;;;646;;;;;;;4059;;;;;;;;;;;;;;;;;;;
1;Schleswig-Holstein;Z;Brief;;381763;1719;380044;139479;80667;24177;48133;;53446;24626;;569;2375;;827;3957;;;;177;;;;;;;1611;;;;;;;;;;;;;;;;;;;
13;Mecklenburg-Vorpommern;E;Zusammen;1324614;938587;11742;926845;316662;161437;171130;33746;;43899;168456;;7977;13794;2161;591;4631;;;;1666;;;;;;;;;;;;;;;;;;;;;;;;;;695
13;Mecklenburg-Vorpommern;E;Urne;1324614;713825;9939;703886;236224;122362;126677;23114;;32203;139213;;6919;10377;1544;390;3257;;;;1204;;;;;;;;;;;;;;;;;;;;;;;;;;402
13;Mecklenburg-Vorpommern;E;Brief;;224762;1803;222959;80438;39075;44453;10632;;11696;29243;;1058;3417;617;201;1374;;;;462;;;;;;;;;;;;;;;;;;;;;;;;;;293
13;Mecklenburg-Vorpommern;Z;Zusammen;1324614;938587;11077;927510;307263;139689;165368;39514;;57895;172409;;10408;7543;12507;1205;9309;;;;1366;;;;;;;3034;;;;;;;;;;;;;;;;;;;
13;Mecklenburg-Vorpommern;Z;Urne;1324614;713825;9666;704159;226343;106397;123040;27914;;42956;142469;;9121;5670;9510;795;7056;;;;969;;;;;;;1919;;;;;;;;;;;;;;;;;;;
13;Mecklenburg-Vorpommern;Z;Brief;;224762;1411;223351;80920;33292;42328;11600;;14939;29940;;1287;1873;2997;410;2253;;;;397;;;;;;;1115;;;;;;;;;;;;;;;;;;;
2;Hamburg;E;Zusammen;1296656;984926;9254;975672;277677;311889;105242;114485;;69178;71527;;1245;5426;;3369;11426;;;;1123;;;;;;;;;;;;;;;;;;;;;;;;;;3085
2;Hamburg;E;Urne;1296656;620713;6561;614152;159766;204821;72619;70430;;39840;50290;;881;3540;;2252;7289;;;;795;;;;;;;;;;;;;;;;;;;;;;;;;;1629
2;Hamburg;E;Brief;;364213;2693;361520;117911;107068;32623;44055;;29338;21237;;364;1886;;1117;4137;;;;328;;;;;;;;;;;;;;;;;;;;;;;;;;1456
2;Hamburg;Z;Zusammen;1296656;984926;6808;978118;266312;229862;119076;136371;;105610;76511;;1799;3458;8813;2778;15388;;;;688;;;;;;;4573;4199;511;;;;;;;;2169;;;;;;;;;
2;Hamburg;Z;Urne;1296656;620713;5177;615536;152311;149301;82657;87981;;60995;53928;;1311;2136;5545;1836;10161;;;;503;;;;;;;2868;2428;326;;;;;;;;1249;;;;;;;;;
2;Hamburg;Z;Brief;;364213;1631;362582;114001;80561;36419;48390;;44615;22583;;488;1322;3268;942;5227;;;;185;;;;;;;1705;1771;185;;;;;;;;920;;;;;;;;;
3;Niedersachsen;E;Zusammen;6124582;4681871;46554;4635317;1777588;1557197;273064;334541;;264801;369663;13214;;23538;;809;12726;;;;1522;;;;;;;;;1331;;;;;;;;;953;;;;;;;;4370
3;Niedersachsen;E;Urne;6124582;3649553;38904;3610649;1359554;1233727;220484;247866;;199630;304992;10570;;17988;;622;9362;;;;1239;;;;;;;;;1024;;;;;;;;;711;;;;;;;;2880
3;Niedersachsen;E;Brief;;1032318;7650;1024668;418034;323470;52580;86675;;65171;64671;2644;;5550;;187;3364;;;;283;;;;;;;;;307;;;;;;;;;242;;;;;;;;1490
3;Niedersachsen;Z;Zusammen;6124582;4681871;34895;4646976;1623481;1275172;322979;404825;;431405;422362;17683;12034;19178;40487;4771;41228;;;;1616;;;;;;;8084;6349;1100;8146;;;;;;;6076;;;;;;;;;
3;Niedersachsen;Z;Urne;6124582;3649553;30415;3619138;1236710;1013119;260140;306007;;324737;348705;14334;10171;14646;30775;3521;32680;;;;1326;;;;;;;5552;4581;827;6867;;;;;;;4440;;;;;;;;;
3;Niedersachsen;Z;Brief;;1032318;4480;1027838;386771;262053;62839;98818;;106668;73657;3349;1863;4532;9712;1250;8548;;;;290;;;;;;;2532;1768;273;1279;;;;;;;1636;;;;;;;;;
4;Bremen;E;Zusammen;474151;335919;4876;331043;81275;105119;39405;33386;;30457;30935;;487;939;;;7753;;;;500;;;;;;;;;;;;;;787;;;;;;;;;;;;
4;Bremen;E;Urne;474151;251156;4060;247096;57869;80538;30488;23663;;20818;25697;;403;719;;;5959;;;;394;;;;;;;;;;;;;;548;;;;;;;;;;;;
4;Bremen;E;Brief;;84763;816;83947;23406;24581;8917;9723;;9639;5238;;84;220;;;1794;;;;106;;;;;;;;;;;;;;239;;;;;;;;;;;;
4;Bremen;Z;Zusammen;474151;335919;3596;332323;83409;88944;44629;36733;;31056;33244;1958;863;1194;;;5511;;;;273;;;;;;;1804;;174;607;;;;905;;;1019;;;;;;;;;
4;Bremen;Z;Urne;474151;251156;3147;248009;58687;68040;34622;26606;;21505;27399;1639;729;891;;;4308;;;;226;;;;;;;1276;;129;536;;;;674;;;742;;;;;;;;;
4;Bremen;Z;Brief;;84763;449;84314;24722;20904;10007;10127;;9551;5845;319;134;303;;;1203;;;;47;;;;;;;528;;45;71;;;;231;;;277;;;;;;;;;
12;Brandenburg;E;Zusammen;2051559;1512145;23743;1488402;432157;304896;256497;67253;;75734;289204;4925;1369;28547;;;17385;;;;772;;;;;;;;;4668;;;;;;;;;;;;;;;;;4995
12;Brandenburg;E;Urne;2051559;1186846;20702;1166144;333705;238421;199114;48605;;57077;242170;3675;1169;21511;;;13213;;;;588;;;;;;;;;3423;;;;;;;;;;;;;;;;;3473
12;Brandenburg;E;Brief;;325299;3041;322258;98452;66475;57383;18648;;18657;47034;1250;200;7036;;;4172;;;;184;;;;;;;;;1245;;;;;;;;;;;;;;;;;1522
12;Brandenburg;Z;Zusammen;2051559;1512145;21314;1490831;397839;261822;255721;74971;;105485;301103;;12993;17762;26243;2496;19471;;;;1277;;;;;;;6066;;2514;5068;;;;;;;;;;;;;;;;
12;Brandenburg;Z;Urne;2051559;1186846;18813;1168033;305497;204596;198621;55210;;79731;251555;;11406;13135;20224;1889;15332;;;;979;;;;;;;3999;;1805;4054;;;;;;;;;;;;;;;;
12;Brandenburg;Z;Brief;;325299;2501;322798;92342;57226;57100;19761;;25754;49548;;1587;4627;6019;607;4139;;;;298;;;;;;;2067;;709;1014;;;;;;;;;;;;;;;;
15;Sachsen-Anhalt;E;Zusammen;1854891;1263474;22949;1240525;401454;213058;238047;38938;;81211;210127;;15364;28163;;;2186;;;;2039;;;;;4102;;;;;;;;2570;;;;;;;;;;;;;3266
15;Sachsen-Anhalt;E;Urne;1854891;1037519;20466;1017053;324084;173078;193147;29514;;65133;183563;;13791;23787;;;1602;;;;1633;;;;;3289;;;;;;;;1959;;;;;;;;;;;;;2473
15;Sachsen-Anhalt;E;Brief;;225955;2483;223472;77370;39980;44900;9424;;16078;26564;;1573;4376;;;584;;;;406;;;;;813;;;;;;;;611;;;;;;;;;;;;;793
15;Sachsen-Anhalt;Z;Zusammen;1854891;1263474;18494;1244980;377411;188980;220858;46243;;96555;244401;;9737;14392;;;13554;;;;1847;;;;;18715;;3762;2908;;;;;5617;;;;;;;;;;;;;
15;Sachsen-Anhalt;Z;Urne;1854891;1037519;16854;1020665;303005;154905;178788;34929;;77048;213844;;8770;11888;;;11192;;;;1464;;;;;15606;;2658;2149;;;;;4419;;;;;;;;;;;;;
15;Sachsen-Anhalt;Z;Brief;;225955;1640;224315;74406;34075;42070;11314;;19507;30557;;967;2504;;;2362;;;;383;;;;;3109;;1104;759;;;;;1198;;;;;;;;;;;;;
11;Berlin;E;Zusammen;2503070;1892134;26660;1865474;460296;391772;377564;230935;;105053;212211;3005;1951;5720;;2663;53335;;;;1843;3033;472;;;;672;;;;;4300;772;;766;;1537;;;;;;439;1352;;;5783
11;Berlin;E;Urne;2503070;1260360;20060;1240300;286082;264034;260988;146255;;64656;159033;2173;1425;4038;;1792;36596;;;;1378;2043;329;;;;424;;;;;2483;483;;466;;1054;;;;;;215;919;;;3434
11;Berlin;E;Brief;;631774;6600;625174;174214;127738;116576;84680;;40397;53178;832;526;1682;;871;16739;;;;465;990;143;;;;248;;;;;1817;289;;300;;483;;;;;;224;433;;;2349
11;Berlin;Z;Zusammen;2503070;1892134;23092;1869042;424321;334253;351170;234947;;167046;225170;10894;;5354;25415;3206;39027;;;;1617;1198;473;;;;911;6926;7467;1685;4212;10009;3032;;3144;;4832;2733;;;;;;;;;
11;Berlin;Z;Urne;2503070;1260360;18034;1242326;260532;224640;243111;152462;;102897;168489;8225;;3675;17566;2143;27215;;;;1223;792;359;;;;539;4307;4673;1041;3147;6048;2053;;2151;;3289;1749;;;;;;;;;
11;Berlin;Z;Brief;;631774;5058;626716;163789;109613;108059;82485;;64149;56681;2669;;1679;7849;1063;11812;;;;394;406;114;;;;372;2619;2794;644;1065;3961;979;;993;;1543;984;;;;;;;;;
5;Nordrhein-Westfalen;E;Zusammen;13174577;9938461;124291;9814170;3756952;3073698;626631;641360;;787235;799777;28162;;26201;;5331;38617;;6316;;10466;;;;;;;;;1284;;;;;;;;;;;984;;;;;;11156
5;Nordrhein-Westfalen;E;Urne;13174577;6880974;99830;6781144;2464328;2190882;469540;428961;;520776;617574;21019;;17685;;3364;26271;;4213;;7910;;;;;;;;;851;;;;;;;;;;;651;;;;;;7119
5;Nordrhein-Westfalen;E;Brief;;3057487;24461;3033026;1292624;882816;157091;212399;;266459;182203;7143;;8516;;1967;12346;;2103;;2556;;;;;;;;;433;;;;;;;;;;;333;;;;;;4037
5;Nordrhein-Westfalen;Z;Zusammen;13174577;9938461;85084;9853377;3214013;2557876;736904;744970;;1293052;928425;43580;21287;27788;73941;12044;81576;;9631;;6425;;818;;41251;;;9971;12202;2217;9859;;;;;5991;9043;10513;;;;;;;;;
5;Nordrhein-Westfalen;Z;Urne;13174577;6880974;70679;6810295;2087219;1814808;546636;520282;;846105;718219;33095;16538;19425;50526;8234;59604;;5560;;5222;;656;;37605;;;5994;8091;1550;7496;;;;;4347;6120;6963;;;;;;;;;
5;Nordrhein-Westfalen;Z;Brief;;3057487;14405;3043082;1126794;743068;190268;224688;;446947;210206;10485;4749;8363;23415;3810;21972;;4071;;1203;;162;;3646;;;3977;4111;667;2363;;;;;1644;2923;3550;;;;;;;;;
14;Sachsen;E;Zusammen;3329550;2509684;39951;2469733;756206;289109;432722;112300;;165449;628048;7286;4079;13761;;3622;21473;;;;779;10598;334;;;;;;;;;;;;;;;;;;;;;;;;23967
14;Sachsen;E;Urne;3329550;1980289;34420;1945869;585552;223280;334190;79562;;128006;530307;5222;3336;10779;;2367;15214;;;;553;8349;253;;;;;;;;;;;;;;;;;;;;;;;;18899
14;Sachsen;E;Brief;;529395;5531;523864;170654;65829;98532;32738;;37443;97741;2064;743;2982;;1255;6259;;;;226;2249;81;;;;;;;;;;;;;;;;;;;;;;;;5068
14;Sachsen;Z;Zusammen;3329550;2509684;30280;2479404;665751;261105;398627;113608;;203662;669940;11056;28215;27471;35121;6809;31999;;;;2566;3490;;;;;;9451;6475;;;;;;;;;4058;;;;;;;;;
14;Sachsen;Z;Urne;3329550;1980289;26835;1953454;509841;202794;307190;81401;;156175;564986;8790;24548;21587;27953;5069;24749;;;;1961;2604;;;;;;6418;4495;;;;;;;;;2893;;;;;;;;;
14;Sachsen;Z;Brief;;529395;3445;525950;155910;58311;91437;32207;;47487;104954;2266;3667;5884;7168;1740;7250;;;;605;886;;;;;;3033;1980;;;;;;;;;1165;;;;;;;;;
6;Hessen;E;Zusammen;4408986;3395441;50889;3344552;1185393;974954;220145;270221;;238437;375528;5844;4423;48199;;;13786;;;;1869;;97;;;;;;;234;;;;;;;;;;;522;;;;;;4900
6;Hessen;E;Urne;4408986;2488532;40685;2447847;835365;730254;169643;191927;;167909;295626;4429;3681;34046;;;10011;;;;1453;;66;;;;;;;169;;;;;;;;;;;316;;;;;;2952
6;Hessen;E;Brief;;906909;10204;896705;350028;244700;50502;78294;;70528;79902;1415;742;14153;;;3775;;;;416;;31;;;;;;;65;;;;;;;;;;;206;;;;;;1948
6;Hessen;Z;Zusammen;4408986;3395441;46541;3348900;1033200;788427;271158;323736;;386742;398712;14448;11904;28507;34079;6042;30500;;;;1627;721;;;;;;6320;;1138;6393;;;;;;;5246;;;;;;;;;
6;Hessen;Z;Urne;4408986;2488532;38602;2449930;726250;589125;208670;234445;;269616;313018;11295;9757;20343;24650;4337;22945;;;;1359;552;;;;;;4093;;817;5180;;;;;;;3478;;;;;;;;;
6;Hessen;Z;Brief;;906909;7939;898970;306950;199302;62488;89291;;117126;85694;3153;2147;8164;9429;1705;7555;;;;268;169;;;;;;2227;;321;1213;;;;;;;1768;;;;;;;;;
16;Thüringen;E;Zusammen;1767014;1312052;19385;1292667;408513;188802;227194;46919;;71579;291466;2844;3193;33707;;5292;3691;;;;1293;;;;;;;;;;;;;;;;;1201;;;;;;;;;6973
16;Thüringen;E;Urne;1767014;1049827;16872;1032955;321099;149992;177119;33935;;56729;248131;2247;2855;26997;;3826;2749;;;;980;;;;;;;;;;;;;;;;;893;;;;;;;;;5403
16;Thüringen;E;Brief;;262225;2513;259712;87414;38810;50075;12984;;14850;43335;597;338;6710;;1466;942;;;;313;;;;;;;;;;;;;;;;;308;;;;;;;;;1570
16;Thüringen;Z;Zusammen;1767014;1312052;17604;1294448;372258;171032;218212;53340;;101129;294069;6057;16083;21131;;6398;19132;;;;1902;;;;;;;5307;;;4948;;;;;;;3450;;;;;;;;;
16;Thüringen;Z;Urne;1767014;1049827;15597;1034230;291163;135835;170408;39110;;79557;250217;4990;14246;16647;;4780;15676;;;;1482;;;;;;;3661;;;3931;;;;;;;2527;;;;;;;;;
16;Thüringen;Z;Brief;;262225;2007;260218;81095;35197;47804;14230;;21572;43852;1067;1837;4484;;1618;3456;;;;420;;;;;;;1646;;;1017;;;;;;;923;;;;;;;;;
7;Rheinland-Pfalz;E;Zusammen;3080591;2392093;40223;2351870;932382;676438;133323;140906;;161479;223659;3830;1495;54294;;7107;10970;;;;581;;;;;;;;;;;;;;;;;;;371;;;;;542;;4493
7;Rheinland-Pfalz;E;Urne;3080591;1560548;29499;1531049;575597;453819;94829;89968;;102008;162500;2654;1086;33525;;4437;7149;;;;409;;;;;;;;;;;;;;;;;;;251;;;;;303;;2514
7;Rheinland-Pfalz;E;Brief;;831545;10724;820821;356785;222619;38494;50938;;59471;61159;1176;409;20769;;2670;3821;;;;172;;;;;;;;;;;;;;;;;;;120;;;;;239;;1979
7;Rheinland-Pfalz;Z;Zusammen;3080591;2392093;29587;2362506;848003;570518;160912;179233;;245235;265688;10792;7025;32263;;7330;23957;;;;842;;;;;;;4505;;;;;;;;;;6203;;;;;;;;;
7;Rheinland-Pfalz;Z;Urne;3080591;1560548;23000;1537548;517954;380032;114288;118418;;155146;191867;7698;5037;19321;;4564;16506;;;;592;;;;;;;2455;;;;;;;;;;3670;;;;;;;;;
7;Rheinland-Pfalz;Z;Brief;;831545;6587;824958;330049;190486;46624;60815;;90089;73821;3094;1988;12942;;2766;7451;;;;250;;;;;;;2050;;;;;;;;;;2533;;;;;;;;;
9;Bayern;E;Zusammen;9522371;7441006;69317;7371689;;1336404;384368;661356;3255487;477884;773542;10421;583;250119;;119103;13205;62622;;;2309;2130;;;;;;;;;;;;;;;;;358;;670;;;;;2458;18670
9;Bayern;E;Urne;9522371;4667689;49629;4618060;;861657;262167;405782;2000591;281383;524745;7051;435;145598;;70565;7750;35825;;;1636;1382;;;;;;;;;;;;;;;;;207;;300;;;;;1082;9904
9;Bayern;E;Brief;;2773317;19688;2753629;;474747;122201;255574;1254896;196501;248797;3370;148;104521;;48538;5455;26797;;;673;748;;;;;;;;;;;;;;;;;151;;370;;;;;1376;8766
9;Bayern;Z;Zusammen;9522371;7441006;47796;7393210;;1130931;450803;722116;2869688;751248;916300;26866;20611;199198;66218;66801;51607;58037;;;2213;1284;;;;;;10394;12073;1213;12689;;;;;;9529;13391;;;;;;;;;
9;Bayern;Z;Urne;9522371;4667689;37741;4629948;;734764;306727;452559;1740297;450739;620430;18264;13312;109508;38911;39659;34050;33919;;;1559;868;;;;;;5586;6758;793;8289;;;;;;5517;7439;;;;;;;;;
9;Bayern;Z;Brief;;2773317;10055;2763262;;396167;144076;269557;1129391;300509;295870;8602;7299;89690;27307;27142;17557;24118;;;654;416;;;;;;4808;5315;420;4400;;;;;;4012;5952;;;;;;;;;
8;Baden-Württemberg;E;Zusammen;7732597;6053943;70712;5983231;2350054;1166668;325019;801880;;517512;690128;11340;2056;33732;20756;18341;26508;;;;7045;199;;1142;;2012;;;;;;;;;652;;;;406;;;;;;;;7781
8;Baden-Württemberg;E;Urne;7732597;4409569;57962;4351607;1686867;864676;246329;554742;;367159;539258;8502;1611;23392;14360;12823;18419;;;;5486;128;;828;;1422;;;;;;;;;455;;;;235;;;;;;;;4915
8;Baden-Württemberg;E;Brief;;1644374;12750;1631624;663187;301992;78690;247138;;150353;150870;2838;445;10340;6396;5518;8089;;;;1559;71;;314;;590;;;;;;;;;197;;;;171;;;;;;;;2866
8;Baden-Württemberg;Z;Zusammen;7732597;6053943;60975;5992968;2061687;982370;380727;807205;;762008;730499;27205;15745;42133;51355;21813;43883;;;;4276;;;2054;;13506;;10647;9241;1006;10395;;;;7612;;;7601;;;;;;;;;
8;Baden-Württemberg;Z;Urne;7732597;4409569;53074;4356495;1464974;732005;287271;567554;;538591;569884;21132;12578;29787;36680;15510;33000;;;;3484;;;1606;;10406;;6757;6242;712;7945;;;;5344;;;5033;;;;;;;;;
8;Baden-Württemberg;Z;Brief;;1644374;7901;1636473;596713;250365;93456;239651;;223417;160615;6073;3167;12346;14675;6303;10883;;;;792;;;448;;3100;;3890;2999;294;2450;;;;2268;;;2568;;;;;;;;;
10;Saarland;E;Zusammen;777264;595411;10008;585403;211855;184511;65712;26116;;27627;54587;2325;947;6959;;;3950;;;242;572;;;;;;;;;;;;;;;;;;;;;;;;;;
10;Saarland;E;Urne;777264;441042;7828;433214;149025;139167;51893;18994;;19600;43280;1790;740;5073;;;3035;;;175;442;;;;;;;;;;;;;;;;;;;;;;;;;;
10;Saarland;E;Brief;;154369;2180;152189;62830;45344;13819;7122;;8027;11307;535;207;1886;;;915;;;67;130;;;;;;;;;;;;;;;;;;;;;;;;;;
10;Saarland;Z;Zusammen;777264;595411;10153;585258;189573;158895;75448;35117;;44477;58920;2937;3106;4825;;;7475;;;533;427;;;;;;;1025;;;886;;;;;;;1614;;;;;;;;;
10;Saarland;Z;Urne;777264;441042;8098;432944;131538;118279;59921;26663;;32302;46753;2363;2470;3520;;;5929;;;402;325;;;;;;;661;;;680;;;;;;;1138;;;;;;;;;
10;Saarland;Z;Brief;;154369;2055;152314;58035;40616;15527;8454;;12175;12167;574;636;1305;;;1546;;;131;102;;;;;;;364;;;206;;;;;;;476;;;;;;;;;
99;Bundesgebiet;E;Zusammen;61688485;46976341;586726;46389615;14030751;11429231;3966637;3717922;3255487;3249238;5317499;93196;45169;589056;22917;166228;245659;62622;6316;242;35760;15960;903;1142;;6114;672;;;7517;;4300;772;2570;2205;;1537;1201;1717;371;2176;506;439;1352;884;2458;100889
99;Bundesgebiet;E;Urne;61688485;33545873;470974;33074899;9896489;8323128;2982691;2515383;2000591;2223532;4172586;69332;38332;391588;15904;102438;170916;35825;4213;175;27129;11902;648;828;;4711;424;;;5467;;2483;483;1959;1469;;1054;893;1153;251;1267;383;215;919;547;1082;66509
99;Bundesgebiet;E;Brief;;13430468;115752;13314716;4134262;3106103;983946;1202539;1254896;1025706;1144913;23864;6837;197468;7013;63790;74743;26797;2103;67;8631;4058;255;314;;1403;248;;;2050;;1817;289;611;736;;483;308;564;120;909;123;224;433;337;1376;34380
99;Bundesgebiet;Z;Zusammen;61688485;46976341;460849;46515492;12447656;9539381;4297270;4158400;2869688;4999449;5878115;173476;176020;463292;374179;144809;454349;58037;9631;533;29785;6693;1291;2054;41251;32221;911;97539;60914;11558;63203;10009;3032;5617;11661;5991;23404;64073;;;;;;;;;
99;Bundesgebiet;Z;Urne;61688485;33545873;387566;33158307;8715680;6947478;3222591;2888879;1740297;3401498;4597499;131825;143635;300899;262340;94626;337178;33919;5560;402;23320;4816;1015;1606;37605;26012;539;62263;39417;8000;48125;6048;2053;4419;8169;4347;14926;41321;;;;;;;;;
99;Bundesgebiet;Z;Brief;;13430468;73283;13357185;3731976;2591903;1074679;1269521;1129391;1597951;1280616;41651;32385;162393;111839;50183;117171;24118;4071;131;6465;1877;276;448;3646;6209;372;35276;21497;3558;15078;3961;979;1198;3492;1644;8478;22752;;;;;;;;;
