# (c) Der Bundeswahlleiter, Statistisches Bundesamt (Destatis), 2022;;;;;;;;;
# Datenlizenz Deutschland – Namensnennung – Version 2.0 (https://www.govdata.de/dl-de/by-2-0);;;;;;;;;
# ;;;;;;;;;
# Wahl zum 20. Deutschen Bundestag (26. September 2021);;;;;;;;;
# Ergebnisse der repräsentativen Wahlstatistik;;;;;;;;;
# Wahlberechtigte ohne und mit Wahlschein, Wähler/-innen ohne und mit Wahlschein und Wahlbeteiligung nach Geschlecht und Geburtsjahresgruppen in den Ländern;;;;;;;;;
# ;;;;;;;;;
# Die Ergebnisse der Männer beinhalten auch die Ergebnisse der Personen mit dem Geschlechtsmerkmal 'divers' als auch derjenigen ohne Geschlechtseintrag im Geburtenregister.;;;;;;;;;
# Erläuterungen zur Methodik siehe Dokument 'Allgemeine und methodische Hinweise zur repräsentativen Wahlstatistik der Bundestagswahl 2021'.;;;;;;;;;
# Durch Auf- bzw. Abrundungen können sich in der Endsumme geringfügige Abweichungen ergeben.;;;;;;;;;
# ;;;;;;;;;
Land;Geschlecht;Geburtsjahresgruppe;Wahlberechtigte;Wahlberechtigte ohne Wahlscheinvermerk;Wahlberechtigte mit Wahlscheinvermerk;Wähler/-innen;Wähler/-innen ohne Wahlschein;Wähler/-innen mit Wahlschein;Wahlbeteiligung
Bund;Summe;Summe;61181072;37839651;23341421;46854508;24576874;22277634;76,6
Bund;Summe;2001 - 2003;1960308;1391586;568722;1382344;839212;543132;70,5
Bund;Summe;1997 - 2000;3019738;1954763;1064974;2150944;1133942;1017002;71,2
Bund;Summe;1992 - 1996;3716615;2310950;1405665;2689049;1347064;1341985;72,4
Bund;Summe;1987 - 1991;4351153;2772243;1578909;3195676;1689061;1506615;73,4
Bund;Summe;1982 - 1986;4319899;2850834;1469065;3230564;1828883;1401681;74,8
Bund;Summe;1977 - 1981;4195036;2821283;1373753;3175720;1864968;1310752;75,7
Bund;Summe;1972 - 1976;4084033;2715891;1368141;3191596;1885807;1305789;78,1
Bund;Summe;1962 - 1971;11820527;7244511;4576016;9483921;5116158;4367763;80,2
Bund;Summe;1952 - 1961;10450116;6118060;4332056;8367047;4232225;4134822;80,1
Bund;Summe;1951 und früher;13263648;7659529;5604118;9987648;4639555;5348093;75,3
Bund;m;Summe;29685636;18942032;10743605;22757297;12502778;10254519;76,7
Bund;m;2001 - 2003;1013663;747531;266131;698770;444615;254155;68,9
Bund;m;1997 - 2000;1552460;1063009;489451;1087619;620124;467494;70,1
Bund;m;1992 - 1996;1905371;1252829;652543;1347081;724021;623060;70,7
Bund;m;1987 - 1991;2211330;1456570;754759;1600602;880343;720259;72,4
Bund;m;1982 - 1986;2193390;1481246;712144;1616223;936710;679514;73,7
Bund;m;1977 - 1981;2112045;1448988;663057;1577569;944868;632701;74,7
Bund;m;1972 - 1976;2036417;1402452;633965;1569863;964786;605078;77,1
Bund;m;1962 - 1971;5916125;3780195;2135931;4710871;2672161;2038711;79,6
Bund;m;1952 - 1961;5086950;3060582;2026368;4077215;2142985;1934230;80,2
Bund;m;1951 und früher;5657885;3248629;2409256;4471483;2172165;2299318;79,0
Bund;w;Summe;31495436;18897619;12597816;24097211;12074096;12023115;76,5
Bund;w;2001 - 2003;946646;644055;302591;683574;394597;288977;72,2
Bund;w;1997 - 2000;1467278;891754;575524;1063325;513818;549508;72,5
Bund;w;1992 - 1996;1811243;1058121;753123;1341967;623043;718924;74,1
Bund;w;1987 - 1991;2139823;1315673;824150;1595073;808717;786356;74,5
Bund;w;1982 - 1986;2126509;1369588;756921;1614341;892173;722167;75,9
Bund;w;1977 - 1981;2082991;1372295;710696;1598151;920100;678051;76,7
Bund;w;1972 - 1976;2047616;1313440;734176;1621733;921022;700712;79,2
Bund;w;1962 - 1971;5904401;3464316;2440085;4773049;2443997;2329052;80,8
Bund;w;1952 - 1961;5363167;3057478;2305689;4289832;2089240;2200592;80,0
Bund;w;1951 und früher;7605763;4410900;3194862;5516165;2467390;3048776;72,5
SH;Summe;Summe;2272717;1651400;621317;1776145;1184015;592130;78,2
SH;Summe;2001 - 2003;71532;57305;14227;53641;40082;13559;75,0
SH;Summe;1997 - 2000;112305;85332;26974;81649;55943;25706;72,7
SH;Summe;1992 - 1996;143101;105299;37802;103029;67003;36026;72,0
SH;Summe;1987 - 1991;150657;115382;35275;108633;75015;33618;72,1
SH;Summe;1982 - 1986;146619;113159;33459;110084;78197;31887;75,1
SH;Summe;1977 - 1981;145044;111774;33270;111625;79919;31707;77,0
SH;Summe;1972 - 1976;152239;117621;34618;120268;87276;32992;79,0
SH;Summe;1962 - 1971;463182;340513;122669;375880;258973;116906;81,2
SH;Summe;1952 - 1961;377729;259322;118406;308211;195367;112844;81,6
SH;Summe;1951 und früher;510309;345692;164617;403124;246240;156884;79,0
SH;m;Summe;1102467;815614;286853;860208;586830;273378;78,0
SH;m;2001 - 2003;35375;29224;6151;26362;20500;5862;74,5
SH;m;1997 - 2000;57092;45011;12081;40234;28721;11513;70,5
SH;m;1992 - 1996;73811;56354;17457;51117;34480;16637;69,3
SH;m;1987 - 1991;78457;61001;17456;55998;39362;16636;71,4
SH;m;1982 - 1986;72396;56118;16278;52956;37443;15513;73,1
SH;m;1977 - 1981;71340;55137;16203;53962;38520;15442;75,6
SH;m;1972 - 1976;74997;59067;15930;58605;43424;15181;78,1
SH;m;1962 - 1971;229750;172598;57153;184939;130471;54468;80,5
SH;m;1952 - 1961;183170;128040;55130;149698;97158;52540;81,7
SH;m;1951 und früher;226079;153064;73015;186336;116751;69585;82,4
SH;w;Summe;1170250;835786;334464;915937;597185;318752;78,3
SH;w;2001 - 2003;36156;28081;8076;27279;19583;7696;75,4
SH;w;1997 - 2000;55214;40321;14893;41415;27222;14193;75,0
SH;w;1992 - 1996;69290;48945;20345;51912;32523;19389;74,9
SH;w;1987 - 1991;72200;54381;17819;52635;35653;16982;72,9
SH;w;1982 - 1986;74222;57041;17181;57128;40754;16374;77,0
SH;w;1977 - 1981;73704;56638;17067;57663;41398;16265;78,2
SH;w;1972 - 1976;77242;58554;18688;61663;43853;17810;79,8
SH;w;1962 - 1971;233432;167916;65516;190941;128503;62439;81,8
SH;w;1952 - 1961;194559;131282;63277;158513;98209;60304;81,5
SH;w;1951 und früher;284230;192627;91603;216788;129489;87299;76,3
HH;Summe;Summe;1298792;751885;546907;1011044;485362;525682;77,8
HH;Summe;2001 - 2003;39773;29072;10700;28198;17913;10285;70,9
HH;Summe;1997 - 2000;77541;49837;27705;58015;31386;26629;74,8
HH;Summe;1992 - 1996;115047;62445;52602;88798;38238;50561;77,2
HH;Summe;1987 - 1991;130247;72101;58146;100830;44940;55890;77,4
HH;Summe;1982 - 1986;114028;65322;48706;88567;41751;46816;77,7
HH;Summe;1977 - 1981;105349;63552;41797;82848;42673;40175;78,6
HH;Summe;1972 - 1976;94280;58756;35523;74759;40615;34145;79,3
HH;Summe;1962 - 1971;235512;139350;96162;188955;96524;92430;80,2
HH;Summe;1952 - 1961;171860;95815;76045;135155;62061;73094;78,6
HH;Summe;1951 und früher;215154;115634;99519;164918;69261;95657;76,7
HH;m;Summe;625207;380139;245068;480193;244635;235557;76,8
HH;m;2001 - 2003;19400;14893;4507;13062;8731;4332;67,3
HH;m;1997 - 2000;41090;27658;13432;30412;17501;12910;74,0
HH;m;1992 - 1996;54193;32327;21866;40208;19190;21018;74,2
HH;m;1987 - 1991;63680;37993;25686;47439;22750;24689;74,5
HH;m;1982 - 1986;57114;33556;23558;43549;20905;22644;76,2
HH;m;1977 - 1981;51944;32679;19265;40127;21610;18517;77,3
HH;m;1972 - 1976;46677;30189;16488;36338;20490;15848;77,8
HH;m;1962 - 1971;117195;72762;44433;93148;50440;42708;79,5
HH;m;1952 - 1961;82709;48472;34237;64192;31284;32908;77,6
HH;m;1951 und früher;91206;49609;41597;71717;31734;39983;78,6
HH;w;Summe;673585;371746;301839;530851;240727;290125;78,8
HH;w;2001 - 2003;20373;14180;6194;15136;9182;5953;74,3
HH;w;1997 - 2000;36451;22179;14273;27603;13885;13719;75,7
HH;w;1992 - 1996;60854;30119;30736;48591;19048;29543;79,8
HH;w;1987 - 1991;66568;34107;32460;53391;22191;31200;80,2
HH;w;1982 - 1986;56915;31766;25148;45018;20846;24172;79,1
HH;w;1977 - 1981;53405;30873;22532;42721;21063;21658;80,0
HH;w;1972 - 1976;47603;28567;19036;38421;20125;18297;80,7
HH;w;1962 - 1971;118317;66588;51730;95806;46084;49722;81,0
HH;w;1952 - 1961;89151;47343;41808;70962;30777;40186;79,6
HH;w;1951 und früher;123947;66025;57922;93201;37527;55674;75,2
NI;Summe;Summe;6105381;4490772;1614609;4563142;3024204;1538938;74,7
NI;Summe;2001 - 2003;215451;174521;40930;147710;108699;39012;68,6
NI;Summe;1997 - 2000;303919;232349;71569;203277;135062;68215;66,9
NI;Summe;1992 - 1996;382945;289973;92972;264788;176174;88615;69,1
NI;Summe;1987 - 1991;410069;315343;94726;282105;191819;90286;68,8
NI;Summe;1982 - 1986;410037;320145;89891;294916;209238;85678;71,9
NI;Summe;1977 - 1981;402273;319619;82654;293742;214962;78780;73,0
NI;Summe;1972 - 1976;422850;331475;91375;321190;234097;87092;76,0
NI;Summe;1962 - 1971;1200811;879375;321436;936470;630099;306371;78,0
NI;Summe;1952 - 1961;1029118;714806;314313;815267;515685;299582;79,2
NI;Summe;1951 und früher;1327908;913165;414743;1003676;608370;395306;75,6
NI;m;Summe;2959789;2218030;741760;2207771;1500775;706996;74,6
NI;m;2001 - 2003;112640;93097;19543;73018;54391;18627;64,8
NI;m;1997 - 2000;152495;121615;30880;100076;70644;29433;65,6
NI;m;1992 - 1996;194019;151653;42366;131199;90819;40380;67,6
NI;m;1987 - 1991;209232;163894;45337;140819;97607;43212;67,3
NI;m;1982 - 1986;207895;163422;44473;146687;104298;42388;70,6
NI;m;1977 - 1981;197520;157445;40074;142207;104010;38196;72,0
NI;m;1972 - 1976;207026;165318;41708;153333;113579;39754;74,1
NI;m;1962 - 1971;598978;450809;148169;464313;323088;141225;77,5
NI;m;1952 - 1961;501106;354499;146607;395944;256208;139736;79,0
NI;m;1951 und früher;578879;396277;182603;460176;286131;174045;79,5
NI;w;Summe;3145592;2272742;872849;2355371;1523429;831942;74,9
NI;w;2001 - 2003;102811;81425;21387;74692;54308;20384;72,6
NI;w;1997 - 2000;151424;110734;40690;103201;64418;38783;68,2
NI;w;1992 - 1996;188926;138320;50606;133590;85355;48235;70,7
NI;w;1987 - 1991;200837;151449;49389;141286;94212;47074;70,3
NI;w;1982 - 1986;202142;156723;45419;148229;104940;43290;73,3
NI;w;1977 - 1981;204754;162174;42580;151536;110951;40584;74,0
NI;w;1972 - 1976;215824;166157;49666;167857;120518;47339;77,8
NI;w;1962 - 1971;601833;428566;173267;472157;307010;165147;78,5
NI;w;1952 - 1961;528012;360306;167706;419323;259477;159846;79,4
NI;w;1951 und früher;749029;516888;232141;543500;322239;221261;72,6
HB;Summe;Summe;459749;298188;161561;330431;176365;154066;71,9
HB;Summe;2001 - 2003;14318;11751;2567;8851;6403;2448;61,8
HB;Summe;1997 - 2000;25830;18791;7039;16886;10173;6712;65,4
HB;Summe;1992 - 1996;33322;22440;10883;22743;12365;10378;68,3
HB;Summe;1987 - 1991;35927;23758;12168;24473;12869;11604;68,1
HB;Summe;1982 - 1986;31812;21665;10147;22145;12469;9676;69,6
HB;Summe;1977 - 1981;29801;20754;9047;20640;12013;8627;69,3
HB;Summe;1972 - 1976;29327;21216;8111;20737;13002;7734;70,7
HB;Summe;1962 - 1971;86099;56102;29997;64724;36119;28605;75,2
HB;Summe;1952 - 1961;73047;44319;28728;54879;27484;27395;75,1
HB;Summe;1951 und früher;100267;57392;42875;74354;33468;40886;74,2
HB;m;Summe;221798;149278;72520;156875;87720;69155;70,7
HB;m;2001 - 2003;7357;6034;1323;4369;3107;1262;59,4
HB;m;1997 - 2000;13055;10237;2818;8131;5443;2687;62,3
HB;m;1992 - 1996;16959;12148;4811;11027;6439;4588;65,0
HB;m;1987 - 1991;18342;12591;5752;12089;6605;5485;65,9
HB;m;1982 - 1986;15729;11070;4659;10732;6290;4443;68,2
HB;m;1977 - 1981;15320;10869;4451;10177;5933;4244;66,4
HB;m;1972 - 1976;14667;11083;3584;10040;6622;3418;68,5
HB;m;1962 - 1971;43152;29277;13874;31900;18670;13231;73,9
HB;m;1952 - 1961;35130;21982;13148;26271;13733;12538;74,8
HB;m;1951 und früher;42086;23987;18100;32138;14878;17260;76,4
HB;w;Summe;237951;148910;89041;173556;88645;84911;72,9
HB;w;2001 - 2003;6961;5718;1244;4482;3296;1186;64,4
HB;w;1997 - 2000;12775;8554;4221;8755;4730;4025;68,5
HB;w;1992 - 1996;16363;10292;6071;11717;5927;5790;71,6
HB;w;1987 - 1991;17585;11168;6417;12383;6264;6119;70,4
HB;w;1982 - 1986;16083;10595;5488;11413;6179;5234;71,0
HB;w;1977 - 1981;14480;9884;4596;10463;6080;4383;72,3
HB;w;1972 - 1976;14660;10133;4527;10696;6380;4317;73,0
HB;w;1962 - 1971;42947;26825;16122;32824;17449;15374;76,4
HB;w;1952 - 1961;37917;22337;15580;28608;13751;14857;75,4
HB;w;1951 und früher;58180;33405;24775;42215;18589;23626;72,6
NW;Summe;Summe;13040267;7986336;5053931;9960984;5132772;4828212;76,4
NW;Summe;2001 - 2003;434962;317157;117804;297757;185214;112543;68,5
NW;Summe;1997 - 2000;687913;463536;224377;480368;266012;214356;69,8
NW;Summe;1992 - 1996;867823;562513;305310;616467;324793;291674;71,0
NW;Summe;1987 - 1991;928929;601965;326964;661978;349617;312361;71,3
NW;Summe;1982 - 1986;882161;585283;296878;645078;361459;283619;73,1
NW;Summe;1977 - 1981;850734;571347;279387;633955;367046;266909;74,5
NW;Summe;1972 - 1976;854720;573495;281225;654958;386293;268665;76,6
NW;Summe;1962 - 1971;2577234;1566733;1010501;2069175;1103805;965370;80,3
NW;Summe;1952 - 1961;2220735;1249343;971392;1786849;858841;928008;80,5
NW;Summe;1951 und früher;2735055;1494963;1240092;2114399;929692;1184707;77,3
NW;m;Summe;6337728;4019734;2317995;4823647;2609179;2214468;76,1
NW;m;2001 - 2003;227722;171970;55752;153337;100075;53262;67,3
NW;m;1997 - 2000;354847;250832;104015;243334;143965;99369;68,6
NW;m;1992 - 1996;451676;309063;142613;311150;174907;136243;68,9
NW;m;1987 - 1991;473495;319255;154241;332433;185081;147352;70,2
NW;m;1982 - 1986;449630;304032;145597;321046;181951;139095;71,4
NW;m;1977 - 1981;424962;289934;135027;313648;184652;128997;73,8
NW;m;1972 - 1976;423445;294676;128769;319415;196397;123018;75,4
NW;m;1962 - 1971;1283819;812167;471652;1021084;570497;450587;79,5
NW;m;1952 - 1961;1081156;627211;453945;870975;437304;433671;80,6
NW;m;1951 und früher;1166976;640593;526383;937224;434351;502874;80,3
NW;w;Summe;6702539;3966602;2735936;5137337;2523593;2613744;76,6
NW;w;2001 - 2003;207239;145188;62052;144419;85139;59280;69,7
NW;w;1997 - 2000;333066;212704;120362;237034;122048;114987;71,2
NW;w;1992 - 1996;416147;253450;162697;305317;149886;155431;73,4
NW;w;1987 - 1991;455434;282710;172724;329546;164536;165010;72,4
NW;w;1982 - 1986;432532;281251;151281;324033;179508;144524;74,9
NW;w;1977 - 1981;425773;281413;144360;320306;182394;137913;75,2
NW;w;1972 - 1976;431275;278819;152456;335543;189896;145647;77,8
NW;w;1962 - 1971;1293415;754566;538849;1048091;533308;514782;81,0
NW;w;1952 - 1961;1139579;622132;517447;915873;421536;494337;80,4
NW;w;1951 und früher;1568079;854370;713709;1177175;495342;681833;75,1
HE;Summe;Summe;4383047;2586272;1796775;3340639;1623748;1716891;76,2
HE;Summe;2001 - 2003;144439;101583;42855;99074;58124;40950;68,6
HE;Summe;1997 - 2000;239496;155881;83616;169624;89726;79898;70,8
HE;Summe;1992 - 1996;293650;181178;112473;207448;99976;107472;70,6
HE;Summe;1987 - 1991;315771;197568;118203;229753;116806;112947;72,8
HE;Summe;1982 - 1986;300735;195012;105723;219265;118242;101022;72,9
HE;Summe;1977 - 1981;299510;197790;101720;223151;125953;97198;74,5
HE;Summe;1972 - 1976;294255;191316;102939;227616;129254;98362;77,4
HE;Summe;1962 - 1971;828962;481757;347204;666371;334603;331768;80,4
HE;Summe;1952 - 1961;716334;384464;331870;582735;265620;317115;81,3
HE;Summe;1951 und früher;949895;499723;450172;715602;285444;430158;75,3
HE;m;Summe;2106408;1284640;821768;1616358;831126;785233;76,7
HE;m;2001 - 2003;71847;52022;19825;47560;28616;18944;66,2
HE;m;1997 - 2000;119183;82740;36443;82979;48156;34822;69,6
HE;m;1992 - 1996;150680;98828;51852;104653;55106;49547;69,5
HE;m;1987 - 1991;154232;98605;55627;112335;59181;53154;72,8
HE;m;1982 - 1986;149194;100681;48512;107894;61539;46355;72,3
HE;m;1977 - 1981;148265;99863;48402;109736;63486;46250;74,0
HE;m;1972 - 1976;148841;101562;47279;112418;67241;45177;75,5
HE;m;1962 - 1971;413781;251981;161800;332550;177943;154607;80,4
HE;m;1952 - 1961;347822;192924;154898;285768;137757;148011;82,2
HE;m;1951 und früher;402564;205434;197130;320467;132101;188366;79,6
HE;w;Summe;2276639;1301632;975007;1724281;792622;931658;75,7
HE;w;2001 - 2003;72592;49562;23030;51513;29507;22006;71,0
HE;w;1997 - 2000;120313;73140;47173;86646;41570;45076;72,0
HE;w;1992 - 1996;142970;82349;60621;102796;44870;57926;71,9
HE;w;1987 - 1991;161539;98963;62575;117419;57625;59793;72,7
HE;w;1982 - 1986;151541;94331;57210;111371;56704;54667;73,5
HE;w;1977 - 1981;151245;97927;53318;113414;62467;50948;75,0
HE;w;1972 - 1976;145414;89754;55660;115198;62013;53185;79,2
HE;w;1962 - 1971;415181;229776;185404;333821;156660;177161;80,4
HE;w;1952 - 1961;368513;191540;176972;296968;127863;169104;80,6
HE;w;1951 und früher;547331;294289;253042;395135;153343;241792;72,2
RP;Summe;Summe;3053335;1548994;1504341;2357021;918037;1438984;77,2
RP;Summe;2001 - 2003;96901;59954;36947;69089;33748;35342;71,3
RP;Summe;1997 - 2000;160351;91079;69271;112718;46456;66262;70,3
RP;Summe;1992 - 1996;192891;106960;85931;136939;54741;82197;71,0
RP;Summe;1987 - 1991;209601;117984;91617;150325;62689;87637;71,7
RP;Summe;1982 - 1986;203845;116675;87170;151197;67814;83383;74,2
RP;Summe;1977 - 1981;199966;113456;86510;152036;69285;82752;76,0
RP;Summe;1972 - 1976;197977;111385;86592;155482;72652;82830;78,5
RP;Summe;1962 - 1971;593695;293531;300164;485454;198331;287123;81,8
RP;Summe;1952 - 1961;539158;247865;291293;435059;156421;278637;80,7
RP;Summe;1951 und früher;658951;290104;368846;508723;155901;352822;77,2
RP;m;Summe;1493771;797193;696578;1154678;488363;666315;77,3
RP;m;2001 - 2003;50382;32997;17385;35579;18950;16630;70,6
RP;m;1997 - 2000;83690;50620;33070;58488;26855;31633;69,9
RP;m;1992 - 1996;100460;60250;40210;69799;31336;38463;69,5
RP;m;1987 - 1991;106644;63089;43555;75044;33381;41663;70,4
RP;m;1982 - 1986;102564;60591;41973;75848;35698;40149;74,0
RP;m;1977 - 1981;99771;58756;41016;75636;36403;39234;75,8
RP;m;1972 - 1976;98040;57600;40440;76236;37553;38683;77,8
RP;m;1962 - 1971;297138;157895;139243;242050;108856;133193;81,5
RP;m;1952 - 1961;269107;129870;139237;216895;83707;133188;80,6
RP;m;1951 und früher;285976;125525;160450;229103;75624;153480;80,1
RP;w;Summe;1559564;751801;807763;1202343;429674;772669;77,1
RP;w;2001 - 2003;46519;26957;19562;33510;14798;18712;72,0
RP;w;1997 - 2000;76661;40459;36202;54229;19601;34629;70,7
RP;w;1992 - 1996;92431;46710;45721;67140;23405;43734;72,6
RP;w;1987 - 1991;102957;54895;48062;75281;29307;45974;73,1
RP;w;1982 - 1986;101281;56084;45197;75349;32116;43233;74,4
RP;w;1977 - 1981;100195;54701;45494;76400;32882;43518;76,3
RP;w;1972 - 1976;99937;53784;46153;79246;35099;44147;79,3
RP;w;1962 - 1971;296557;135636;160921;243404;89474;153930;82,1
RP;w;1952 - 1961;270051;117995;152056;218164;72714;145450;80,8
RP;w;1951 und früher;372975;164579;208396;279619;80277;199342;75,0
BW;Summe;Summe;7711531;4539786;3171745;5997317;2961967;3035350;77,8
BW;Summe;2001 - 2003;268415;184554;83861;191994;111739;80255;71,5
BW;Summe;1997 - 2000;416628;252416;164212;304243;147093;157150;73,0
BW;Summe;1992 - 1996;516042;301271;214770;385837;180303;205534;74,8
BW;Summe;1987 - 1991;555846;327605;228240;423671;205246;218425;76,2
BW;Summe;1982 - 1986;533148;335914;197233;412281;223529;188752;77,3
BW;Summe;1977 - 1981;511784;338352;173432;391264;225291;165974;76,5
BW;Summe;1972 - 1976;515641;335553;180088;408817;236473;172344;79,3
BW;Summe;1962 - 1971;1499832;877868;621964;1230968;635750;595218;82,1
BW;Summe;1952 - 1961;1284141;704107;580034;1044062;488971;555091;81,3
BW;Summe;1951 und früher;1610056;882147;727909;1204179;507573;696607;74,8
BW;m;Summe;3766639;2285640;1480999;2953474;1536162;1417312;78,4
BW;m;2001 - 2003;139077;100365;38712;98336;61289;37047;70,7
BW;m;1997 - 2000;217230;139674;77555;157355;83134;74220;72,4
BW;m;1992 - 1996;267981;166001;101980;197412;99818;97594;73,7
BW;m;1987 - 1991;285573;173020;112553;216221;108508;107713;75,7
BW;m;1982 - 1986;271520;175385;96134;208222;116221;92000;76,7
BW;m;1977 - 1981;255357;170210;85146;194658;113173;81485;76,2
BW;m;1972 - 1976;255575;171925;83649;201557;121505;80052;78,9
BW;m;1962 - 1971;756241;462473;293768;618653;337518;281135;81,8
BW;m;1952 - 1961;628185;355402;272783;513929;252876;261053;81,8
BW;m;1951 und früher;689903;371184;318719;547133;242121;305013;79,3
BW;w;Summe;3944892;2254146;1690746;3043843;1425805;1618038;77,2
BW;w;2001 - 2003;129338;84188;45150;93658;50450;43208;72,4
BW;w;1997 - 2000;199398;112742;86656;146888;63959;82930;73,7
BW;w;1992 - 1996;248061;135271;112790;188425;80485;107940;76,0
BW;w;1987 - 1991;270273;154586;115687;207451;96738;110712;76,8
BW;w;1982 - 1986;261628;160529;101099;204059;107308;96751;78,0
BW;w;1977 - 1981;256427;168142;88285;196607;112118;84489;76,7
BW;w;1972 - 1976;260066;163627;96439;207261;114969;92292;79,7
BW;w;1962 - 1971;743591;415394;328197;612316;298232;314083;82,3
BW;w;1952 - 1961;655956;348705;307251;530133;236095;294038;80,8
BW;w;1951 und früher;920153;510963;409190;657046;265452;391594;71,4
BY;Summe;Summe;9517664;4537450;4980214;7608980;2838667;4770313;79,9
BY;Summe;2001 - 2003;317849;178786;139063;239882;106680;133202;75,5
BY;Summe;1997 - 2000;481414;237663;243751;368304;134827;233477;76,5
BY;Summe;1992 - 1996;622570;291123;331447;479071;161593;317478;77,0
BY;Summe;1987 - 1991;696220;333319;362901;548884;201278;347606;78,8
BY;Summe;1982 - 1986;689511;348792;340719;542856;216497;326358;78,7
BY;Summe;1977 - 1981;671768;354234;317535;535481;231329;304151;79,7
BY;Summe;1972 - 1976;668812;346862;321951;544054;235673;308381;81,3
BY;Summe;1962 - 1971;1862988;870124;992864;1547469;596452;951018;83,1
BY;Summe;1952 - 1961;1569946;709539;860407;1296317;472173;824143;82,6
BY;Summe;1951 und früher;1936585;867008;1069577;1506663;482166;1024497;77,8
BY;m;Summe;4635606;2322871;2312734;3722611;1507351;2215260;80,3
BY;m;2001 - 2003;164725;99224;65502;121872;59131;62741;74,0
BY;m;1997 - 2000;246888;134305;112582;186878;79040;107837;75,7
BY;m;1992 - 1996;318622;162627;155994;241843;92424;149420;75,9
BY;m;1987 - 1991;355032;178632;176400;277202;108237;168965;78,1
BY;m;1982 - 1986;351425;185279;166145;273510;114367;159143;77,8
BY;m;1977 - 1981;338215;184881;153334;266709;119837;146872;78,9
BY;m;1972 - 1976;331593;180364;151229;268909;124055;144855;81,1
BY;m;1962 - 1971;926107;464000;462107;766229;323598;442631;82,7
BY;m;1952 - 1961;770810;364344;406466;639102;249768;389335;82,9
BY;m;1951 und früher;832189;369214;462975;680356;236894;443462;81,8
BY;w;Summe;4882058;2214579;2667480;3886369;1331316;2555053;79,6
BY;w;2001 - 2003;153124;79563;73561;118009;47549;70461;77,1
BY;w;1997 - 2000;234526;103358;131168;181426;55786;125640;77,4
BY;w;1992 - 1996;303948;128495;175453;237227;69169;168058;78,0
BY;w;1987 - 1991;341189;154687;186502;271682;93041;178641;79,6
BY;w;1982 - 1986;338086;163513;174573;269346;102130;167216;79,7
BY;w;1977 - 1981;333553;169353;164200;268772;111492;157280;80,6
BY;w;1972 - 1976;337219;166497;170722;275145;111618;163527;81,6
BY;w;1962 - 1971;936881;406124;530757;781240;272853;508387;83,4
BY;w;1952 - 1961;799136;345195;453941;657215;222406;434809;82,2
BY;w;1951 und früher;1104396;497794;606602;826307;245272;581035;74,8
SL;Summe;Summe;755223;508904;246319;583963;348087;235876;77,3
SL;Summe;2001 - 2003;21057;17122;3934;14417;10649;3768;68,5
SL;Summe;1997 - 2000;33432;24488;8945;23844;15278;8565;71,3
SL;Summe;1992 - 1996;44836;31690;13147;31462;18873;12589;70,2
SL;Summe;1987 - 1991;52007;38279;13728;38312;25166;13146;73,7
SL;Summe;1982 - 1986;49679;36826;12853;36965;24657;12308;74,4
SL;Summe;1977 - 1981;47417;35634;11783;36098;24814;11284;76,1
SL;Summe;1972 - 1976;44910;33738;11172;34294;23596;10698;76,4
SL;Summe;1962 - 1971;141096;95512;45584;114337;70685;43651;81,0
SL;Summe;1952 - 1961;145154;90887;54267;118859;66893;51966;81,9
SL;Summe;1951 und früher;175634;104727;70907;135377;67476;67900;77,1
SL;m;Summe;362076;251819;110257;281761;176179;105583;77,8
SL;m;2001 - 2003;10872;9198;1675;7332;5729;1604;67,4
SL;m;1997 - 2000;16524;12619;3905;11829;8090;3739;71,6
SL;m;1992 - 1996;22150;16326;5824;15622;10045;5577;70,5
SL;m;1987 - 1991;28027;21041;6986;20521;13832;6690;73,2
SL;m;1982 - 1986;25826;19417;6408;19074;12937;6137;73,9
SL;m;1977 - 1981;23888;18229;5659;18135;12716;5419;75,9
SL;m;1972 - 1976;22268;16965;5303;16728;11650;5078;75,1
SL;m;1962 - 1971;69441;48960;20482;55666;36053;19613;80,2
SL;m;1952 - 1961;69848;44924;24923;57283;33417;23867;82,0
SL;m;1951 und früher;73232;44139;29093;59570;31711;27860;81,3
SL;w;Summe;393147;257085;136062;302202;171908;130293;76,9
SL;w;2001 - 2003;10184;7925;2260;7084;4920;2164;69,6
SL;w;1997 - 2000;16909;11869;5040;12015;7189;4826;71,1
SL;w;1992 - 1996;22686;15363;7323;15840;8828;7012;69,8
SL;w;1987 - 1991;23980;17238;6742;17790;11334;6456;74,2
SL;w;1982 - 1986;23854;17409;6445;17892;11720;6172;75,0
SL;w;1977 - 1981;23530;17405;6125;17963;12098;5865;76,3
SL;w;1972 - 1976;22642;16773;5869;17566;11945;5620;77,6
SL;w;1962 - 1971;71655;46553;25102;58671;34633;24038;81,9
SL;w;1952 - 1961;75306;45963;29343;61575;33476;28099;81,8
SL;w;1951 und früher;102401;60588;41814;75806;35765;40041;74,0
BE;Summe;Summe;2468919;1505155;963764;1856903;968838;888065;75,2
BE;Summe;2001 - 2003;67253;51617;15636;46908;32501;14407;69,7
BE;Summe;1997 - 2000;110106;75968;34139;78195;46741;31455;71,0
BE;Summe;1992 - 1996;150800;91349;59451;113812;59035;54777;75,5
BE;Summe;1987 - 1991;214550;128863;85687;163284;84296;78988;76,1
BE;Summe;1982 - 1986;209493;129197;80296;160831;86800;74031;76,8
BE;Summe;1977 - 1981;193917;122023;71894;148603;82319;66285;76,6
BE;Summe;1972 - 1976;168310;108594;59716;134889;79843;55046;80,1
BE;Summe;1962 - 1971;450895;275846;175049;350412;189100;161311;77,7
BE;Summe;1952 - 1961;362425;212698;149727;270935;132987;137947;74,8
BE;Summe;1951 und früher;541169;309000;232169;389035;175217;213817;71,9
BE;m;Summe;1173671;742974;430698;874549;477666;396882;74,5
BE;m;2001 - 2003;33867;26627;7240;22802;16133;6670;67,3
BE;m;1997 - 2000;52431;38933;13499;35399;22961;12439;67,5
BE;m;1992 - 1996;73488;48645;24843;52895;30006;22889;72,0
BE;m;1987 - 1991;107318;67402;39915;79991;43200;36791;74,5
BE;m;1982 - 1986;105901;67540;38361;80483;45113;35370;76,0
BE;m;1977 - 1981;97381;64109;33271;72421;41744;30676;74,4
BE;m;1972 - 1976;82546;54611;27935;64992;39240;25752;78,7
BE;m;1962 - 1971;226287;143943;82344;172782;96897;75885;76,4
BE;m;1952 - 1961;173190;105564;67626;128787;66480;62307;74,4
BE;m;1951 und früher;221262;125598;95664;163997;75893;88104;74,1
BE;w;Summe;1295248;762181;533066;982354;491172;491183;75,8
BE;w;2001 - 2003;33387;24990;8396;24106;16368;7738;72,2
BE;w;1997 - 2000;57675;37035;20640;42796;23780;19016;74,2
BE;w;1992 - 1996;77312;42703;34609;60917;29029;31888;78,8
BE;w;1987 - 1991;107232;61460;45772;83293;41096;42197;77,7
BE;w;1982 - 1986;103592;61657;41935;80348;41686;38662;77,6
BE;w;1977 - 1981;96537;57914;38623;76183;40574;35608;78,9
BE;w;1972 - 1976;85764;53983;31781;69897;40603;29294;81,5
BE;w;1962 - 1971;224608;131903;92705;177629;92203;85426;79,1
BE;w;1952 - 1961;189235;107134;82101;142148;66508;75640;75,1
BE;w;1951 und früher;319907;183402;136505;225037;99324;125713;70,3
BE-O;Summe;Summe;1035769;636290;399479;782022;412736;369286;75,5
BE-O;Summe;2001 - 2003;24876;18539;6337;17772;11914;5858;71,4
BE-O;Summe;1997 - 2000;39800;26153;13647;29097;16482;12616;73,1
BE-O;Summe;1992 - 1996;55820;32078;23742;43644;21696;21948;78,2
BE-O;Summe;1987 - 1991;98421;56641;41781;75949;37327;38623;77,2
BE-O;Summe;1982 - 1986;104408;62766;41642;79947;41453;38494;76,6
BE-O;Summe;1977 - 1981;95090;57883;37207;73760;39366;34395;77,6
BE-O;Summe;1972 - 1976;79125;50429;28697;64301;37773;26528;81,3
BE-O;Summe;1962 - 1971;194297;119370;74927;151468;82204;69264;78,0
BE-O;Summe;1952 - 1961;151375;93130;58245;110642;56799;53843;73,1
BE-O;Summe;1951 und früher;192558;119303;73255;135441;67722;67718;70,3
BE-O;m;Summe;499486;318220;181266;374551;206985;167566;75,0
BE-O;m;2001 - 2003;12088;9423;2665;8491;6027;2464;70,2
BE-O;m;1997 - 2000;19561;13915;5646;13827;8608;5219;70,7
BE-O;m;1992 - 1996;25876;16100;9775;19502;10466;9036;75,4
BE-O;m;1987 - 1991;47518;28804;18713;36122;18823;17299;76,0
BE-O;m;1982 - 1986;53707;33527;20180;40840;22185;18654;76,0
BE-O;m;1977 - 1981;47750;30327;17422;35712;19607;16106;74,8
BE-O;m;1972 - 1976;40691;26926;13766;32441;19716;12725;79,7
BE-O;m;1962 - 1971;99852;63936;35915;76839;43638;33201;77,0
BE-O;m;1952 - 1961;72275;45648;26627;52755;28141;24614;73,0
BE-O;m;1951 und früher;80169;49612;30557;58023;29776;28247;72,4
BE-O;w;Summe;536283;318070;218213;407471;205751;201720;76,0
BE-O;w;2001 - 2003;12788;9116;3672;9282;5887;3395;72,6
BE-O;w;1997 - 2000;20239;12238;8001;15270;7874;7396;75,5
BE-O;w;1992 - 1996;29944;15977;13967;24142;11230;12911;80,6
BE-O;w;1987 - 1991;50903;27836;23067;39828;18504;21324;78,2
BE-O;w;1982 - 1986;50701;29239;21462;39107;19267;19840;77,1
BE-O;w;1977 - 1981;47340;27556;19784;38048;19759;18289;80,4
BE-O;w;1972 - 1976;38434;23503;14931;31860;18057;13803;82,9
BE-O;w;1962 - 1971;94445;55434;39011;74629;38566;36063;79,0
BE-O;w;1952 - 1961;79100;47482;31618;57887;28658;29228;73,2
BE-O;w;1951 und früher;112389;69690;42698;77418;37947;39471;68,9
BE-W;Summe;Summe;1433150;868865;564285;1074881;556102;518779;75,0
BE-W;Summe;2001 - 2003;42377;33079;9299;29136;20587;8549;68,8
BE-W;Summe;1997 - 2000;70307;49815;20492;49098;30259;18839;69,8
BE-W;Summe;1992 - 1996;94980;59271;35709;70168;37339;32829;73,9
BE-W;Summe;1987 - 1991;116129;72222;43907;87335;46969;40366;75,2
BE-W;Summe;1982 - 1986;105085;66431;38654;80884;45347;35537;77,0
BE-W;Summe;1977 - 1981;98827;64140;34687;74843;42953;31890;75,7
BE-W;Summe;1972 - 1976;89185;58165;31019;70588;42070;28518;79,1
BE-W;Summe;1962 - 1971;256598;156476;100122;198944;106896;92048;77,5
BE-W;Summe;1952 - 1961;211050;119568;91482;160292;76188;84105;75,9
BE-W;Summe;1951 und früher;348612;189697;158914;253594;107495;146099;72,7
BE-W;m;Summe;674185;424754;249432;499998;270681;229317;74,2
BE-W;m;2001 - 2003;21779;17204;4575;14311;10106;4206;65,7
BE-W;m;1997 - 2000;32871;25018;7853;21573;14353;7220;65,6
BE-W;m;1992 - 1996;47612;32545;15067;33393;19540;13852;70,1
BE-W;m;1987 - 1991;59800;38598;21202;43870;24377;19492;73,4
BE-W;m;1982 - 1986;52194;34013;18182;39643;22928;16715;76,0
BE-W;m;1977 - 1981;49631;33782;15849;36708;22137;14571;74,0
BE-W;m;1972 - 1976;41854;27685;14169;32550;19524;13027;77,8
BE-W;m;1962 - 1971;126435;80007;46428;95944;53260;42684;75,9
BE-W;m;1952 - 1961;100915;59916;40999;76032;38339;37693;75,3
BE-W;m;1951 und früher;141093;75986;65107;105974;46118;59857;75,1
BE-W;w;Summe;758965;444111;314853;574883;285421;289462;75,7
BE-W;w;2001 - 2003;20599;15874;4724;14824;10481;4343;72,0
BE-W;w;1997 - 2000;37436;24797;12639;27526;15906;11619;73,5
BE-W;w;1992 - 1996;47368;26726;20642;36775;17798;18977;77,6
BE-W;w;1987 - 1991;56329;33624;22704;43465;22591;20874;77,2
BE-W;w;1982 - 1986;52890;32418;20473;41241;22419;18822;78,0
BE-W;w;1977 - 1981;49196;30358;18838;38135;20815;17319;77,5
BE-W;w;1972 - 1976;47330;30480;16850;38038;22546;15491;80,4
BE-W;w;1962 - 1971;130163;76469;53694;103000;53637;49364;79,1
BE-W;w;1952 - 1961;110135;59652;50483;84261;37849;46411;76,5
BE-W;w;1951 und früher;207518;113711;93807;147619;61377;86242;71,1
BB;Summe;Summe;2048844;1479214;569630;1549464;1005878;543586;75,6
BB;Summe;2001 - 2003;53620;41193;12427;37173;25314;11859;69,3
BB;Summe;1997 - 2000;73866;53245;20622;51967;32289;19679;70,4
BB;Summe;1992 - 1996;71909;54830;17080;48413;32115;16299;67,3
BB;Summe;1987 - 1991;139334;105792;33542;100563;68554;32008;72,2
BB;Summe;1982 - 1986;163806;125823;37983;123314;87067;36246;75,3
BB;Summe;1977 - 1981;153230;114969;38261;116046;79534;36512;75,7
BB;Summe;1972 - 1976;130179;97128;33051;102517;70977;31540;78,8
BB;Summe;1962 - 1971;395493;277298;118195;310704;197913;112791;78,6
BB;Summe;1952 - 1961;388133;272875;115258;306132;196143;109989;78,9
BB;Summe;1951 und früher;479273;336061;143211;352636;215972;136664;73,6
BB;m;Summe;989533;729134;260400;746497;498003;248494;75,4
BB;m;2001 - 2003;27266;21262;6004;18547;12818;5730;68,0
BB;m;1997 - 2000;40188;29767;10420;27605;17661;9944;68,7
BB;m;1992 - 1996;36902;28632;8269;24380;16489;7891;66,1
BB;m;1987 - 1991;69420;53879;15541;48621;33790;14831;70,0
BB;m;1982 - 1986;82047;64782;17265;61086;44610;16476;74,5
BB;m;1977 - 1981;79245;61109;18136;58061;40754;17307;73,3
BB;m;1972 - 1976;65582;50725;14857;51054;36877;14178;77,8
BB;m;1962 - 1971;199323;143348;55975;154260;100844;53416;77,4
BB;m;1952 - 1961;188753;134279;54474;148376;96392;51983;78,6
BB;m;1951 und früher;200808;141352;59456;154506;97768;56738;76,9
BB;w;Summe;1059311;750080;309230;802967;507875;295092;75,8
BB;w;2001 - 2003;26354;19931;6422;18626;12497;6129;70,7
BB;w;1997 - 2000;33678;23477;10201;24362;14627;9735;72,3
BB;w;1992 - 1996;35008;26197;8810;24033;15626;8407;68,7
BB;w;1987 - 1991;69914;51913;18001;51942;34764;17178;74,3
BB;w;1982 - 1986;81759;61042;20718;62228;42457;19771;76,1
BB;w;1977 - 1981;73985;53860;20125;57985;38780;19205;78,4
BB;w;1972 - 1976;64598;46404;18194;51462;34100;17362;79,7
BB;w;1962 - 1971;196170;133950;62220;156444;97069;59375;79,7
BB;w;1952 - 1961;199380;138596;60784;157756;99751;58005;79,1
BB;w;1951 und früher;278465;194710;83755;198130;118204;79926;71,2
MV;Summe;Summe;1314435;960639;353796;935040;607393;327647;71,1
MV;Summe;2001 - 2003;34087;26252;7836;21798;14542;7257;63,9
MV;Summe;1997 - 2000;46515;34687;11829;30051;19096;10954;64,6
MV;Summe;1992 - 1996;46315;34379;11936;29778;18724;11054;64,3
MV;Summe;1987 - 1991;87862;67961;19901;59303;40873;18430;67,5
MV;Summe;1982 - 1986;96697;75301;21396;64627;44813;19815;66,8
MV;Summe;1977 - 1981;100547;78243;22304;69216;48560;20655;68,8
MV;Summe;1972 - 1976;82110;61318;20792;59484;40229;19256;72,4
MV;Summe;1962 - 1971;249710;178288;71422;186251;120108;66143;74,6
MV;Summe;1952 - 1961;274777;193353;81424;208029;132623;75406;75,7
MV;Summe;1951 und früher;295815;210859;84957;206503;127825;78678;69,8
MV;m;Summe;635721;474624;161097;450473;301283;149190;70,9
MV;m;2001 - 2003;17776;14082;3694;11326;7905;3421;63,7
MV;m;1997 - 2000;24040;18570;5470;15065;9999;5066;62,7
MV;m;1992 - 1996;23937;18007;5930;15293;9801;5492;63,9
MV;m;1987 - 1991;42866;34245;8621;28505;20521;7984;66,5
MV;m;1982 - 1986;49423;39425;9998;32323;23064;9259;65,4
MV;m;1977 - 1981;52631;41940;10690;34845;24944;9900;66,2
MV;m;1972 - 1976;42305;32809;9496;29748;20953;8794;70,3
MV;m;1962 - 1971;125617;92244;33373;92189;61284;30906;73,4
MV;m;1952 - 1961;132031;95008;37023;99075;64789;34287;75,0
MV;m;1951 und früher;125095;88293;36802;92104;58022;34082;73,6
MV;w;Summe;678714;486015;192699;484567;306110;178457;71,4
MV;w;2001 - 2003;16312;12170;4142;10472;6636;3836;64,2
MV;w;1997 - 2000;22475;16117;6359;14986;9097;5889;66,7
MV;w;1992 - 1996;22378;16372;6006;14485;8924;5562;64,7
MV;w;1987 - 1991;44996;33716;11280;30798;20352;10446;68,4
MV;w;1982 - 1986;47273;35875;11398;32304;21748;10556;68,3
MV;w;1977 - 1981;47916;36302;11614;34371;23616;10755;71,7
MV;w;1972 - 1976;39805;28509;11296;29737;19275;10462;74,7
MV;w;1962 - 1971;124093;86044;38049;94062;58825;35237;75,8
MV;w;1952 - 1961;142746;98345;44401;108953;67834;41119;76,3
MV;w;1951 und früher;170720;122566;48154;114399;69803;44595;67,0
SN;Summe;Summe;3253667;2368212;885455;2488954;1639855;849099;76,5
SN;Summe;2001 - 2003;92524;69958;22566;67955;46316;21639;73,4
SN;Summe;1997 - 2000;135229;91236;43993;97530;55343;42186;72,1
SN;Summe;1992 - 1996;118942;85173;33769;86551;54169;32383;72,8
SN;Summe;1987 - 1991;210554;156273;54282;158176;106123;52053;75,1
SN;Summe;1982 - 1986;236927;179913;57014;182614;127941;54673;77,1
SN;Summe;1977 - 1981;239158;183230;55928;186565;132934;53631;78,0
SN;Summe;1972 - 1976;210220;158203;52017;166785;116904;49881;79,3
SN;Summe;1962 - 1971;574927;421581;153346;459165;312115;147050;79,9
SN;Summe;1952 - 1961;606361;439071;167290;481465;321044;160421;79,4
SN;Summe;1951 und früher;828826;583574;245252;602148;366966;235182;72,7
SN;m;Summe;1585849;1176925;408924;1217652;825518;392134;76,8
SN;m;2001 - 2003;49158;38239;10919;35423;24952;10470;72,1
SN;m;1997 - 2000;72464;51534;20930;51716;31645;20071;71,4
SN;m;1992 - 1996;60774;44745;16029;43700;28329;15371;71,9
SN;m;1987 - 1991;107141;81234;25907;79444;54600;24843;74,1
SN;m;1982 - 1986;123266;95413;27853;93309;66600;26709;75,7
SN;m;1977 - 1981;127187;98857;28330;97158;69991;27167;76,4
SN;m;1972 - 1976;108673;84679;23994;85065;62056;23009;78,3
SN;m;1962 - 1971;293873;220932;72941;232107;162161;69946;79,0
SN;m;1952 - 1961;290158;212676;77483;229598;155297;74301;79,1
SN;m;1951 und früher;353155;248617;104539;270133;169887;100246;76,5
SN;w;Summe;1667818;1191287;476531;1271302;814337;456965;76,2
SN;w;2001 - 2003;43365;31718;11647;32532;21364;11169;75,0
SN;w;1997 - 2000;62765;39702;23063;45814;23698;22116;73,0
SN;w;1992 - 1996;58168;40428;17740;42852;25840;17012;73,7
SN;w;1987 - 1991;103413;75039;28374;78732;51523;27209;76,1
SN;w;1982 - 1986;113661;84500;29161;89305;61341;27964;78,6
SN;w;1977 - 1981;111971;84373;27598;89407;62943;26465;79,8
SN;w;1972 - 1976;101547;73524;28023;81720;54848;26872;80,5
SN;w;1962 - 1971;281054;200649;80405;227057;149954;77104;80,8
SN;w;1952 - 1961;316203;226396;89807;251867;165747;86119;79,7
SN;w;1951 und früher;475670;334957;140713;332015;197080;134935;69,8
ST;Summe;Summe;1789775;1352940;436835;1214761;797833;416928;67,9
ST;Summe;2001 - 2003;43565;35560;8005;26697;19057;7640;61,3
ST;Summe;1997 - 2000;56351;43934;12417;33108;21257;11851;58,8
ST;Summe;1992 - 1996;59634;46826;12808;35518;23293;12224;59,6
ST;Summe;1987 - 1991;109830;87352;22478;70544;49090;21454;64,2
ST;Summe;1982 - 1986;123800;98205;25595;81289;56860;24428;65,7
ST;Summe;1977 - 1981;122434;98002;24431;83524;60207;23318;68,2
ST;Summe;1972 - 1976;106763;82925;23838;77941;55189;22752;73,0
ST;Summe;1962 - 1971;342379;254732;87647;246399;162746;83653;72,0
ST;Summe;1952 - 1961;348703;251844;96859;255492;163046;92445;73,3
ST;Summe;1951 und früher;476315;353559;122756;304250;187088;117162;63,9
ST;m;Summe;860062;661633;198429;586813;397427;189386;68,2
ST;m;2001 - 2003;23072;19410;3661;13918;10424;3494;60,3
ST;m;1997 - 2000;30272;24428;5844;16842;11265;5577;55,6
ST;m;1992 - 1996;30372;24423;5949;17227;11549;5678;56,7
ST;m;1987 - 1991;58065;47265;10800;36040;25732;10308;62,1
ST;m;1982 - 1986;63587;50635;12952;41282;28920;12362;64,9
ST;m;1977 - 1981;63997;51813;12183;42688;31060;11628;66,7
ST;m;1972 - 1976;56142;44661;11481;40741;29783;10958;72,6
ST;m;1962 - 1971;174225;133439;40787;122827;83899;38928;70,5
ST;m;1952 - 1961;167846;123471;44375;122287;79934;42353;72,9
ST;m;1951 und früher;192485;142087;50397;132961;84861;48101;69,1
ST;w;Summe;929713;691307;238406;627948;400406;227542;67,5
ST;w;2001 - 2003;20494;16150;4344;12779;8634;4146;62,4
ST;w;1997 - 2000;26079;19506;6574;16266;9992;6274;62,4
ST;w;1992 - 1996;29262;22403;6859;18291;11744;6547;62,5
ST;w;1987 - 1991;51765;40087;11678;34504;23358;11146;66,7
ST;w;1982 - 1986;60213;47570;12643;40007;27940;12067;66,4
ST;w;1977 - 1981;58437;46189;12248;40836;29146;11690;69,9
ST;w;1972 - 1976;50622;38264;12357;37200;25406;11794;73,5
ST;w;1962 - 1971;168154;121294;46860;123571;78847;44725;73,5
ST;w;1952 - 1961;180857;128373;52485;133205;83112;50093;73,7
ST;w;1951 und früher;283830;211471;72359;171289;102227;69061;60,3
TH;Summe;Summe;1707726;1273504;434222;1279720;863853;415867;74,9
TH;Summe;2001 - 2003;44562;35198;9364;31201;22232;8968;70,0
TH;Summe;1997 - 2000;58840;44322;14518;41165;27260;13904;70,0
TH;Summe;1992 - 1996;56787;43502;13286;38393;25669;12724;67,6
TH;Summe;1987 - 1991;103747;82696;21050;74841;54680;20160;72,1
TH;Summe;1982 - 1986;127602;103600;24002;94535;71548;22987;74,1
TH;Summe;1977 - 1981;122104;98303;23800;90925;68131;22794;74,5
TH;Summe;1972 - 1976;111439;86306;25132;87806;63736;24070;78,8
TH;Summe;1962 - 1971;317712;235900;81812;251189;172835;78354;79,1
TH;Summe;1952 - 1961;342496;247753;94743;267603;176865;90738;78,1
TH;Summe;1951 und früher;422438;295923;126515;302063;180895;121167;71,5
TH;m;Summe;829310;631785;197525;623737;434561;189175;75,2
TH;m;2001 - 2003;23127;18889;4238;15925;11866;4059;68,9
TH;m;1997 - 2000;30973;24466;6508;21276;15043;6233;68,7
TH;m;1992 - 1996;29349;22799;6550;19557;13284;6273;66,6
TH;m;1987 - 1991;53806;43424;10382;37901;27957;9943;70,4
TH;m;1982 - 1986;65874;53898;11977;48224;36753;11470;73,2
TH;m;1977 - 1981;65024;53156;11868;47401;36034;11367;72,9
TH;m;1972 - 1976;58041;46217;11824;44686;33362;11324;77,0
TH;m;1962 - 1971;161198;123367;37831;126174;89942;36232;78,3
TH;m;1952 - 1961;165929;121916;44013;129034;86882;42153;77,8
TH;m;1951 und früher;175988;123655;52333;133560;83439;50121;75,9
TH;w;Summe;878416;641719;236697;655983;429292;226692;74,7
TH;w;2001 - 2003;21435;16309;5126;15276;10367;4909;71,3
TH;w;1997 - 2000;27867;19857;8010;19889;12217;7672;71,4
TH;w;1992 - 1996;27439;20703;6736;18836;12385;6451;68,6
TH;w;1987 - 1991;49941;39273;10668;36940;26723;10217;74,0
TH;w;1982 - 1986;61727;49702;12025;46311;34794;11517;75,0
TH;w;1977 - 1981;57080;45148;11932;43525;32097;11428;76,3
TH;w;1972 - 1976;53398;40089;13308;43120;30374;12746;80,8
TH;w;1962 - 1971;156513;112533;43980;125015;82893;42121;79,9
TH;w;1952 - 1961;176567;125837;50730;138569;89984;48585;78,5
TH;w;1951 und früher;246449;172268;74182;168503;97457;71046;68,4
