# (c) Der Bundeswahlleiter, Statistisches Bundesamt (Destatis), 2022;;;;;;;;;;;;;;;
# Datenlizenz Deutschland – Namensnennung – Version 2.0 (https://www.govdata.de/dl-de/by-2-0);;;;;;;;;;;;;;;
# ;;;;;;;;;;;;;;;
# Wahl zum 20. Deutschen Bundestag (26. September 2021);;;;;;;;;;;;;;;
# Ergebnisse der repräsentativen Wahlstatistik;;;;;;;;;;;;;;;
# Stimmabgabe nach Geschlecht und Geburtsjahresgruppen in den Ländern;;;;;;;;;;;;;;;
# ;;;;;;;;;;;;;;;
# Die Ergebnisse der Männer beinhalten auch die Ergebnisse der Personen mit dem Geschlechtsmerkmal 'divers' als auch derjenigen ohne Geschlechtseintrag im Geburtenregister.;;;;;;;;;;;;;;;
# Erläuterungen zur Methodik siehe Dokument 'Allgemeine und methodische Hinweise zur repräsentativen Wahlstatistik der Bundestagswahl 2021'.;;;;;;;;;;;;;;;
# Durch Auf- bzw. Abrundungen können sich in der Endsumme geringfügige Abweichungen ergeben.;;;;;;;;;;;;;;;
# Aus methodischen Gründen weichen in einigen Ländern die Summen der Parteien vom amtlichen Endergebnis geringfügig ab.;;;;;;;;;;;;;;;
# ;;;;;;;;;;;;;;;
Land;Erst-/Zweitstimme;Geschlecht;Geburtsjahresgruppe;Summe;Ungültig;CDU;SPD;AfD;FDP;DIE LINKE;GRÜNE;CSU;Sonstige;dar. FREIE WÄHLER;dar. dieBasis
Bund;1;Summe;Summe;46854508;492495;10451524;12234690;4695611;4042951;2307536;6469081;2788048;3372572;1316686;734011
Bund;1;Summe;1997 – 2003;3524799;25512;434605;667343;218003;592862;276324;816458;132261;361432;106749;48258
Bund;1;Summe;1987 – 1996;5992701;44955;835239;1203503;588419;718457;407852;1289831;253494;650951;224446;111570
Bund;1;Summe;1977 – 1986;6466965;51452;1197212;1342590;880187;609213;323578;1081171;332210;649352;242994;155238
Bund;1;Summe;1962 – 1976;12604097;111747;2721637;3171648;1559505;1051192;523633;1738183;727673;998879;416490;257493
Bund;1;Summe;1952 – 1961;8435960;95625;1965006;2607468;882411;546049;394588;944474;553345;446994;205410;105472
Bund;1;Summe;1951 und früher;9829986;163203;3297825;3242137;567086;525178;381561;598964;789066;264964;120596;55981
Bund;1;m;Summe;22734708;220270;4982359;5737028;2854612;2110369;1107736;2831007;1344645;1546681;613091;294789
Bund;1;m;1997 – 2003;1771704;11797;226552;323416;132304;368718;114541;342015;70142;182219;52641;22052
Bund;1;m;1987 – 1996;3002958;22548;421268;584832;348089;416227;199337;557623;130911;322122;107029;47848
Bund;1;m;1977 – 1986;3206665;23389;585876;627164;540189;314688;160716;486298;163113;305233;113905;64151
Bund;1;m;1962 – 1976;6242161;51397;1388481;1502373;971810;513769;251947;757532;366112;438740;193687;101234
Bund;1;m;1952 – 1961;4138983;44379;936097;1262999;532726;266245;194510;428381;275965;197682;97385;41015
Bund;1;m;1951 und früher;4372237;66761;1424086;1436243;329494;230722;186686;259160;338401;100685;48443;18490
Bund;1;w;Summe;24119800;272225;5469165;6497662;1840999;1932582;1199800;3638074;1443403;1825891;703595;439222
Bund;1;w;1997 – 2003;1753095;13715;208053;343926;85699;224144;161783;474443;62118;179212;54108;26206
Bund;1;w;1987 – 1996;2989744;22407;413971;618671;240330;302229;208514;732208;122583;328829;117417;63722
Bund;1;w;1977 – 1986;3260299;28063;611336;715426;339998;294526;162862;594873;169097;344119;129090;91087
Bund;1;w;1962 – 1976;6361936;60350;1333156;1669275;587694;537423;271686;980652;361561;560139;222803;156260
Bund;1;w;1952 – 1961;4296976;51247;1028908;1344468;349685;279804;200079;516093;277380;249313;108024;64457
Bund;1;w;1951 und früher;5457749;96443;1873739;1805895;237592;294456;194876;339804;450665;164279;72153;37491
Bund;2;Summe;Summe;46854508;412485;8775471;11955434;4803902;5319952;2270906;6852206;2402827;4061325;1127784;630153
Bund;2;Summe;1997 – 2003;3524799;19800;287469;545634;223761;719759;273338;840842;89819;524377;87176;38615
Bund;2;Summe;1987 – 1996;5992701;35799;611098;1037821;595117;888122;394570;1362917;197174;870082;186885;92865
Bund;2;Summe;1977 – 1986;6466965;41037;932017;1236294;903013;798823;308251;1199122;269037;779371;209677;133762
Bund;2;Summe;1962 – 1976;12604097;86274;2260564;3182415;1604324;1416231;515419;1826690;617846;1094335;344203;221702
Bund;2;Summe;1952 – 1961;8435960;78571;1702790;2646552;895167;753253;405110;982493;492873;479150;177435;95731
Bund;2;Summe;1951 und früher;9829986;151004;2981532;3306718;582519;743763;374217;640143;736079;314010;122408;47478
Bund;2;m;Summe;22734708;175235;4111015;5525260;2936401;2891790;1134507;3034660;1147180;1778661;516790;246452
Bund;2;m;1997 – 2003;1771704;8609;144731;257994;136303;461111;118383;348148;46187;250238;43554;16989
Bund;2;m;1987 – 1996;3002958;17165;301142;486974;356394;530975;205209;592441;97649;415010;90477;38809
Bund;2;m;1977 – 1986;3206665;17889;446837;562259;554369;435439;160645;544172;131675;353382;97270;53962
Bund;2;m;1962 – 1976;6242161;37884;1138360;1489471;1003998;739924;255486;815974;307460;453603;155698;86201
Bund;2;m;1952 – 1961;4138983;34988;807128;1265665;543848;381053;207260;456634;246294;196113;82869;35763
Bund;2;m;1951 und früher;4372237;58700;1272817;1462897;341489;343288;187525;277292;317914;110316;46922;14728
Bund;2;w;Summe;24119800;237250;4664456;6430174;1867501;2428162;1136399;3817546;1255647;2282664;610994;383701
Bund;2;w;1997 – 2003;1753095;11192;142738;287640;87458;258648;154956;492694;43631;274139;43622;21626
Bund;2;w;1987 – 1996;2989744;18634;309956;550848;238724;357148;189361;770476;99525;455073;96409;54056
Bund;2;w;1977 – 1986;3260299;23148;485180;674036;348645;363384;147606;654950;137361;425989;112407;79799
Bund;2;w;1962 – 1976;6361936;48390;1122204;1692944;600326;676307;259933;1010716;310385;640732;188505;135501
Bund;2;w;1952 – 1961;4296976;43582;895662;1380886;351319;372200;197851;525859;246580;283038;94566;59968
Bund;2;w;1951 und früher;5457749;92304;1708716;1843821;241030;400475;186692;362852;418165;203694;75485;32750
SH;1;Summe;Summe;1776145;16132;465975;530301;113641;167191;55523;315633;;111749;27450;27446
SH;1;Summe;1997 – 2003;132362;1042;17331;26156;5212;24296;8530;38850;;10944;2119;1419
SH;1;Summe;1987 – 1996;196451;1207;29852;47125;18145;26256;10505;45224;;18137;3971;3416
SH;1;Summe;1977 – 1986;228536;1198;50644;59735;21181;21683;8596;43644;;21855;5946;5596
SH;1;Summe;1962 – 1976;501135;3313;127122;143532;38269;46261;15354;89966;;37319;9676;10470
SH;1;Summe;1952 – 1961;306884;2787;76765;107721;18163;21959;7870;56552;;15066;3882;4431
SH;1;Summe;1951 und früher;410777;6584;164261;146032;12672;26735;4668;41396;;8428;1856;2115
SH;1;m;Summe;855889;8095;228312;247431;70684;87016;26554;134598;;53200;12897;10879
SH;1;m;1997 – 2003;66529;694;9478;12901;3319;14435;3857;16164;;5681;863;554
SH;1;m;1987 – 1996;96579;578;14851;20904;10100;15494;5186;20209;;9256;1683;1519
SH;1;m;1977 – 1986;107371;549;23770;27281;13607;10462;4101;17679;;9922;2686;2488
SH;1;m;1962 – 1976;245329;1772;66001;68443;24942;22852;6835;37377;;17108;4746;3984
SH;1;m;1952 – 1961;150261;1634;38538;52157;11096;10622;3944;24632;;7639;2138;1747
SH;1;m;1951 und früher;189819;2868;75673;65744;7620;13152;2630;18538;;3594;781;587
SH;1;w;Summe;920256;8037;237663;282870;42957;80175;28969;181035;;58549;14553;16567
SH;1;w;1997 – 2003;65832;349;7852;13255;1893;9861;4674;22686;;5263;1255;864
SH;1;w;1987 – 1996;99872;629;15001;26221;8045;10762;5318;25015;;8881;2287;1897
SH;1;w;1977 – 1986;121165;650;26874;32453;7574;11222;4495;25966;;11933;3261;3107
SH;1;w;1962 – 1976;255806;1541;61120;75089;13327;23409;8519;52590;;20211;4930;6486
SH;1;w;1952 – 1961;156623;1153;38228;55563;7067;11338;3926;31921;;7427;1745;2684
SH;1;w;1951 und früher;220958;3716;88588;80288;5052;13583;2038;22858;;4834;1075;1529
SH;2;Summe;Summe;1776145;13391;388399;494055;119566;220039;64238;322763;;153694;17043;23407
SH;2;Summe;1997 – 2003;132362;869;10852;22560;6159;28854;9898;35836;;17333;1445;797
SH;2;Summe;1987 – 1996;196451;1018;22828;37953;18400;31467;11134;45369;;28282;2764;2711
SH;2;Summe;1977 – 1986;228536;1010;39714;51481;22341;29227;9454;47511;;27798;3374;5044
SH;2;Summe;1962 – 1976;501135;2562;104108;137241;39830;59076;17059;93568;;47691;6067;8979
SH;2;Summe;1952 – 1961;306884;2197;66808;103351;18453;29883;10687;56146;;19358;2104;4232
SH;2;Summe;1951 und früher;410777;5735;144090;141469;14383;41532;6006;44332;;13231;1288;1643
SH;2;m;Summe;855889;6381;186734;229377;73995;118832;32040;139326;;69204;8171;8779
SH;2;m;1997 – 2003;66529;593;5550;11466;3653;17629;4253;14872;;8512;527;349
SH;2;m;1987 – 1996;96579;390;11268;17128;10723;18734;5871;19996;;12469;1155;929
SH;2;m;1977 – 1986;107371;414;17920;23417;13783;14787;4559;20032;;12458;1570;2390
SH;2;m;1962 – 1976;245329;1154;53882;64224;25932;31064;7755;40332;;20986;3108;3057
SH;2;m;1952 – 1961;150261;1307;32503;49395;11444;15210;5993;25324;;9086;1347;1651
SH;2;m;1951 und früher;189819;2523;65610;63747;8461;21407;3609;18770;;5693;463;403
SH;2;w;Summe;920256;7010;201665;264678;45571;101207;32198;183437;;84490;8872;14628
SH;2;w;1997 – 2003;65832;276;5302;11094;2506;11224;5644;20965;;8821;918;449
SH;2;w;1987 – 1996;99872;628;11560;20824;7678;12733;5263;25373;;15813;1609;1783
SH;2;w;1977 – 1986;121165;596;21794;28064;8558;14440;4895;27479;;15340;1804;2654
SH;2;w;1962 – 1976;255806;1408;50226;73017;13898;28012;9304;53236;;26705;2958;5922
SH;2;w;1952 – 1961;156623;890;34304;53956;7009;14673;4695;30823;;10273;757;2581
SH;2;w;1951 und früher;220958;3212;78480;77722;5923;20125;2398;25561;;7538;825;1240
HH;1;Summe;Summe;1011044;7720;179572;334831;49828;84603;72507;237328;;44655;6406;16396
HH;1;Summe;1997 – 2003;89379;573;8688;19201;3383;12900;10561;29178;;4895;278;1268
HH;1;Summe;1987 – 1996;192641;1051;19087;45274;5719;19120;20788;69829;;11772;1967;3084
HH;1;Summe;1977 – 1986;167583;999;22388;48109;10083;13198;12482;50765;;9558;1356;3794
HH;1;Summe;1962 – 1976;250177;1807;44481;87305;16819;18600;15987;52598;;12580;2262;4873
HH;1;Summe;1952 – 1961;130271;780;24555;56495;7407;9200;8345;20011;;3480;327;1921
HH;1;Summe;1951 und früher;180993;2511;60373;78447;6416;11585;4344;14946;;2370;215;1456
HH;1;m;Summe;481101;3720;85101;158639;30823;47440;33893;99706;;21779;3319;6529
HH;1;m;1997 – 2003;44532;234;4277;10023;2119;8828;4112;12040;;2899;231;773
HH;1;m;1987 – 1996;91419;582;9410;22854;3649;11401;9015;28076;;6433;1114;1357
HH;1;m;1977 – 1986;81779;611;11341;23018;6277;7260;6347;22181;;4746;803;1313
HH;1;m;1962 – 1976;124527;976;23460;43389;10742;10065;8062;22612;;5220;982;1908
HH;1;m;1952 – 1961;61883;523;10954;26896;4408;4626;4212;8723;;1540;174;727
HH;1;m;1951 und früher;76961;794;25658;32459;3628;5260;2145;6074;;942;16;452
HH;1;w;Summe;529943;4000;94471;176192;19005;37163;38614;137622;;22876;3087;9867
HH;1;w;1997 – 2003;44847;339;4411;9178;1265;4072;6449;17138;;1995;48;495
HH;1;w;1987 – 1996;101221;469;9677;22420;2070;7719;11774;41754;;5339;854;1727
HH;1;w;1977 – 1986;85804;388;11046;25091;3806;5939;6135;28585;;4813;553;2481
HH;1;w;1962 – 1976;125650;830;21020;43916;6077;8535;7925;29986;;7361;1280;2965
HH;1;w;1952 – 1961;68389;257;13601;29599;2999;4574;4132;11288;;1939;153;1194
HH;1;w;1951 und früher;104032;1717;34715;45988;2788;6325;2199;8872;;1428;199;1004
HH;2;Summe;Summe;1011044;5500;155220;298342;50537;114602;67578;250532;;68733;5601;13961
HH;2;Summe;1997 – 2003;89379;417;5487;14002;3472;17015;9626;29373;;9985;487;849
HH;2;Summe;1987 – 1996;192641;505;15065;35735;5399;24609;17976;73391;;19961;1689;2378
HH;2;Summe;1977 – 1986;167583;615;18174;40378;10762;17295;11012;54994;;14354;1399;3204
HH;2;Summe;1962 – 1976;250177;1208;38434;80305;16764;26545;15532;55743;;15647;1603;4393
HH;2;Summe;1952 – 1961;130271;806;22916;51897;7556;12081;8419;21744;;4853;131;1847
HH;2;Summe;1951 und früher;180993;1950;55144;76024;6584;17058;5013;15287;;3932;292;1290
HH;2;m;Summe;481101;2534;70372;135497;31574;67060;34904;108092;;31068;2876;5128
HH;2;m;1997 – 2003;44532;153;2668;6807;2107;11628;4173;11902;;5095;360;536
HH;2;m;1987 – 1996;91419;334;7217;16989;3714;14598;8773;30129;;9666;857;1025
HH;2;m;1977 – 1986;81779;360;8656;17768;6391;10486;5951;25334;;6833;871;961
HH;2;m;1962 – 1976;124527;544;19043;38797;11035;15696;8363;24577;;6473;745;1534
HH;2;m;1952 – 1961;61883;464;10072;23813;4614;6395;4705;10162;;1658;27;673
HH;2;m;1951 und früher;76961;679;22716;31323;3713;8258;2939;5988;;1344;15;400
HH;2;w;Summe;529943;2966;84848;162845;18963;47542;32674;142440;;37665;2725;8833
HH;2;w;1997 – 2003;44847;265;2819;7196;1365;5388;5453;17471;;4891;127;313
HH;2;w;1987 – 1996;101221;171;7848;18746;1685;10011;9203;43262;;10295;831;1353
HH;2;w;1977 – 1986;85804;254;9518;22610;4371;6809;5061;29660;;7521;528;2244
HH;2;w;1962 – 1976;125650;663;19391;41509;5728;10849;7169;31166;;9175;858;2859
HH;2;w;1952 – 1961;68389;342;12844;28084;2942;5685;3714;11582;;3195;104;1174
HH;2;w;1951 und früher;104032;1271;32428;44701;2871;8800;2074;9299;;2588;278;889
NI;1;Summe;Summe;4563142;44570;1323070;1603785;292032;347802;142785;646848;;162250;46688;53097
NI;1;Summe;1997 – 2003;352955;2648;61620;91685;14890;57905;24245;82284;;17678;3830;3735
NI;1;Summe;1987 – 1996;568713;4150;115624;163900;38211;61636;30103;122901;;32187;9609;7618
NI;1;Summe;1977 – 1986;598351;5573;154881;177066;58226;47961;23617;97894;;33135;9461;11797
NI;1;Summe;1962 – 1976;1252810;9882;348666;445780;100287;89580;34880;174964;;48772;14691;18126
NI;1;Summe;1952 – 1961;807735;7910;232116;333077;48477;44332;18551;105125;;18149;5491;6976
NI;1;Summe;1951 und früher;982576;14407;410164;392277;31942;46388;11390;63680;;12329;3605;4845
NI;1;m;Summe;2207010;15783;640238;765609;179374;188337;70871;275545;;71253;22393;22672
NI;1;m;1997 – 2003;173912;740;32682;44082;8705;35933;10412;33132;;8226;1995;1620
NI;1;m;1987 – 1996;283239;1990;58847;79401;22522;36855;15584;52020;;16020;5409;3554
NI;1;m;1977 – 1986;289724;1580;76812;82218;36117;25014;11322;42500;;14161;4201;4896
NI;1;m;1962 – 1976;616405;3565;178935;213438;63032;45184;17341;74160;;20750;6766;7478
NI;1;m;1952 – 1961;391551;3279;109898;162653;30320;22262;10323;45479;;7337;2377;3047
NI;1;m;1951 und früher;452178;4629;183063;183816;18679;23089;5889;28254;;4759;1645;2076
NI;1;w;Summe;2356132;28787;682832;838176;112658;159465;71914;371303;;90997;24295;30425
NI;1;w;1997 – 2003;179043;1908;28938;47603;6185;21972;13833;49152;;9452;1834;2115
NI;1;w;1987 – 1996;285474;2161;56777;84499;15689;24781;14519;70881;;16167;4200;4063
NI;1;w;1977 – 1986;308627;3993;78069;94847;22109;22947;12295;55394;;18974;5260;6901
NI;1;w;1962 – 1976;636406;6317;169731;232342;37255;44396;17539;100804;;28023;7925;10648
NI;1;w;1952 – 1961;416184;4630;122218;170424;18157;22070;8228;59646;;10811;3114;3928
NI;1;w;1951 und früher;530398;9779;227100;208461;13262;23299;5501;35427;;7570;1961;2769
NI;2;Summe;Summe;4563142;39921;1093579;1498500;336434;474638;148657;726613;;244800;37214;46369
NI;2;Summe;1997 – 2003;352955;2557;39296;70461;17377;72098;24947;88173;;38045;3049;2938
NI;2;Summe;1987 – 1996;568713;3044;83101;137743;45384;78875;28904;133860;;57801;6888;6058
NI;2;Summe;1977 – 1986;598351;3810;117830;155811;67459;66304;22153;116813;;48171;7494;10395
NI;2;Summe;1962 – 1976;1252810;7760;283757;429004;114398;121562;36044;197361;;62924;11888;15944
NI;2;Summe;1952 – 1961;807735;7385;196595;321830;55811;65286;23166;115471;;22192;4878;6454
NI;2;Summe;1951 und früher;982576;15365;372999;383650;36005;70513;13444;74935;;15667;3016;4581
NI;2;m;Summe;2207010;12870;519872;700417;209616;266093;77179;315417;;105547;16861;17873
NI;2;m;1997 – 2003;173912;651;19713;31832;10451;45626;11591;35423;;18624;1854;1056
NI;2;m;1987 – 1996;283239;1157;40805;63686;27990;49618;15723;56735;;27525;3113;2761
NI;2;m;1977 – 1986;289724;1052;57380;69660;41631;36432;11224;51570;;20775;3448;4007
NI;2;m;1962 – 1976;616405;2360;145006;204026;72642;64632;18361;84218;;25159;5148;5990
NI;2;m;1952 – 1961;391551;2856;92381;153875;35108;33941;12832;52973;;7585;2072;2416
NI;2;m;1951 und früher;452178;4793;164586;177338;21794;35844;7447;34497;;5879;1226;1644
NI;2;w;Summe;2356132;27051;573707;798083;126818;208545;71478;411196;;139253;20353;28496
NI;2;w;1997 – 2003;179043;1905;19583;38629;6927;26472;13355;52750;;19421;1195;1882
NI;2;w;1987 – 1996;285474;1887;42297;74057;17394;29257;13181;77124;;30277;3775;3297
NI;2;w;1977 – 1986;308627;2758;60449;86151;25828;29872;10929;65243;;27395;4046;6388
NI;2;w;1962 – 1976;636406;5401;138751;224978;41756;56930;17682;113143;;37765;6740;9954
NI;2;w;1952 – 1961;416184;4528;104214;167955;20703;31344;10334;62498;;14607;2806;4037
NI;2;w;1951 und früher;530398;10572;208412;206312;14211;34669;5996;40438;;9788;1790;2937
HB;1;Summe;Summe;330431;3374;67992;108432;21565;22398;25923;60490;;20257;3794;4103
HB;1;Summe;1997 – 2003;25019;144;2399;4617;1178;3679;3573;6864;;2567;252;228
HB;1;Summe;1987 – 1996;45646;402;5357;9466;2099;4835;5757;13334;;4396;651;627
HB;1;Summe;1977 – 1986;41839;507;7500;10358;3810;2647;3970;9590;;3456;456;852
HB;1;Summe;1962 – 1976;86073;928;17759;27220;7600;5332;5838;15072;;6325;1484;1445
HB;1;Summe;1952 – 1961;55863;548;11155;22237;4348;2403;4248;8865;;2059;576;578
HB;1;Summe;1951 und früher;75991;844;23822;34535;2530;3504;2538;6766;;1453;374;372
HB;1;m;Summe;157656;1621;32475;50861;13278;12114;12726;24693;;9889;1845;1715
HB;1;m;1997 – 2003;12350;90;1172;2117;707;2453;1418;2983;;1408;161;92
HB;1;m;1987 – 1996;22574;207;2760;4973;1284;2795;2965;5471;;2119;258;299
HB;1;m;1977 – 1986;20338;180;3749;4946;2283;1443;2137;3917;;1683;239;307
HB;1;m;1962 – 1976;42364;522;8903;13313;4835;2720;2914;6202;;2957;740;558
HB;1;m;1952 – 1961;26975;213;5688;10650;2720;1125;2011;3531;;1037;278;302
HB;1;m;1951 und früher;33055;409;10202;14862;1449;1579;1281;2589;;685;168;157
HB;1;w;Summe;172775;1753;35517;57571;8287;10284;13197;35797;;10368;1949;2387
HB;1;w;1997 – 2003;12670;54;1226;2500;471;1226;2154;3880;;1158;91;135
HB;1;w;1987 – 1996;23073;195;2597;4493;815;2039;2792;7864;;2277;394;328
HB;1;w;1977 – 1986;21501;327;3752;5412;1527;1204;1832;5673;;1773;216;544
HB;1;w;1962 – 1976;43708;406;8856;13907;2765;2612;2924;8870;;3369;743;888
HB;1;w;1952 – 1961;28888;335;5467;11586;1628;1278;2237;5334;;1023;298;277
HB;1;w;1951 und früher;42936;436;13619;19673;1081;1925;1257;4177;;768;207;215
HB;2;Summe;Summe;330431;2391;56499;103224;22575;30481;25352;68427;;21482;2911;3461
HB;2;Summe;1997 – 2003;25019;47;1798;3693;1250;4165;3382;7631;;3054;176;159
HB;2;Summe;1987 – 1996;45646;215;3865;8197;2460;5641;5446;15051;;4772;430;451
HB;2;Summe;1977 – 1986;41839;332;5822;9366;3724;3777;3825;11270;;3723;454;626
HB;2;Summe;1962 – 1976;86073;560;14294;26647;7866;7548;5514;17252;;6393;1168;1283
HB;2;Summe;1952 – 1961;55863;378;9677;21566;4654;3547;4235;9882;;1924;408;515
HB;2;Summe;1951 und früher;75991;859;21042;33755;2622;5803;2951;7342;;1617;275;427
HB;2;m;Summe;157656;964;26511;47491;14177;16413;13041;29056;;10002;1335;1409
HB;2;m;1997 – 2003;12350;38;829;1654;791;2654;1394;3412;;1577;88;65
HB;2;m;1987 – 1996;22574;58;1964;3997;1540;3405;2919;6444;;2248;123;248
HB;2;m;1977 – 1986;20338;55;2870;4517;2213;2071;2048;4786;;1777;242;241
HB;2;m;1962 – 1976;42364;385;6922;12513;5241;4038;2967;7546;;2753;554;440
HB;2;m;1952 – 1961;26975;128;4817;10273;2924;1762;2132;4098;;842;184;240
HB;2;m;1951 und früher;33055;300;9109;14536;1468;2484;1580;2771;;806;142;175
HB;2;w;Summe;172775;1427;29988;55733;8398;14068;12311;39371;;11480;1576;2052
HB;2;w;1997 – 2003;12670;9;970;2038;458;1511;1988;4219;;1477;88;95
HB;2;w;1987 – 1996;23073;157;1901;4199;920;2237;2527;8607;;2524;307;202
HB;2;w;1977 – 1986;21501;277;2952;4849;1511;1706;1777;6484;;1945;212;385
HB;2;w;1962 – 1976;43708;174;7372;14135;2625;3510;2547;9705;;3640;614;843
HB;2;w;1952 – 1961;28888;250;4861;11293;1730;1785;2103;5784;;1082;223;275
HB;2;w;1951 und früher;42936;559;11933;19219;1154;3318;1370;4571;;812;132;252
NW;1;Summe;Summe;9960984;92465;2973458;3068628;705020;851337;317869;1500696;;451511;97511;109356
NW;1;Summe;1997 – 2003;789205;4801;128286;172485;33526;132021;52650;206543;;58892;7975;7376
NW;1;Summe;1987 – 1996;1287745;9364;244023;312874;93779;155515;68055;302213;;101922;17886;17170
NW;1;Summe;1977 – 1986;1274065;7614;323596;319466;133618;123488;46257;235147;;84878;15941;22254
NW;1;Summe;1962 – 1976;2733306;22295;786046;846291;241348;218787;76955;413183;;128402;32687;39342
NW;1;Summe;1952 – 1961;1777011;18836;545285;661171;128511;107075;48397;217681;;50056;14910;14799
NW;1;Summe;1951 und früher;2099652;29554;946222;756342;74239;114451;25555;125928;;27361;8113;8415
NW;1;m;Summe;4811771;42103;1407497;1454496;435730;445398;154788;648147;;223612;48051;46455
NW;1;m;1997 – 2003;396603;2583;66356;82936;20621;85052;20689;86623;;31743;4468;3588
NW;1;m;1987 – 1996;649255;4363;124013;153656;58191;90538;32809;129522;;56162;8380;8156
NW;1;m;1977 – 1986;621713;3324;155806;148544;81943;63268;22473;103282;;43071;8215;10019
NW;1;m;1962 – 1976;1346033;10333;397526;405263;152794;105737;38259;176706;;59413;15937;15875
NW;1;m;1952 – 1961;868696;8663;259240;325008;78296;51498;26000;97320;;22672;7386;5908
NW;1;m;1951 und früher;929471;12837;404555;339089;43885;49304;14556;54694;;10551;3664;2909
NW;1;w;Summe;5149213;50362;1565961;1614132;269290;405939;163081;852549;;227899;49460;62901
NW;1;w;1997 – 2003;392602;2218;61930;89549;12905;46970;31961;119920;;27149;3506;3787
NW;1;w;1987 – 1996;638489;5001;120009;159218;35587;64976;35246;172691;;45760;9506;9015
NW;1;w;1977 – 1986;652352;4289;167789;170922;51675;60220;23784;131865;;41807;7725;12235
NW;1;w;1962 – 1976;1387273;11962;388520;441028;88554;113050;38695;236477;;68988;16750;23467
NW;1;w;1952 – 1961;908315;10174;286045;336163;50215;55577;22397;120361;;27384;7524;8890
NW;1;w;1951 und früher;1170182;16717;541668;417252;30354;65147;10999;71235;;16810;4449;5506
NW;2;Summe;Summe;9960984;72954;2566719;2880226;717510;1130154;366947;1587067;;639407;64990;99217
NW;2;Summe;1997 – 2003;789205;3739;88445;136324;35483;159048;54961;208571;;102635;5585;6265
NW;2;Summe;1987 – 1996;1287745;8155;184537;249781;93822;194619;76925;318537;;161368;11009;15056
NW;2;Summe;1977 – 1986;1274065;5787;261350;277446;133968;159764;51759;262523;;121469;11329;20508
NW;2;Summe;1962 – 1976;2733306;17455;673861;819110;244170;297665;88894;430433;;161718;20597;36119
NW;2;Summe;1952 – 1961;1777011;14205;484801;644950;132293;151695;60361;231028;;57677;9583;13806
NW;2;Summe;1951 und früher;2099652;23612;873725;752615;77774;167364;34047;135975;;34540;6887;7464
NW;2;m;Summe;4811771;32806;1189723;1341358;447270;617863;189678;708261;;284811;32788;40422
NW;2;m;1997 – 2003;396603;1955;44697;63104;22065;105511;22368;87848;;49054;2948;2957
NW;2;m;1987 – 1996;649255;3927;92872;117949;57699;117062;40852;140113;;78782;5974;6838
NW;2;m;1977 – 1986;621713;2288;123894;125064;83317;87960;27209;117268;;54711;6037;8426
NW;2;m;1962 – 1976;1346033;7733;334142;385712;155311;153911;46284;195638;;67302;10126;14406
NW;2;m;1952 – 1961;868696;6555;227267;313641;81648;76473;33628;106377;;23107;4598;5462
NW;2;m;1951 und früher;929471;10348;366851;335888;47229;76945;19337;61018;;11854;3105;2333
NW;2;w;Summe;5149213;40148;1376996;1538868;270240;512291;177269;878806;;354596;32202;58795
NW;2;w;1997 – 2003;392602;1784;43748;73220;13417;53537;32592;120723;;53580;2637;3308
NW;2;w;1987 – 1996;638489;4228;91665;131832;36123;77557;36073;178425;;82586;5035;8218
NW;2;w;1977 – 1986;652352;3499;137456;152382;50651;71804;24550;145255;;66758;5292;12083
NW;2;w;1962 – 1976;1387273;9722;339719;433398;88859;143754;42610;234795;;94416;10472;21712
NW;2;w;1952 – 1961;908315;7651;257534;331309;50646;75221;26733;124651;;34570;4984;8344
NW;2;w;1951 und früher;1170182;13264;506874;416727;30545;90419;14710;74957;;22686;3783;5131
HE;1;Summe;Summe;3340639;44706;909147;1000129;285337;315712;130457;480535;;174616;77360;48081
HE;1;Summe;1997 – 2003;257221;2377;37401;57759;12066;47166;19462;60994;;19996;7941;2948
HE;1;Summe;1987 – 1996;430888;4856;73829;102151;36050;55420;31703;93390;;33490;13135;7627
HE;1;Summe;1977 – 1986;446295;4819;103099;110212;46542;48070;21088;78763;;33701;13406;11349
HE;1;Summe;1962 – 1976;892010;11127;231090;260821;97344;79075;28785;131416;;52352;24759;15996
HE;1;Summe;1952 – 1961;595768;9157;165592;208218;55407;42644;18053;73467;;23231;11507;6864
HE;1;Summe;1951 und früher;718457;12370;298135;260968;37929;43337;11365;42505;;11847;6612;3297
HE;1;m;Summe;1612475;20893;435455;468464;172460;163950;64255;206459;;80539;36603;19660
HE;1;m;1997 – 2003;127085;1191;19652;27807;7092;29323;7810;24489;;9722;3971;1520
HE;1;m;1987 – 1996;216372;2353;37934;48192;20747;32330;16459;40703;;17655;7332;3371
HE;1;m;1977 – 1986;220187;2087;50836;51258;28580;25000;10248;35916;;16263;6262;5465
HE;1;m;1962 – 1976;437793;4885;118393;123409;60550;38795;14294;55253;;22214;10893;5839
HE;1;m;1952 – 1961;293585;4512;80877;102149;32741;20806;9510;32702;;10288;5748;2248
HE;1;m;1951 und früher;317452;5865;127762;115650;22751;17696;5934;17397;;4398;2398;1217
HE;1;w;Summe;1728164;23813;473692;531665;112877;151762;66202;274076;;94077;40757;28421
HE;1;w;1997 – 2003;130136;1186;17749;29953;4974;17843;11652;36505;;10274;3970;1428
HE;1;w;1987 – 1996;214516;2503;35895;53958;15303;23090;15244;52687;;15835;5803;4256
HE;1;w;1977 – 1986;226107;2732;52264;58954;17962;23070;10840;42847;;17438;7144;5884
HE;1;w;1962 – 1976;454217;6242;112697;137413;36793;40281;14491;76163;;30137;13866;10157
HE;1;w;1952 – 1961;302184;4645;84715;106069;22666;21838;8543;40764;;12943;5759;4616
HE;1;w;1951 und früher;401005;6505;170373;145319;15178;25641;5431;25109;;7449;4214;2079
HE;2;Summe;Summe;3340639;39829;753512;910035;290978;421621;142585;521411;;260668;56155;43106
HE;2;Summe;1997 – 2003;257221;1792;24617;42482;11660;55775;20843;63129;;36923;4507;2453
HE;2;Summe;1987 – 1996;430888;4059;54725;80352;37282;66711;29849;97926;;59984;9621;6646
HE;2;Summe;1977 – 1986;446295;3929;79216;91964;48968;60756;22278;88554;;50630;11208;9610
HE;2;Summe;1962 – 1976;892010;9340;187006;242834;98468;111028;32634;142256;;68444;17868;14706
HE;2;Summe;1952 – 1961;595768;7260;142693;197760;55569;60489;22703;80817;;28476;7497;6586
HE;2;Summe;1951 und früher;718457;13448;265256;254643;39031;66860;14278;48730;;16211;5454;3104
HE;2;m;Summe;1612475;17310;354719;421112;175682;226928;74959;225883;;115882;26836;17504
HE;2;m;1997 – 2003;127085;631;12430;20936;6553;34937;9085;24881;;17631;2403;1223
HE;2;m;1987 – 1996;216372;2236;27709;36836;21916;39326;16088;42555;;29706;5581;2808
HE;2;m;1977 – 1986;220187;1560;37997;41759;29684;32883;12534;40267;;23504;5553;4236
HE;2;m;1962 – 1976;437793;4093;94035;113062;61311;58452;16922;61926;;27992;7967;5979
HE;2;m;1952 – 1961;293585;3188;69476;96804;33067;30725;12252;36295;;11777;3618;2382
HE;2;m;1951 und früher;317452;5602;113071;111714;23151;30606;8078;19959;;5271;1712;875
HE;2;w;Summe;1728164;22519;398793;488923;115296;194693;67626;295528;;144786;29319;25602
HE;2;w;1997 – 2003;130136;1161;12187;21545;5108;20838;11758;38247;;19291;2104;1230
HE;2;w;1987 – 1996;214516;1823;27016;43516;15366;27385;13761;55371;;30278;4040;3838
HE;2;w;1977 – 1986;226107;2369;41219;50205;19284;27873;9745;48287;;27126;5655;5374
HE;2;w;1962 – 1976;454217;5248;92971;129772;37157;52577;15712;80330;;40451;9900;8727
HE;2;w;1952 – 1961;302184;4073;73216;100956;22502;29765;10451;44522;;16699;3879;4204
HE;2;w;1951 und früher;401005;7846;152185;142929;15880;36254;6199;28771;;10940;3742;2229
RP;1;Summe;Summe;2357021;31352;686825;697183;205790;193360;84143;247246;;211122;114991;32093
RP;1;Summe;1997 – 2003;181059;1396;31658;40915;9959;29207;11505;34448;;21971;7336;1859
RP;1;Summe;1987 – 1996;284218;2578;52789;68830;28374;32273;15002;43616;;40757;20245;5575
RP;1;Summe;1977 – 1986;297418;2697;70549;73917;39500;26965;11891;35099;;36801;20498;5403
RP;1;Summe;1962 – 1976;648132;7318;172269;188831;70681;51899;21738;71570;;63827;36532;11905
RP;1;Summe;1952 – 1961;452565;6248;137801;156437;35894;27652;16194;40914;;31425;19571;5165
RP;1;Summe;1951 und früher;493628;11115;221759;168253;21382;25364;7813;21599;;16342;10810;2185
RP;1;m;Summe;1151791;14812;331067;330899;129152;100576;41163;106772;;97351;53877;13158
RP;1;m;1997 – 2003;91879;695;16317;19559;6330;18923;4678;13612;;11764;3939;966
RP;1;m;1987 – 1996;146243;1485;27072;35457;17293;18616;7679;19016;;19626;9429;2574
RP;1;m;1977 – 1986;147232;1098;34291;34653;24683;13788;6222;15112;;17385;9571;2147
RP;1;m;1962 – 1976;323524;3503;88680;90112;46104;25118;10685;30702;;28619;17596;4550
RP;1;m;1952 – 1961;223643;2826;66832;77515;22050;12891;8018;19519;;13993;9138;2171
RP;1;m;1951 und früher;219270;5204;97875;73602;12692;11241;3881;8810;;5965;4203;750
RP;1;w;Summe;1205230;16540;355758;366284;76638;92784;42980;140474;;113771;61115;18934
RP;1;w;1997 – 2003;89180;701;15341;21356;3629;10283;6827;20836;;10207;3396;893
RP;1;w;1987 – 1996;137976;1093;25718;33373;11080;13657;7323;24600;;21131;10816;3002
RP;1;w;1977 – 1986;150186;1599;36257;39264;14817;13177;5669;19987;;19416;10927;3256
RP;1;w;1962 – 1976;324609;3814;83589;98719;24577;26782;11052;40868;;35208;18936;7354
RP;1;w;1952 – 1961;228922;3422;70969;78922;13844;14761;8177;21395;;17432;10433;2994
RP;1;w;1951 und früher;274358;5911;123884;94651;8690;14123;3932;12789;;10377;6607;1435
RP;2;Summe;Summe;2357021;22869;576533;685534;215205;272451;76123;293135;;215171;84396;28719
RP;2;Summe;1997 – 2003;181059;967;19533;33564;10667;38637;11145;38600;;27945;5740;1640
RP;2;Summe;1987 – 1996;284218;1950;37240;60682;29244;43136;15189;51680;;45097;13463;4769
RP;2;Summe;1977 – 1986;297418;2289;56426;67436;41289;37488;12132;42957;;37401;14913;5113
RP;2;Summe;1962 – 1976;648132;4539;141841;192225;73641;74082;18557;83233;;60014;26341;10463
RP;2;Summe;1952 – 1961;452565;4790;120651;158234;37089;40942;13098;50060;;27700;14447;4967
RP;2;Summe;1951 und früher;493628;8334;200841;173393;23275;38166;6001;26604;;17013;9492;1767
RP;2;m;Summe;1151791;9903;274090;321142;135248;147675;39946;128001;;95786;38874;11727
RP;2;m;1997 – 2003;91879;494;9647;16037;6856;25483;5282;14572;;13509;3153;737
RP;2;m;1987 – 1996;146243;1016;17841;30168;18005;25754;7855;23287;;22317;6326;2099
RP;2;m;1977 – 1986;147232;1014;26932;30701;25724;20378;6706;18312;;17465;7101;2315
RP;2;m;1962 – 1976;323524;2127;72596;91335;47205;38846;10031;36537;;24846;12193;4085
RP;2;m;1952 – 1961;223643;1809;58654;76999;23261;20267;6639;24242;;11772;6537;1931
RP;2;m;1951 und früher;219270;3442;88420;75903;14197;16948;3432;11051;;5877;3564;560
RP;2;w;Summe;1205230;12966;302443;364392;79957;124776;36177;165134;;119385;45522;16992
RP;2;w;1997 – 2003;89180;473;9886;17527;3812;13154;5863;24028;;14437;2587;902
RP;2;w;1987 – 1996;137976;934;19400;30514;11239;17382;7334;28393;;22780;7138;2669
RP;2;w;1977 – 1986;150186;1275;29494;36735;15565;17110;5426;24645;;19936;7812;2798
RP;2;w;1962 – 1976;324609;2411;69245;100890;26436;35236;8526;46696;;35168;14148;6378
RP;2;w;1952 – 1961;228922;2981;61997;81235;13828;20675;6459;25819;;15928;7910;3037
RP;2;w;1951 und früher;274358;4892;112421;97491;9078;21218;2569;15553;;11137;5928;1207
BW;1;Summe;Summe;5997317;54574;1767316;1247455;561058;711697;175691;1058334;;421192;137484;127724
BW;1;Summe;1997 – 2003;486549;2441;79565;73243;25977;104125;29177;121705;;50315;11315;7835
BW;1;Summe;1987 – 1996;832349;4892;162589;136265;74624;132697;38995;195231;;87058;25406;19915
BW;1;Summe;1977 – 1986;824392;4899;203926;135754;103271;103784;27186;162810;;82762;27214;27390
BW;1;Summe;1962 – 1976;1620614;12986;461654;321027;190543;180602;42324;288064;;123414;45805;44547
BW;1;Summe;1952 – 1961;1045302;10700;330149;259409;103049;96548;24562;173076;;47810;16621;17917
BW;1;Summe;1951 und früher;1188111;18656;529433;321757;63595;93942;13447;117448;;29833;11123;10119
BW;1;m;Summe;2944024;25177;861589;585075;344961;376602;82932;476104;;191585;64652;48282
BW;1;m;1997 – 2003;248715;1019;41235;35014;17085;64162;10894;52880;;26428;5209;3434
BW;1;m;1987 – 1996;421030;2452;82190;65496;44896;77431;18259;87387;;42918;12064;7984
BW;1;m;1977 – 1986;414072;2450;103535;62578;63967;53591;13236;75692;;39024;13282;10652
BW;1;m;1962 – 1976;808921;6311;238508;152560;119694;89516;20710;129141;;52481;21867;16868
BW;1;m;1952 – 1961;514934;5326;159810;126885;61079;49674;12895;79665;;19600;7422;6472
BW;1;m;1951 und früher;536352;7619;236310;142543;38239;42228;6939;51341;;11133;4809;2872
BW;1;w;Summe;3053293;29397;905727;662380;216097;335095;92759;582230;;229607;72831;79442
BW;1;w;1997 – 2003;237833;1421;38331;38230;8893;39963;18283;68826;;23887;6106;4401
BW;1;w;1987 – 1996;411319;2439;80399;70768;29727;55266;20736;107844;;44140;13342;11931
BW;1;w;1977 – 1986;410320;2449;100391;73176;39304;50193;13951;87119;;43738;13933;16738
BW;1;w;1962 – 1976;811694;6675;223146;168468;70848;91086;21615;158923;;70933;23938;27679
BW;1;w;1952 – 1961;530368;5374;170339;132524;41970;46874;11666;93411;;28210;9199;11445
BW;1;w;1951 und früher;651759;11037;293123;179214;25356;51713;6508;66107;;18700;6314;7247
BW;2;Summe;Summe;5997317;47657;1477612;1287934;571336;908039;196874;1022226;;485639;103611;114919
BW;2;Summe;1997 – 2003;486549;1947;54531;64719;27399;121312;32041;118234;;66365;8592;6542
BW;2;Summe;1987 – 1996;832349;3419;118177;129854;74509;161466;43111;193768;;108044;20028;16958
BW;2;Summe;1977 – 1986;824392;3704;157572;136014;106668;134280;29919;163806;;92430;19676;23754
BW;2;Summe;1962 – 1976;1620614;10323;383834;345149;195488;235072;45278;273603;;131867;32464;40298
BW;2;Summe;1952 – 1961;1045302;9248;280809;279910;102767;128999;30033;160804;;52732;12824;18248
BW;2;Summe;1951 und früher;1188111;19016;482689;332287;64505;126910;16493;112010;;34201;10027;9119
BW;2;m;Summe;2944024;20340;703027;603511;352460;497644;101074;453179;;212790;47227;44197
BW;2;m;1997 – 2003;248715;703;27618;30521;17886;76516;13130;49729;;32612;3760;2659
BW;2;m;1987 – 1996;421030;1609;57905;61404;45579;96344;23118;84001;;51071;9335;7189
BW;2;m;1977 – 1986;414072;1744;76433;61826;66041;74493;16111;75417;;42007;9107;9251
BW;2;m;1962 – 1976;808921;4839;195180;162037;122972;122831;23224;122832;;55006;15592;15772
BW;2;m;1952 – 1961;514934;4234;135068;137370;60818;66689;16504;73967;;20284;5403;6817
BW;2;m;1951 und früher;536352;7212;210823;150353;39164;60771;8986;47234;;11809;4031;2508
BW;2;w;Summe;3053293;27317;774585;684423;218876;410395;95800;569047;;272849;56384;70722
BW;2;w;1997 – 2003;237833;1244;26913;34199;9513;44796;18911;68506;;33752;4831;3882
BW;2;w;1987 – 1996;411319;1810;60272;68451;28929;65122;19993;109768;;56973;10693;9769
BW;2;w;1977 – 1986;410320;1960;81139;74188;40628;59787;13807;88389;;50423;10569;14503
BW;2;w;1962 – 1976;811694;5484;188654;183112;72516;112241;22053;150771;;76861;16872;24526
BW;2;w;1952 – 1961;530368;5014;145741;142540;41949;62310;13528;86837;;32448;7422;11431
BW;2;w;1951 und früher;651759;11804;271866;181934;25341;66139;7507;64777;;22392;5997;6611
BY;1;Summe;Summe;7608980;55864;;1316303;634098;579804;187530;1023735;2788048;1023598;577843;157439
BY;1;Summe;1997 – 2003;599340;2837;;82297;36491;88855;29610;121998;132261;104992;53649;11948
BY;1;Summe;1987 – 1996;1050954;4383;;140044;93485;118637;43223;207397;253494;190290;102658;24142
BY;1;Summe;1977 – 1986;1089333;6409;;150680;119327;88271;30206;176800;332210;185431;105618;31288
BY;1;Summe;1962 – 1976;2070687;13594;;337974;209122;147634;42828;278120;727673;313742;180436;55955
BY;1;Summe;1952 – 1961;1361705;10356;;287064;112378;75733;26510;150065;553345;146253;86361;23485
BY;1;Summe;1951 und früher;1436961;18284;;318244;63295;60674;15154;89355;789066;82890;49122;10622
BY;1;m;Summe;3726342;26804;;631641;388150;312662;90202;463257;1344645;468981;268936;62164
BY;1;m;1997 – 2003;303214;1200;;40372;22106;54195;11698;52518;70142;50982;26178;5575
BY;1;m;1987 – 1996;528833;2543;;68427;56656;68406;20819;91625;130911;89446;47635;9471
BY;1;m;1977 – 1986;543164;3286;;72202;74742;47791;14710;81891;163113;85429;49093;12077
BY;1;m;1962 – 1976;1025808;6410;;162954;127758;75321;21163;126296;366112;139793;83377;22186
BY;1;m;1952 – 1961;694724;5068;;146746;71208;39610;13966;72117;275965;70045;43103;9345
BY;1;m;1951 und früher;630599;8298;;140941;35679;27339;7845;38811;338401;33286;19550;3510
BY;1;w;Summe;3882638;29060;;684662;245948;267142;97328;560478;1443403;554617;308908;95275
BY;1;w;1997 – 2003;296126;1637;;41925;14384;34659;17911;69480;62118;54010;27471;6373
BY;1;w;1987 – 1996;522121;1840;;71617;36829;50230;22404;115772;122583;100844;55023;14671
BY;1;w;1977 – 1986;546169;3123;;78478;44585;40480;15495;94909;169097;100001;56525;19211
BY;1;w;1962 – 1976;1044880;7185;;175020;81364;72313;21664;151824;361561;173949;97059;33769
BY;1;w;1952 – 1961;666980;5287;;140318;41170;36123;12544;77949;277380;76208;43259;14140
BY;1;w;1951 und früher;806362;9987;;177303;27616;33336;7309;50544;450665;49604;29572;7112
BY;2;Summe;Summe;7608980;37667;;1361242;679915;798591;210838;1067830;2402827;1050070;566880;131988
BY;2;Summe;1997 – 2003;599340;1471;;74013;39213;116633;33733;126118;89819;118342;47596;10614
BY;2;Summe;1987 – 1996;1050954;2093;;133656;100268;149891;48457;213198;197174;206217;95732;20659
BY;2;Summe;1977 – 1986;1089333;4198;;150780;128265;123986;32165;189267;269037;191636;103717;26357
BY;2;Summe;1962 – 1976;2070687;8165;;364040;226328;215370;48175;290352;617846;300412;170341;46875
BY;2;Summe;1952 – 1961;1361705;6756;;306256;119363;109516;29615;155842;492873;141482;88487;18548
BY;2;Summe;1951 und früher;1436961;14984;;332497;66478;83195;18694;93053;736079;91981;61006;8935
BY;2;m;Summe;3726342;16755;;640050;420140;448876;106625;479808;1147180;466908;257445;51133
BY;2;m;1997 – 2003;303214;659;;34973;24176;74560;14360;52078;46187;56222;23362;4917
BY;2;m;1987 – 1996;528833;998;;61363;60725;90164;24904;93929;97649;99101;45631;8124
BY;2;m;1977 – 1986;543164;2131;;70634;80515;68992;16564;86852;131675;85801;45981;10085
BY;2;m;1962 – 1976;1025808;3601;;173764;140400;117011;23711;131802;307460;128057;76096;18320
BY;2;m;1952 – 1961;694724;2913;;153156;76371;59874;17055;75506;246294;63555;43218;6733
BY;2;m;1951 und früher;630599;6454;;146160;37952;38276;10032;39640;317914;34173;23157;2953
BY;2;w;Summe;3882638;20912;;721192;259775;349715;104213;588022;1255647;583162;309435;80855
BY;2;w;1997 – 2003;296126;812;;39040;15037;42073;19373;74039;43631;62120;24234;5697
BY;2;w;1987 – 1996;522121;1096;;72294;39543;59727;23552;119268;99525;107116;50101;12535
BY;2;w;1977 – 1986;546169;2066;;80145;47750;54995;15601;102415;137361;105835;57736;16272
BY;2;w;1962 – 1976;1044880;4563;;190276;85927;98358;24463;158550;310385;172356;94246;28555
BY;2;w;1952 – 1961;666980;3843;;153100;42992;49642;12561;80336;246580;77927;45269;11815
BY;2;w;1951 und früher;806362;8531;;186337;28526;44919;8662;53414;418165;57808;37849;5982
SL;1;Summe;Summe;583963;10850;159323;208329;56236;46793;30211;31091;;41130;15177;8698
SL;1;Summe;1997 – 2003;37449;880;5492;10743;2086;5785;3661;4235;;4567;892;565
SL;1;Summe;1987 – 1996;68143;1399;12675;19486;8195;6839;4947;6689;;7913;2159;1191
SL;1;Summe;1977 – 1986;72468;1592;16352;20702;10509;6786;4525;4735;;7267;2512;1759
SL;1;Summe;1962 – 1976;148716;2513;36436;53240;17749;11741;8008;7795;;11233;4490;2934
SL;1;Summe;1952 – 1961;119990;2020;32320;48953;11072;8103;5611;5260;;6651;3161;1567
SL;1;Summe;1951 und früher;137197;2446;56048;55206;6625;7539;3459;2376;;3499;1963;682
SL;1;m;Summe;282086;5698;73952;96206;34590;24452;14560;13584;;19043;7006;3413
SL;1;m;1997 – 2003;19362;610;2824;5103;1340;3886;1491;1865;;2244;502;154
SL;1;m;1987 – 1996;34668;865;6445;9204;4989;3802;2461;2865;;4038;1042;592
SL;1;m;1977 – 1986;37035;914;8200;9842;6627;3795;2216;2008;;3432;1117;721
SL;1;m;1962 – 1976;72554;1333;18253;24041;11114;5599;3788;3412;;5014;2127;1045
SL;1;m;1952 – 1961;58613;909;14845;24048;6609;3965;2842;2456;;2938;1439;697
SL;1;m;1951 und früher;59854;1067;23385;23968;3911;3405;1763;978;;1378;779;204
SL;1;w;Summe;301877;5152;85371;112123;21646;22341;15651;17507;;22087;8170;5285
SL;1;w;1997 – 2003;18087;270;2668;5640;747;1899;2170;2370;;2323;390;410
SL;1;w;1987 – 1996;33475;534;6230;10282;3206;3037;2486;3825;;3875;1117;600
SL;1;w;1977 – 1986;35433;678;8152;10859;3882;2991;2309;2727;;3835;1395;1038
SL;1;w;1962 – 1976;76162;1180;18184;29199;6635;6142;4220;4383;;6219;2363;1888
SL;1;w;1952 – 1961;61377;1112;17475;24905;4463;4138;2768;2804;;3713;1722;870
SL;1;w;1951 und früher;77343;1379;32663;31238;2713;4134;1697;1398;;2121;1184;478
SL;2;Summe;Summe;583963;10295;135134;213777;57629;65945;41130;;;60053;11746;8116
SL;2;Summe;1997 – 2003;37449;754;3744;10435;2020;7792;5298;;;7407;699;448
SL;2;Summe;1987 – 1996;68143;1443;8907;18872;8296;9988;7512;;;13125;1746;1287
SL;2;Summe;1977 – 1986;72468;1294;12617;21283;11000;10031;5870;;;10373;1687;1520
SL;2;Summe;1962 – 1976;148716;2107;30266;55975;17839;16902;10056;;;15570;3228;2573
SL;2;Summe;1952 – 1961;119990;2005;27774;50968;11544;11416;7713;;;8571;2605;1522
SL;2;Summe;1951 und früher;137197;2693;51827;56242;6930;9816;4681;;;5007;1782;766
SL;2;m;Summe;282086;5323;61022;98022;35773;35912;20691;;;25342;5500;3253
SL;2;m;1997 – 2003;19362;515;1968;4891;1272;5054;2593;;;3069;401;92
SL;2;m;1987 – 1996;34668;878;4402;8312;5127;6044;3963;;;5943;901;572
SL;2;m;1977 – 1986;37035;671;5857;10132;6960;5611;3011;;;4792;817;737
SL;2;m;1962 – 1976;72554;1189;14829;25708;11163;8627;4748;;;6289;1475;1046
SL;2;m;1952 – 1961;58613;999;12362;24760;7069;6146;3844;;;3433;1149;591
SL;2;m;1951 und früher;59854;1071;21604;24220;4182;4429;2533;;;1815;757;215
SL;2;w;Summe;301877;4972;74112;115755;21856;30033;20439;;;34711;6246;4863
SL;2;w;1997 – 2003;18087;238;1776;5544;747;2738;2705;;;4338;298;356
SL;2;w;1987 – 1996;33475;565;4505;10560;3169;3943;3550;;;7182;845;715
SL;2;w;1977 – 1986;35433;622;6760;11152;4040;4420;2858;;;5581;869;784
SL;2;w;1962 – 1976;76162;918;15437;30267;6676;8275;5308;;;9281;1754;1527
SL;2;w;1952 – 1961;61377;1006;15412;26208;4475;5270;3869;;;5138;1456;931
SL;2;w;1951 und früher;77343;1622;30223;32022;2749;5387;2148;;;3192;1024;551
BE;1;Summe;Summe;1856903;31631;344838;417163;147134;129678;260242;380581;;145636;14163;19601
BE;1;Summe;1997 – 2003;135448;1617;11463;22696;4863;15819;23227;40615;;15147;727;1592
BE;1;Summe;1987 – 1996;281692;2403;24880;45709;12170;25300;44773;92766;;33691;1841;2750
BE;1;Summe;1977 – 1986;322436;2874;45970;59974;25546;23607;41489;90949;;32028;2146;4532
BE;1;Summe;1962 – 1976;479659;6279;88350;100921;53037;35002;56665;100104;;39302;4675;7071
BE;1;Summe;1952 – 1961;266532;5253;59964;70492;28889;14816;40810;32649;;13660;2845;2362
BE;1;Summe;1951 und früher;371136;13205;114211;117371;22630;15133;53278;23499;;11808;1929;1294
BE;1;m;Summe;883321;13375;165910;191732;90006;70226;123782;165320;;62971;6541;7910
BE;1;m;1997 – 2003;65197;657;6175;11846;2763;9187;10638;17030;;6902;408;807
BE;1;m;1987 – 1996;135396;1472;12205;23377;7230;15195;21490;37990;;16436;1160;1182
BE;1;m;1977 – 1986;163749;1666;23151;29498;15757;13788;22237;42871;;14781;1132;1662
BE;1;m;1962 – 1976;235093;3129;46276;46576;32945;18742;27606;43207;;16612;2272;2987
BE;1;m;1952 – 1961;126572;2221;28138;32590;18442;7647;17972;14462;;5101;1064;906
BE;1;m;1951 und früher;157314;4231;49965;47844;12869;5668;23839;9759;;3138;504;366
BE;1;w;Summe;973582;18256;178928;225431;57128;59452;136460;215261;;82665;7622;11691
BE;1;w;1997 – 2003;70251;961;5288;10850;2100;6633;12589;23585;;8245;319;785
BE;1;w;1987 – 1996;146297;931;12675;22331;4940;10105;23283;54776;;17254;681;1568
BE;1;w;1977 – 1986;158687;1208;22818;30476;9789;9819;19252;48078;;17247;1014;2869
BE;1;w;1962 – 1976;244566;3150;42074;54344;20092;16260;29059;56897;;22690;2403;4084
BE;1;w;1952 – 1961;139960;3032;31826;37902;10447;7169;22839;18186;;8560;1780;1456
BE;1;w;1951 und früher;213822;8974;64247;69527;9760;9465;29439;13740;;8670;1425;928
BE;2;Summe;Summe;1856903;30322;289691;428289;153694;165937;209052;408533;;171385;17070;
BE;2;Summe;1997 – 2003;135448;1241;7922;18779;5136;17293;19943;43086;;22048;1110;
BE;2;Summe;1987 – 1996;281692;2439;19418;40932;12183;28644;37691;98619;;41767;2437;
BE;2;Summe;1977 – 1986;322436;3572;37713;55920;26454;29945;32339;99784;;36709;4475;
BE;2;Summe;1962 – 1976;479659;5364;73308;105970;55358;47641;43939;106652;;41427;5182;
BE;2;Summe;1952 – 1961;266532;4520;51464;79435;30601;19759;32630;33610;;14512;2313;
BE;2;Summe;1951 und früher;371136;13186;99866;127253;23961;22655;42510;26782;;14922;1553;
BE;2;m;Summe;883321;13304;136674;195630;92847;92064;98706;178660;;75436;8594;
BE;2;m;1997 – 2003;65197;406;3915;9484;2726;11179;9094;18597;;9796;558;
BE;2;m;1987 – 1996;135396;1238;9772;20751;7225;17020;18038;40637;;20715;1428;
BE;2;m;1977 – 1986;163749;1923;18633;27448;15509;18351;16941;46769;;18176;2866;
BE;2;m;1962 – 1976;235093;2682;38004;49012;33987;26215;21497;46414;;17280;2366;
BE;2;m;1952 – 1961;126572;2321;24015;36399;19790;9778;14629;14601;;5038;832;
BE;2;m;1951 und früher;157314;4733;42336;52536;13610;9520;18508;11640;;4431;543;
BE;2;w;Summe;973582;17018;153017;232659;60847;73873;110346;229873;;95949;8476;
BE;2;w;1997 – 2003;70251;835;4007;9294;2411;6114;10850;24488;;12252;552;
BE;2;w;1987 – 1996;146297;1200;9646;20181;4958;11624;19653;57982;;21052;1008;
BE;2;w;1977 – 1986;158687;1649;19080;28472;10945;11593;15398;53015;;18533;1609;
BE;2;w;1962 – 1976;244566;2681;35304;56958;21371;21426;22442;60238;;24147;2816;
BE;2;w;1952 – 1961;139960;2199;27449;43036;10811;9981;18002;19008;;9474;1481;
BE;2;w;1951 und früher;213822;8453;57530;74717;10352;13135;24001;15142;;10492;1010;
BE-O;1;Summe;Summe;821070;11139;114664;146740;84656;48380;187305;158523;;69664;6519;8430
BE-O;1;Summe;1997 – 2003;48744;789;3050;5686;2741;4821;11733;13861;;6062;258;374
BE-O;1;Summe;1987 – 1996;123146;756;9642;15053;6420;9521;24154;41503;;16096;685;1356
BE-O;1;Summe;1977 – 1986;162812;1108;19424;23385;15672;11355;28633;46418;;16817;1255;2008
BE-O;1;Summe;1962 – 1976;222429;2206;30418;38647;31840;13915;42283;43314;;19806;2441;3652
BE-O;1;Summe;1952 – 1961;117051;1779;21687;24732;16170;4891;33241;8308;;6242;1248;830
BE-O;1;Summe;1951 und früher;146888;4501;30442;39236;11812;3877;47261;5118;;4640;632;210
BE-O;1;m;Summe;394924;4496;55303;66776;52098;26732;89098;69611;;30811;3167;3396
BE-O;1;m;1997 – 2003;24074;151;1703;3129;1705;2786;5731;6356;;2513;114;140
BE-O;1;m;1987 – 1996;57727;452;4777;7055;3407;5564;12256;16359;;7856;540;464
BE-O;1;m;1977 – 1986;80734;567;9527;11453;9314;6441;14776;20635;;8021;653;715
BE-O;1;m;1962 – 1976;115418;1221;16880;18168;20597;7973;21265;20468;;8847;1394;1715
BE-O;1;m;1952 – 1961;55804;805;9990;11184;10700;2458;14272;3920;;2476;374;297
BE-O;1;m;1951 und früher;61167;1300;12426;15787;6376;1510;20798;1872;;1098;92;65
BE-O;1;w;Summe;426147;6643;59361;79964;32558;21648;98207;88912;;38853;3351;5034
BE-O;1;w;1997 – 2003;24670;638;1348;2557;1036;2035;6003;7505;;3549;144;235
BE-O;1;w;1987 – 1996;65419;304;4866;7998;3014;3956;11898;25144;;8240;145;892
BE-O;1;w;1977 – 1986;82078;541;9897;11932;6358;4914;13857;25783;;8796;601;1292
BE-O;1;w;1962 – 1976;107011;985;13538;20479;11243;5942;21018;22846;;10959;1047;1937
BE-O;1;w;1952 – 1961;61247;974;11697;13549;5471;2434;18969;4389;;3766;873;533
BE-O;1;w;1951 und früher;85721;3201;18016;23449;5436;2368;26463;3246;;3542;540;145
BE-O;2;Summe;Summe;821070;12057;92720;175376;88192;60071;137191;175651;;79812;8573;
BE-O;2;Summe;1997 – 2003;48744;740;1926;5901;2799;4804;9310;15588;;7677;535;
BE-O;2;Summe;1987 – 1996;123146;878;7685;16086;6228;11429;18472;44264;;18104;1091;
BE-O;2;Summe;1977 – 1986;162812;1687;15745;24329;16485;13938;19719;52104;;18805;2468;
BE-O;2;Summe;1962 – 1976;222429;2007;25375;45090;33571;17363;29621;48019;;21384;2768;
BE-O;2;Summe;1952 – 1961;117051;1918;17306;32971;17203;6933;24361;9474;;6886;1118;
BE-O;2;Summe;1951 und früher;146888;4828;24683;50998;11906;5605;35708;6203;;6957;592;
BE-O;2;m;Summe;394924;4996;45006;79561;54708;33406;63540;77598;;36109;4121;
BE-O;2;m;1997 – 2003;24074;102;948;2807;1574;3316;4428;7351;;3547;179;
BE-O;2;m;1987 – 1996;57727;337;3978;7651;3392;6569;9298;17319;;9184;601;
BE-O;2;m;1977 – 1986;80734;698;7643;12134;9521;8245;9551;23477;;9466;1628;
BE-O;2;m;1962 – 1976;115418;1250;14082;21303;21916;10036;14751;22648;;9433;1319;
BE-O;2;m;1952 – 1961;55804;913;8269;14717;11457;3264;10284;4459;;2438;237;
BE-O;2;m;1951 und früher;61167;1697;10085;20949;6848;1975;15228;2344;;2042;156;
BE-O;2;w;Summe;426147;7061;47714;95815;33483;26664;73651;98053;;43703;4452;
BE-O;2;w;1997 – 2003;24670;638;978;3094;1224;1488;4882;8237;;4130;356;
BE-O;2;w;1987 – 1996;65419;542;3707;8436;2835;4860;9174;26945;;8921;490;
BE-O;2;w;1977 – 1986;82078;989;8102;12195;6965;5692;10168;28627;;9339;840;
BE-O;2;w;1962 – 1976;107011;757;11293;23787;11655;7327;14870;25371;;11951;1449;
BE-O;2;w;1952 – 1961;61247;1005;9037;18254;5746;3668;14077;5014;;4447;880;
BE-O;2;w;1951 und früher;85721;3131;14598;30050;5058;3630;20480;3859;;4915;436;
BE-W;1;Summe;Summe;1035833;20492;230174;270423;62478;81298;72937;222058;;75972;7644;11171
BE-W;1;Summe;1997 – 2003;86705;828;8413;17011;2122;10998;11493;26755;;9085;469;1218
BE-W;1;Summe;1987 – 1996;158546;1647;15238;30655;5750;15780;20619;51263;;17595;1156;1394
BE-W;1;Summe;1977 – 1986;159624;1766;26546;36589;9874;12252;12856;44531;;15210;892;2524
BE-W;1;Summe;1962 – 1976;257230;4073;57932;62274;21196;21088;14382;56790;;19496;2234;3419
BE-W;1;Summe;1952 – 1961;149481;3474;38277;45759;12718;9925;7570;24340;;7418;1597;1531
BE-W;1;Summe;1951 und früher;224248;8704;83769;78135;10817;11256;6017;18381;;7168;1297;1084
BE-W;1;m;Summe;488398;8879;110607;124956;37908;43494;34684;95709;;32160;3374;4514
BE-W;1;m;1997 – 2003;41124;505;4472;8717;1058;6400;4907;10674;;4389;294;668
BE-W;1;m;1987 – 1996;77669;1020;7428;16322;3823;9631;9234;21631;;8580;620;718
BE-W;1;m;1977 – 1986;83015;1099;13625;18045;6443;7347;7461;22236;;6760;479;947
BE-W;1;m;1962 – 1976;119675;1909;29395;28409;12348;10769;6342;22738;;7765;878;1272
BE-W;1;m;1952 – 1961;70768;1416;18148;21406;7743;5189;3700;10543;;2625;690;608
BE-W;1;m;1951 und früher;96147;2931;37538;32057;6493;4159;3041;7887;;2041;413;301
BE-W;1;w;Summe;547435;11613;119568;145467;24570;37803;38253;126349;;43812;4271;6656
BE-W;1;w;1997 – 2003;45581;323;3941;8294;1064;4598;6586;16080;;4696;175;550
BE-W;1;w;1987 – 1996;80877;627;7809;14333;1927;6149;11386;29631;;9015;536;676
BE-W;1;w;1977 – 1986;76609;668;12921;18544;3431;4905;5395;22295;;8450;413;1577
BE-W;1;w;1962 – 1976;137555;2165;28536;33865;8849;10318;8041;34051;;11731;1356;2147
BE-W;1;w;1952 – 1961;78712;2058;20129;24353;4976;4736;3870;13798;;4794;907;923
BE-W;1;w;1951 und früher;128101;5773;46231;46078;4324;7097;2976;10494;;5128;884;783
BE-W;2;Summe;Summe;1035833;18265;196971;252913;65502;105866;71861;232882;;91573;8497;
BE-W;2;Summe;1997 – 2003;86705;502;5996;12877;2338;12488;10634;27498;;14372;575;
BE-W;2;Summe;1987 – 1996;158546;1560;11733;24845;5955;17215;19219;54355;;23662;1345;
BE-W;2;Summe;1977 – 1986;159624;1885;21968;31591;9969;16007;12620;47680;;17904;2007;
BE-W;2;Summe;1962 – 1976;257230;3357;47933;60880;21787;30279;14318;58633;;20043;2414;
BE-W;2;Summe;1952 – 1961;149481;2602;34158;46464;13398;12827;8269;24136;;7626;1195;
BE-W;2;Summe;1951 und früher;224248;8359;75183;76255;12055;17050;6801;20579;;7965;961;
BE-W;2;m;Summe;488398;8308;91669;116069;38138;58658;35166;101062;;39327;4473;
BE-W;2;m;1997 – 2003;41124;304;2967;6677;1151;7863;4666;11246;;6249;380;
BE-W;2;m;1987 – 1996;77669;902;5794;13100;3833;10451;8740;23318;;11531;827;
BE-W;2;m;1977 – 1986;83015;1225;10989;15314;5989;10106;7390;23292;;8710;1238;
BE-W;2;m;1962 – 1976;119675;1432;23922;27710;12071;16180;6746;23767;;7848;1046;
BE-W;2;m;1952 – 1961;70768;1408;15746;21682;8333;6514;4344;10142;;2600;595;
BE-W;2;m;1951 und früher;96147;3036;32251;31587;6762;7545;3280;9297;;2389;387;
BE-W;2;w;Summe;547435;9957;105302;136843;27364;47208;36694;131820;;52246;4024;
BE-W;2;w;1997 – 2003;45581;197;3029;6200;1186;4626;5968;16252;;8122;195;
BE-W;2;w;1987 – 1996;80877;659;5939;11746;2123;6764;10478;31037;;12131;518;
BE-W;2;w;1977 – 1986;76609;660;10978;16277;3980;5901;5230;24388;;9194;769;
BE-W;2;w;1962 – 1976;137555;1924;24011;33170;9716;14099;7572;34867;;12195;1368;
BE-W;2;w;1952 – 1961;78712;1194;18413;24783;5065;6313;3925;13994;;5027;600;
BE-W;2;w;1951 und früher;128101;5323;42932;44668;5293;9505;3521;11282;;5577;574;
BB;1;Summe;Summe;1549464;21706;283668;437753;279978;121094;142628;120005;;142632;49309;26594
BB;1;Summe;1997 – 2003;89016;841;10233;15850;11472;14574;8862;14729;;12455;1943;1609
BB;1;Summe;1987 – 1996;145373;1691;17786;24695;32813;16358;10745;19463;;21822;4902;4238
BB;1;Summe;1977 – 1986;238372;2483;40947;46197;58252;21191;16892;23415;;28995;9772;5414
BB;1;Summe;1962 – 1976;420014;4266;80555;98451;93914;35109;32861;32704;;42154;14732;9910
BB;1;Summe;1952 – 1961;316325;4440;62236;104634;51218;20577;32207;17185;;23829;11504;3651
BB;1;Summe;1951 und früher;340364;7984;71910;147927;32310;13285;41063;12508;;13377;6456;1773
BB;1;m;Summe;752417;9359;133449;194544;168056;60329;69118;54582;;62977;23045;10418
BB;1;m;1997 – 2003;44977;290;5257;7845;6524;8309;4253;6333;;6167;980;429
BB;1;m;1987 – 1996;72569;677;8144;11080;19192;9084;5146;8762;;10484;2345;1924
BB;1;m;1977 – 1986;117928;1388;18942;21338;33695;10809;8106;10543;;13107;4597;2170
BB;1;m;1962 – 1976;208498;1670;40793;43395;58668;16733;14934;15191;;17113;6682;3796
BB;1;m;1952 – 1961;153845;2091;30602;46877;30901;9536;15872;7664;;10300;5193;1568
BB;1;m;1951 und früher;154600;3243;29711;64009;19076;5859;20807;6090;;5806;3248;531
BB;1;w;Summe;797047;12347;150219;243209;111922;60765;73510;65423;;79655;26265;16176
BB;1;w;1997 – 2003;44040;551;4977;8005;4948;6265;4609;8397;;6289;963;1180
BB;1;w;1987 – 1996;72803;1014;9642;13615;13620;7274;5599;10702;;11338;2558;2314
BB;1;w;1977 – 1986;120443;1095;22006;24859;24557;10381;8786;12872;;15888;5175;3244
BB;1;w;1962 – 1976;211516;2596;39762;55056;35246;18377;17926;17513;;25041;8050;6114
BB;1;w;1952 – 1961;162480;2349;31634;57757;20316;11041;16334;9521;;13529;6311;2083
BB;1;w;1951 und früher;185764;4742;42199;83918;13235;7427;20256;6418;;7570;3208;1242
BB;2;Summe;Summe;1549464;19821;233891;450573;277412;142426;129762;137472;;158107;40509;23062
BB;2;Summe;1997 – 2003;89016;760;7128;12404;11077;16363;8438;16828;;16018;1737;1322
BB;2;Summe;1987 – 1996;145373;1793;12336;22453;31023;17964;9780;21136;;28887;4575;3705
BB;2;Summe;1977 – 1986;238372;2266;29748;45827;57665;26675;13857;29217;;33118;7854;5397
BB;2;Summe;1962 – 1976;420014;3938;67404;101136;95284;41793;30157;37884;;42419;11762;8219
BB;2;Summe;1952 – 1961;316325;4221;53763;110996;50124;24712;30270;18816;;23423;9077;2790
BB;2;Summe;1951 und früher;340364;6843;63512;157756;32240;14919;37261;13592;;14241;5505;1629
BB;2;m;Summe;752417;8478;113143;196798;167935;73001;64291;64010;;64761;18425;8423
BB;2;m;1997 – 2003;44977;386;3395;6060;6456;9842;3923;7608;;7307;912;421
BB;2;m;1987 – 1996;72569;663;5868;10076;18322;10572;5030;9199;;12839;2307;1623
BB;2;m;1977 – 1986;117928;1102;14724;20314;33919;13427;6782;13676;;13983;3811;1904
BB;2;m;1962 – 1976;208498;1596;34193;44353;59935;20769;14194;17461;;15997;5044;2911
BB;2;m;1952 – 1961;153845;1875;27225;49186;30408;11439;14941;9309;;9463;3897;1048
BB;2;m;1951 und früher;154600;2856;27738;66809;18895;6952;19421;6757;;5172;2454;516
BB;2;w;Summe;797047;11343;120748;253775;109477;69425;65471;73462;;93346;22084;14639
BB;2;w;1997 – 2003;44040;374;3733;6344;4621;6521;4515;9220;;8711;825;901
BB;2;w;1987 – 1996;72803;1130;6468;12377;12701;7392;4750;11937;;16048;2267;2083
BB;2;w;1977 – 1986;120443;1163;15024;25514;23746;13247;7075;15540;;19135;4043;3493
BB;2;w;1962 – 1976;211516;2342;33211;56782;35349;21024;15962;20423;;26422;6718;5308
BB;2;w;1952 – 1961;162480;2347;26537;61811;19715;13273;15329;9507;;13960;5180;1742
BB;2;w;1951 und früher;185764;3987;35774;90947;13345;7967;17840;6835;;9069;3051;1113
MV;1;Summe;Summe;935040;16954;180669;261408;169977;66328;116033;62664;;61007;18482;15415
MV;1;Summe;1997 – 2003;52054;876;5333;9670;7381;8386;6713;8421;;5273;888;775
MV;1;Summe;1987 – 1996;91911;878;11190;18804;19214;9142;9716;12708;;10259;2933;1878
MV;1;Summe;1977 – 1986;135270;2153;22223;28982;33481;11484;12468;11365;;13113;3235;3779
MV;1;Summe;1962 – 1976;241074;3212;48948;59602;52681;18829;25333;15007;;17463;5484;5342
MV;1;Summe;1952 – 1961;205305;4063;42930;64393;35696;11465;28336;8884;;9538;4057;2240
MV;1;Summe;1951 und früher;209426;5773;50044;79957;21523;7021;33466;6280;;5362;1884;1400
MV;1;m;Summe;451090;7219;84003;116380;104012;31932;55256;27076;;25212;8117;6323
MV;1;m;1997 – 2003;25867;482;2852;4567;4248;5032;3182;3358;;2146;382;303
MV;1;m;1987 – 1996;46032;507;5132;8631;11418;5066;4638;6113;;4528;1335;723
MV;1;m;1977 – 1986;67191;910;10956;12120;20301;5200;6401;5254;;6049;1505;1837
MV;1;m;1962 – 1976;120507;1608;25040;27169;33250;8574;11626;6092;;7147;2443;2058
MV;1;m;1952 – 1961;99080;1848;19833;29204;22052;5068;13478;3979;;3619;1777;926
MV;1;m;1951 und früher;92414;1864;20190;34690;12743;2993;15931;2280;;1723;676;477
MV;1;w;Summe;483950;9735;96666;145028;65965;34396;60777;35588;;35795;10365;9092
MV;1;w;1997 – 2003;26187;393;2481;5103;3134;3354;3531;5063;;3127;507;472
MV;1;w;1987 – 1996;45879;371;6058;10173;7796;4077;5078;6595;;5731;1599;1155
MV;1;w;1977 – 1986;68080;1242;11267;16863;13180;6284;6067;6111;;7064;1730;1943
MV;1;w;1962 – 1976;120567;1603;23908;32433;19432;10254;13707;8914;;10315;3042;3284
MV;1;w;1952 – 1961;106225;2215;23097;35189;13644;6398;14858;4905;;5919;2280;1314
MV;1;w;1951 und früher;117012;3909;29854;45267;8780;4028;17536;4000;;3639;1208;923
MV;2;Summe;Summe;935040;16181;160103;267368;165342;75555;101735;71956;;76800;13344;16336
MV;2;Summe;1997 – 2003;52054;730;3964;8222;6678;9460;5163;9504;;8332;494;930
MV;2;Summe;1987 – 1996;91911;846;9206;16543;17759;10348;7372;15402;;14433;1999;2031
MV;2;Summe;1977 – 1986;135270;1746;19383;28069;31920;13137;10138;14236;;16641;2542;3876
MV;2;Summe;1962 – 1976;241074;2950;43417;60833;52129;21595;22757;16865;;20526;3860;5648
MV;2;Summe;1952 – 1961;205305;3793;38799;68308;35273;12764;26126;9459;;10783;3001;2571
MV;2;Summe;1951 und früher;209426;6116;45332;85393;21583;8250;30178;6490;;6085;1448;1280
MV;2;m;Summe;451090;6737;75248;116918;100798;38114;48271;31899;;33105;5889;6411
MV;2;m;1997 – 2003;25867;437;1985;3621;3888;5925;2319;3672;;4021;329;311
MV;2;m;1987 – 1996;46032;429;4311;7379;10594;5883;3689;7274;;6474;894;759
MV;2;m;1977 – 1986;67191;781;9811;11984;19378;6153;4892;6323;;7869;1097;1713
MV;2;m;1962 – 1976;120507;1411;22113;27112;32691;11050;10542;7464;;8123;1579;2140
MV;2;m;1952 – 1961;99080;1718;18279;30320;21262;5658;12622;4679;;4542;1408;1031
MV;2;m;1951 und früher;92414;1961;18748;36502;12986;3445;14208;2487;;2077;581;456
MV;2;w;Summe;483950;9444;84855;150450;64544;37441;53464;40057;;43695;7455;9925
MV;2;w;1997 – 2003;26187;293;1979;4601;2790;3535;2845;5833;;4311;165;619
MV;2;w;1987 – 1996;45879;417;4895;9164;7165;4465;3683;8128;;7959;1105;1272
MV;2;w;1977 – 1986;68080;965;9572;16085;12542;6984;5247;7913;;8772;1444;2163
MV;2;w;1962 – 1976;120567;1539;21304;33721;19438;10545;12215;9401;;12403;2281;3507
MV;2;w;1952 – 1961;106225;2075;20520;37988;14011;7106;13504;4780;;6241;1593;1541
MV;2;w;1951 und früher;117012;4155;26584;48891;8597;4805;15970;4003;;4008;867;823
SN;1;Summe;Summe;2488954;29375;546282;410769;632881;220062;282800;171384;;195401;66844;45040
SN;1;Summe;1997 – 2003;154102;1498;18706;16400;26233;24548;25983;23867;;16866;3581;2498
SN;1;Summe;1987 – 1996;276070;2814;31392;31028;65357;30353;45876;37935;;31316;8639;6641
SN;1;Summe;1977 – 1986;376483;3195;65305;42986;112944;37838;34312;37681;;42223;13542;10228
SN;1;Summe;1962 – 1976;618843;5593;133448;77943;193259;61509;53492;37964;;55634;19901;15422
SN;1;Summe;1952 – 1961;478020;6943;117303;89746;134263;33572;48951;17672;;29570;13026;6756
SN;1;Summe;1951 und früher;585436;9332;180128;152667;100825;32241;74186;16265;;19792;8154;3496
SN;1;m;Summe;1208660;12293;246936;179488;370035;101945;134983;76077;;86904;28360;18486
SN;1;m;1997 – 2003;79775;569;9724;8146;15366;14805;11772;10492;;8901;1412;1203
SN;1;m;1987 – 1996;138022;1387;15974;15095;35862;16093;23441;15741;;14429;4022;2707
SN;1;m;1977 – 1986;192569;1337;29519;20477;68942;17798;17349;16424;;20724;5916;4446
SN;1;m;1962 – 1976;312133;2244;66003;33265;116851;26545;25114;18176;;23937;8498;6319
SN;1;m;1952 – 1961;226259;2926;53873;37631;76077;13676;22521;7834;;11720;5368;2579
SN;1;m;1951 und früher;259901;3831;71843;64874;56937;13028;34786;7410;;7193;3144;1232
SN;1;w;Summe;1280294;17082;299346;231281;262846;118117;147817;95307;;108497;38483;26554
SN;1;w;1997 – 2003;74327;929;8983;8253;10867;9743;14211;13375;;7965;2169;1294
SN;1;w;1987 – 1996;138048;1427;15418;15933;29495;14260;22436;22193;;16887;4617;3934
SN;1;w;1977 – 1986;183914;1858;35786;22509;44001;20041;16963;21257;;21500;7626;5782
SN;1;w;1962 – 1976;306710;3349;67445;44679;76408;34964;28378;19789;;31697;11403;9103
SN;1;w;1952 – 1961;251761;4017;63430;52115;58186;19896;26430;9838;;17849;7658;4177
SN;1;w;1951 und früher;325534;5501;108285;87793;43888;19213;39399;8855;;12599;5010;2264
SN;2;Summe;Summe;2488954;26057;422879;474804;607044;271166;230012;212320;;244672;56654;38090
SN;2;Summe;1997 – 2003;154102;1124;9700;15257;23343;29787;18604;30278;;26009;2924;1648
SN;2;Summe;1987 – 1996;276070;2182;18595;32743;60328;35746;32615;50066;;43795;7923;5427
SN;2;Summe;1977 – 1986;376483;2655;44982;49482;107700;45128;26686;48541;;51310;10227;8623
SN;2;Summe;1962 – 1976;618843;4564;100104;94312;190074;76592;43803;45657;;63737;16884;13435
SN;2;Summe;1952 – 1961;478020;6315;96056;105782;128871;43855;42930;19281;;34929;11079;6306
SN;2;Summe;1951 und früher;585436;9217;153442;177228;96729;40058;65374;18497;;24892;7618;2651
SN;2;m;Summe;1208660;10445;191181;209779;355616;133009;108686;98291;;101654;24231;15685
SN;2;m;1997 – 2003;79775;382;4990;7775;13781;18826;8151;13438;;12430;1425;944
SN;2;m;1987 – 1996;138022;1206;8497;16079;33350;20068;16595;22454;;19774;3885;1977
SN;2;m;1977 – 1986;192569;1112;20902;22564;65950;22321;13519;22456;;23745;4461;3772
SN;2;m;1962 – 1976;312133;1851;49949;40812;115024;36763;20577;22128;;25029;7021;5682
SN;2;m;1952 – 1961;226259;2707;45176;44575;73075;19150;19619;9422;;12534;4617;2367
SN;2;m;1951 und früher;259901;3187;61666;77972;54435;15880;30225;8393;;8142;2823;943
SN;2;w;Summe;1280294;15612;231698;265025;251428;138157;121326;114029;;143018;32423;22405
SN;2;w;1997 – 2003;74327;742;4709;7482;9561;10960;10453;16840;;13580;1499;704
SN;2;w;1987 – 1996;138048;976;10098;16664;26977;15678;16021;27612;;24021;4038;3450
SN;2;w;1977 – 1986;183914;1543;24080;26918;41750;22807;13167;26085;;27564;5766;4851
SN;2;w;1962 – 1976;306710;2712;50155;53499;75051;39829;23226;23529;;38708;9863;7753
SN;2;w;1952 – 1961;251761;3608;50880;61206;55796;24705;23311;9859;;22395;6462;3938
SN;2;w;1951 und früher;325534;6029;91776;99256;42293;24178;35149;10103;;16749;4796;1708
ST;1;Summe;Summe;1214761;14583;299363;293197;242065;96084;127576;64326;;77567;33554;23083
ST;1;Summe;1997 – 2003;68298;595;8431;12002;10104;11703;8671;10427;;6366;2422;1466
ST;1;Summe;1987 – 1996;118623;1369;18512;19049;27529;12287;12684;14120;;13074;5104;3150
ST;1;Summe;1977 – 1986;162673;1899;35312;27249;45359;15438;11500;10415;;15502;6204;5157
ST;1;Summe;1962 – 1976;309365;3280;78010;59566;79103;27004;27521;13587;;21295;9589;7683
ST;1;Summe;1952 – 1961;247608;2585;66723;65146;47502;16501;29782;7812;;11555;5602;3319
ST;1;Summe;1951 und früher;308193;4855;92375;110184;32468;13152;37417;7965;;9776;4633;2308
ST;1;m;Summe;585870;6480;134128;130833;147114;45632;60048;29146;;32488;14428;9176
ST;1;m;1997 – 2003;34461;329;4419;5722;6089;7247;3412;4255;;2989;1152;574
ST;1;m;1987 – 1996;60492;582;8923;9156;15897;6869;6343;6503;;6218;2180;1416
ST;1;m;1977 – 1986;83808;888;17014;12516;27966;7686;5705;5260;;6773;2812;2136
ST;1;m;1962 – 1976;156216;1609;38544;27506;49311;11704;12439;5845;;9259;4439;3204
ST;1;m;1952 – 1961;117777;995;29260;29017;29010;7237;14082;3993;;4184;2273;1145
ST;1;m;1951 und früher;133116;2078;35969;46917;18841;4888;18068;3290;;3065;1571;701
ST;1;w;Summe;628891;8103;165235;162364;94951;50452;67528;35180;;45079;19126;13908
ST;1;w;1997 – 2003;33837;266;4012;6281;4015;4456;5258;6172;;3377;1270;892
ST;1;w;1987 – 1996;58132;787;9589;9893;11632;5417;6342;7617;;6855;2924;1734
ST;1;w;1977 – 1986;78865;1011;18298;14733;17393;7751;5795;5154;;8729;3392;3021
ST;1;w;1962 – 1976;153149;1671;39466;32060;29792;15300;15083;7742;;12035;5150;4479
ST;1;w;1952 – 1961;129831;1591;37463;36129;18492;9264;15701;3820;;7371;3329;2174
ST;1;w;1951 und früher;175077;2777;56407;63267;13627;8263;19349;4675;;6711;3062;1607
ST;2;Summe;Summe;1214761;12821;252286;305085;235492;114024;115330;78701;;101022;22509;19213
ST;2;Summe;1997 – 2003;68298;611;5677;9253;9562;12138;7082;12692;;11283;1831;928
ST;2;Summe;1987 – 1996;118623;1345;12854;16365;26521;14076;10653;18491;;18320;3370;2189
ST;2;Summe;1977 – 1986;162673;1653;26789;26482;44916;18671;10081;13471;;20610;4410;4692
ST;2;Summe;1962 – 1976;309365;2561;66338;63869;76980;32032;24411;16999;;26175;6410;6373
ST;2;Summe;1952 – 1961;247608;2241;58338;71159;44775;20178;28228;8614;;14076;3515;3497
ST;2;Summe;1951 und früher;308193;4411;82290;117957;32738;16928;34875;8435;;10558;2974;1534
ST;2;m;Summe;585870;5301;112106;136000;143120;56425;55768;36559;;40591;9947;6858
ST;2;m;1997 – 2003;34461;308;2765;4346;5833;7782;3044;5175;;5208;924;257
ST;2;m;1987 – 1996;60492;576;6330;7463;15490;8117;5823;8499;;8194;1533;877
ST;2;m;1977 – 1986;83808;721;12735;11742;27748;9644;5391;6957;;8871;2081;1876
ST;2;m;1962 – 1976;156216;1160;33018;28746;48053;15206;11471;8163;;10399;2949;2359
ST;2;m;1952 – 1961;117777;898;25879;31908;27006;9253;13302;4389;;5143;1460;1111
ST;2;m;1951 und früher;133116;1639;31378;51796;18990;6423;16737;3376;;2776;1000;379
ST;2;w;Summe;628891;7520;140180;169085;92372;57599;59562;42142;;60431;12562;12355
ST;2;w;1997 – 2003;33837;303;2911;4907;3729;4356;4038;7517;;6076;906;671
ST;2;w;1987 – 1996;58132;769;6524;8902;11031;5958;4830;9992;;10126;1837;1312
ST;2;w;1977 – 1986;78865;932;14054;14740;17168;9028;4691;6514;;11738;2329;2816
ST;2;w;1962 – 1976;153149;1401;33320;35123;28927;16826;12940;8836;;15776;3461;4014
ST;2;w;1952 – 1961;129831;1343;32459;39251;17768;10926;14926;4225;;8933;2055;2386
ST;2;w;1951 und früher;175077;2772;50912;66161;13748;10505;18138;5059;;7782;1974;1155
TH;1;Summe;Summe;1279720;16639;264026;299024;298971;89008;155618;68185;;88249;29631;19846
TH;1;Summe;1997 – 2003;75343;945;7999;11622;13181;11895;9895;11299;;8509;1601;1136
TH;1;Summe;1987 – 1996;121284;1519;15653;18805;32657;11789;14979;13015;;12867;3340;2547
TH;1;Summe;1977 – 1986;191449;2542;34521;31205;58538;16802;17099;12097;;18646;5688;4645
TH;1;Summe;1962 – 1976;331481;3353;66804;63145;97749;24227;35065;16070;;25067;9288;6474
TH;1;Summe;1952 – 1961;269076;2999;60110;72276;60140;13469;36162;9256;;14663;5968;3443
TH;1;Summe;1951 und früher;291088;5280;78939;101971;36706;10826;42419;6448;;8499;3746;1601
TH;1;m;Summe;623204;6838;122250;134729;176187;41755;72606;29943;;38896;13020;7548
TH;1;m;1997 – 2003;37245;414;4133;5376;7890;6949;4224;4240;;4017;789;456
TH;1;m;1987 – 1996;60233;506;7366;8930;18161;6251;7045;5622;;6353;1642;1021
TH;1;m;1977 – 1986;98802;1120;17954;14675;34701;7995;7907;5768;;8683;2475;1814
TH;1;m;1962 – 1976;166457;1526;33165;27541;59221;10565;16175;7161;;11103;4323;2580
TH;1;m;1952 – 1961;130586;1346;27708;32973;35719;6003;16864;4305;;5669;2505;1228
TH;1;m;1951 und früher;129880;1925;31924;45234;20495;3992;20392;2848;;3069;1287;449
TH;1;w;Summe;656516;9801;141776;164295;122784;47253;83012;38242;;49353;16611;12299
TH;1;w;1997 – 2003;38098;531;3865;6245;5290;4946;5671;7059;;4491;812;680
TH;1;w;1987 – 1996;61050;1013;8288;9875;14497;5537;7933;7394;;6513;1698;1527
TH;1;w;1977 – 1986;92647;1422;16567;16530;23837;8807;9192;6330;;9963;3214;2832
TH;1;w;1962 – 1976;165023;1828;33638;35604;38528;13662;18890;8909;;13964;4965;3894
TH;1;w;1952 – 1961;138490;1653;32402;39304;24421;7467;19298;4951;;8993;3463;2215
TH;1;w;1951 und früher;161208;3355;47015;56736;16211;6834;22027;3600;;5429;2459;1152
TH;2;Summe;Summe;1279720;14809;213414;296446;303233;114283;144693;83220;;109622;27151;20189
TH;2;Summe;1997 – 2003;75343;774;4775;9465;13265;13390;8234;12789;;12652;1203;1082
TH;2;Summe;1987 – 1996;121284;1291;10244;15960;32240;14940;11956;16422;;18230;3212;2541
TH;2;Summe;1977 – 1986;191449;2179;24681;28555;59915;22360;14583;16178;;22999;4919;5040
TH;2;Summe;1962 – 1976;331481;2879;52589;63764;99708;31728;32611;18831;;29370;8539;6393
TH;2;Summe;1952 – 1961;269076;2451;51647;74148;60425;18129;34896;10919;;16461;5487;3844
TH;2;Summe;1951 und früher;291088;5236;69478;104553;37680;13736;42413;8081;;9910;3791;1289
TH;2;m;Summe;623204;5783;96594;132157;180150;55880;68647;38219;;45775;11792;7651
TH;2;m;1997 – 2003;37245;296;2561;4486;7809;7958;3623;4940;;5572;548;464
TH;2;m;1987 – 1996;60233;450;4382;7395;18395;8266;5968;7190;;8187;1432;981
TH;2;m;1977 – 1986;98802;960;12091;12729;35606;11450;7203;8151;;10613;2226;2050
TH;2;m;1962 – 1976;166457;1158;25446;28257;61097;14814;14838;8935;;11912;3735;2480
TH;2;m;1952 – 1961;130586;1017;23955;33191;35982;8292;16563;5292;;6294;2501;1310
TH;2;m;1951 und früher;129880;1901;28159;46098;21262;5100;20452;3711;;3196;1351;366
TH;2;w;Summe;656516;9026;116820;164289;123083;58403;76046;45001;;63847;15359;12538
TH;2;w;1997 – 2003;38098;478;2214;4979;5456;5432;4611;7848;;7080;656;618
TH;2;w;1987 – 1996;61050;841;5862;8564;13845;6674;5988;9233;;10043;1780;1560
TH;2;w;1977 – 1986;92647;1219;12591;15827;24309;10909;7380;8027;;12386;2694;2991
TH;2;w;1962 – 1976;165023;1721;27143;35507;38612;16914;17773;9896;;17458;4804;3914
TH;2;w;1952 – 1961;138490;1434;27692;40957;24443;9838;18333;5627;;10166;2986;2534
TH;2;w;1951 und früher;161208;3335;41319;58454;16418;8636;21961;4370;;6714;2440;923
